benchmark=kaluza,solver=ABC,TO=20.000000
path,sat,time
benchmark/laut/kaluza/404/sink.s3,1,0.323034
benchmark/laut/kaluza/1789/sink.s3,0,0.067229
benchmark/laut/kaluza/1144/sink.s3,0,0.116828
benchmark/laut/kaluza/1636/sink.s3,0,0.168592
benchmark/laut/kaluza/405/sink.s3,1,0.267604
benchmark/laut/kaluza/1800/sink.s3,1,0.269444
benchmark/laut/kaluza/1211/sink.s3,1,0.033608
benchmark/laut/kaluza/987/sink.s3,0,0.039114
benchmark/laut/kaluza/968/sink.s3,0,0.066807
benchmark/laut/kaluza/1484/sink.s3,0,0.066865
benchmark/laut/kaluza/1514/sink.s3,1,0.169228
benchmark/laut/kaluza/1799/sink.s3,1,0.071300
benchmark/laut/kaluza/1065/sink.s3,0,0.070309
benchmark/laut/kaluza/1382/sink.s3,1,0.167797
benchmark/laut/kaluza/1836/sink.s3,0,0.066294
benchmark/laut/kaluza/1508/sink.s3,1,0.267917
benchmark/laut/kaluza/1725/sink.s3,0,0.072795
benchmark/laut/kaluza/763/sink.s3,1,0.321387
benchmark/laut/kaluza/1745/sink.s3,1,0.035489
benchmark/laut/kaluza/1289/sink.s3,1,0.268252
benchmark/laut/kaluza/811/sink.s3,0,0.217099
benchmark/laut/kaluza/198/sink.s3,0,0.067664
benchmark/laut/kaluza/765/sink.s3,0,0.034734
benchmark/laut/kaluza/127/sink.s3,1,0.120474
benchmark/laut/kaluza/647/sink.s3,1,0.319885
benchmark/laut/kaluza/1241/sink.s3,1,0.120094
benchmark/laut/kaluza/1969/sink.s3,0,0.034775
benchmark/laut/kaluza/1460/sink.s3,0,0.222771
benchmark/laut/kaluza/92/sink.s3,1,0.119191
benchmark/laut/kaluza/1180/sink.s3,0,0.166815
benchmark/laut/kaluza/1919/sink.s3,1,0.319620
benchmark/laut/kaluza/135/sink.s3,0,0.069145
benchmark/laut/kaluza/1894/sink.s3,0,0.116759
benchmark/laut/kaluza/1613/sink.s3,1,0.032529
benchmark/laut/kaluza/1590/sink.s3,0,0.116127
benchmark/laut/kaluza/499/sink.s3,1,0.271872
benchmark/laut/kaluza/512/sink.s3,0,0.041600
benchmark/laut/kaluza/482/sink.s3,1,0.270108
benchmark/laut/kaluza/585/sink.s3,0,0.034156
benchmark/laut/kaluza/118/sink.s3,0,0.033387
benchmark/laut/kaluza/1958/sink.s3,0,0.168123
benchmark/laut/kaluza/1446/sink.s3,1,0.065769
benchmark/laut/kaluza/886/sink.s3,0,0.034422
benchmark/laut/kaluza/160/sink.s3,1,0.117979
benchmark/laut/kaluza/1883/sink.s3,0,0.218098
benchmark/laut/kaluza/1534/sink.s3,0,0.034747
benchmark/laut/kaluza/814/sink.s3,0,0.067882
benchmark/laut/kaluza/911/sink.s3,0,0.069139
benchmark/laut/kaluza/1205/sink.s3,0,0.033199
benchmark/laut/kaluza/388/sink.s3,1,0.077000
benchmark/laut/kaluza/564/sink.s3,1,0.117652
benchmark/laut/kaluza/1347/sink.s3,0,0.221942
benchmark/laut/kaluza/1389/sink.s3,1,0.319273
benchmark/laut/kaluza/1162/sink.s3,1,0.271721
benchmark/laut/kaluza/487/sink.s3,1,0.066472
benchmark/laut/kaluza/923/sink.s3,0,0.118441
benchmark/laut/kaluza/702/sink.s3,0,0.226699
benchmark/laut/kaluza/1351/sink.s3,0,0.065644
benchmark/laut/kaluza/1002/sink.s3,1,0.117069
benchmark/laut/kaluza/1564/sink.s3,0,0.066197
benchmark/laut/kaluza/108/sink.s3,0,0.032566
benchmark/laut/kaluza/381/sink.s3,1,0.272550
benchmark/laut/kaluza/1824/sink.s3,1,0.318602
benchmark/laut/kaluza/768/sink.s3,0,0.069772
benchmark/laut/kaluza/295/sink.s3,1,0.120010
benchmark/laut/kaluza/420/sink.s3,0,0.032999
benchmark/laut/kaluza/823/sink.s3,1,0.171776
benchmark/laut/kaluza/1752/sink.s3,1,0.123611
benchmark/laut/kaluza/945/sink.s3,1,0.173084
benchmark/laut/kaluza/64/sink.s3,1,0.171075
benchmark/laut/kaluza/544/sink.s3,1,0.118480
benchmark/laut/kaluza/80/sink.s3,1,0.168832
benchmark/laut/kaluza/966/sink.s3,1,0.017414
benchmark/laut/kaluza/1814/sink.s3,0,0.225352
benchmark/laut/kaluza/561/sink.s3,0,0.016952
benchmark/laut/kaluza/1602/sink.s3,0,0.175847
benchmark/laut/kaluza/1333/sink.s3,0,0.066964
benchmark/laut/kaluza/442/sink.s3,1,0.034593
benchmark/laut/kaluza/186/sink.s3,1,0.115625
benchmark/laut/kaluza/1848/sink.s3,0,0.017478
benchmark/laut/kaluza/284/sink.s3,1,0.116248
benchmark/laut/kaluza/53/sink.s3,1,0.118965
benchmark/laut/kaluza/1868/sink.s3,1,0.269646
benchmark/laut/kaluza/876/sink.s3,1,0.068031
benchmark/laut/kaluza/411/sink.s3,0,0.171944
benchmark/laut/kaluza/691/sink.s3,1,0.267372
benchmark/laut/kaluza/1724/sink.s3,1,0.117088
benchmark/laut/kaluza/759/sink.s3,1,0.118361
benchmark/laut/kaluza/1420/sink.s3,0,0.017401
benchmark/laut/kaluza/1765/sink.s3,0,0.017981
benchmark/laut/kaluza/1876/sink.s3,1,0.268406
benchmark/laut/kaluza/745/sink.s3,0,0.170174
benchmark/laut/kaluza/121/sink.s3,1,0.033687
benchmark/laut/kaluza/1835/sink.s3,0,0.068720
benchmark/laut/kaluza/1122/sink.s3,1,0.065547
benchmark/laut/kaluza/1200/sink.s3,0,0.032638
benchmark/laut/kaluza/1437/sink.s3,1,0.221645
benchmark/laut/kaluza/1334/sink.s3,0,0.119498
benchmark/laut/kaluza/1913/sink.s3,1,0.069868
benchmark/laut/kaluza/1174/sink.s3,0,0.032268
benchmark/laut/kaluza/205/sink.s3,0,0.033533
benchmark/laut/kaluza/149/sink.s3,1,0.118612
benchmark/laut/kaluza/318/sink.s3,1,0.073519
benchmark/laut/kaluza/1259/sink.s3,1,0.168246
benchmark/laut/kaluza/1291/sink.s3,1,0.266279
benchmark/laut/kaluza/1980/sink.s3,0,0.064856
benchmark/laut/kaluza/174/sink.s3,1,0.122431
benchmark/laut/kaluza/762/sink.s3,1,0.219961
benchmark/laut/kaluza/30/sink.s3,1,0.472868
benchmark/laut/kaluza/909/sink.s3,1,0.124015
benchmark/laut/kaluza/316/sink.s3,1,0.876381
benchmark/laut/kaluza/1077/sink.s3,0,0.065187
benchmark/laut/kaluza/1742/sink.s3,0,0.167804
benchmark/laut/kaluza/1156/sink.s3,0,0.069558
benchmark/laut/kaluza/1668/sink.s3,0,0.064713
benchmark/laut/kaluza/211/sink.s3,1,0.068709
benchmark/laut/kaluza/167/sink.s3,1,0.115260
benchmark/laut/kaluza/1689/sink.s3,0,0.068172
benchmark/laut/kaluza/851/sink.s3,0,0.068177
benchmark/laut/kaluza/1917/sink.s3,0,0.067120
benchmark/laut/kaluza/839/sink.s3,1,0.267973
benchmark/laut/kaluza/1471/sink.s3,1,0.165771
benchmark/laut/kaluza/620/sink.s3,1,0.069466
benchmark/laut/kaluza/1184/sink.s3,1,0.267215
benchmark/laut/kaluza/1245/sink.s3,1,0.269916
benchmark/laut/kaluza/873/sink.s3,1,0.034433
benchmark/laut/kaluza/467/sink.s3,0,0.069805
benchmark/laut/kaluza/1091/sink.s3,1,0.274958
benchmark/laut/kaluza/1701/sink.s3,1,0.273392
benchmark/laut/kaluza/489/sink.s3,1,0.271336
benchmark/laut/kaluza/276/sink.s3,1,0.068076
benchmark/laut/kaluza/1239/sink.s3,1,0.267378
benchmark/laut/kaluza/1834/sink.s3,0,0.169205
benchmark/laut/kaluza/605/sink.s3,0,0.116089
benchmark/laut/kaluza/510/sink.s3,1,0.268859
benchmark/laut/kaluza/1061/sink.s3,1,0.032865
benchmark/laut/kaluza/1082/sink.s3,0,0.034233
benchmark/laut/kaluza/1729/sink.s3,0,0.036253
benchmark/laut/kaluza/13/sink.s3,1,0.042257
benchmark/laut/kaluza/1518/sink.s3,0,0.067606
benchmark/laut/kaluza/1455/sink.s3,0,0.022709
benchmark/laut/kaluza/1686/sink.s3,0,0.037329
benchmark/laut/kaluza/1978/sink.s3,1,0.073925
benchmark/laut/kaluza/1699/sink.s3,0,0.034038
benchmark/laut/kaluza/1905/sink.s3,0,0.036976
benchmark/laut/kaluza/49/sink.s3,1,0.178071
benchmark/laut/kaluza/1513/sink.s3,1,0.065395
benchmark/laut/kaluza/1339/sink.s3,0,0.033052
benchmark/laut/kaluza/1243/sink.s3,1,0.034805
benchmark/laut/kaluza/770/sink.s3,1,0.033986
benchmark/laut/kaluza/1318/sink.s3,0,0.034880
benchmark/laut/kaluza/257/sink.s3,1,0.117802
benchmark/laut/kaluza/390/sink.s3,1,0.067633
benchmark/laut/kaluza/1426/sink.s3,1,0.167116
benchmark/laut/kaluza/1039/sink.s3,0,0.069707
benchmark/laut/kaluza/216/sink.s3,1,1.184549
benchmark/laut/kaluza/607/sink.s3,0,0.037548
benchmark/laut/kaluza/399/sink.s3,0,0.068909
benchmark/laut/kaluza/1127/sink.s3,0,0.064902
benchmark/laut/kaluza/1452/sink.s3,0,0.035789
benchmark/laut/kaluza/735/sink.s3,1,0.174171
benchmark/laut/kaluza/920/sink.s3,0,0.071949
benchmark/laut/kaluza/1261/sink.s3,0,0.066580
benchmark/laut/kaluza/348/sink.s3,1,0.032668
benchmark/laut/kaluza/492/sink.s3,1,0.167199
benchmark/laut/kaluza/670/sink.s3,0,0.022707
benchmark/laut/kaluza/1449/sink.s3,0,0.033766
benchmark/laut/kaluza/209/sink.s3,1,0.117539
benchmark/laut/kaluza/776/sink.s3,0,0.018282
benchmark/laut/kaluza/1067/sink.s3,0,0.035309
benchmark/laut/kaluza/797/sink.s3,0,0.035951
benchmark/laut/kaluza/1276/sink.s3,1,0.220684
benchmark/laut/kaluza/1369/sink.s3,1,0.165967
benchmark/laut/kaluza/1430/sink.s3,1,0.068562
benchmark/laut/kaluza/338/sink.s3,1,0.266998
benchmark/laut/kaluza/653/sink.s3,1,0.177345
benchmark/laut/kaluza/1577/sink.s3,0,0.066262
benchmark/laut/kaluza/344/sink.s3,1,0.270384
benchmark/laut/kaluza/1961/sink.s3,0,0.016844
benchmark/laut/kaluza/611/sink.s3,1,0.068819
benchmark/laut/kaluza/1586/sink.s3,1,0.266923
benchmark/laut/kaluza/184/sink.s3,1,0.067427
benchmark/laut/kaluza/1341/sink.s3,0,0.034399
benchmark/laut/kaluza/1808/sink.s3,0,0.033669
benchmark/laut/kaluza/994/sink.s3,0,0.018596
benchmark/laut/kaluza/406/sink.s3,0,0.065866
benchmark/laut/kaluza/880/sink.s3,0,0.016564
benchmark/laut/kaluza/551/sink.s3,0,0.076600
benchmark/laut/kaluza/1026/sink.s3,0,0.118527
benchmark/laut/kaluza/449/sink.s3,0,0.065486
benchmark/laut/kaluza/1060/sink.s3,0,0.033006
benchmark/laut/kaluza/1850/sink.s3,1,0.033854
benchmark/laut/kaluza/1817/sink.s3,0,0.034509
benchmark/laut/kaluza/884/sink.s3,0,0.066187
benchmark/laut/kaluza/42/sink.s3,1,0.120907
benchmark/laut/kaluza/67/sink.s3,1,0.119875
benchmark/laut/kaluza/1202/sink.s3,1,0.270171
benchmark/laut/kaluza/102/sink.s3,1,0.120153
benchmark/laut/kaluza/1918/sink.s3,0,0.033212
benchmark/laut/kaluza/1892/sink.s3,1,0.419837
benchmark/laut/kaluza/700/sink.s3,1,0.267420
benchmark/laut/kaluza/826/sink.s3,1,0.066288
benchmark/laut/kaluza/28/sink.s3,1,0.115619
benchmark/laut/kaluza/854/sink.s3,1,0.319650
benchmark/laut/kaluza/1950/sink.s3,0,0.019284
benchmark/laut/kaluza/925/sink.s3,1,0.269950
benchmark/laut/kaluza/326/sink.s3,0,0.037314
benchmark/laut/kaluza/1443/sink.s3,0,0.071320
benchmark/laut/kaluza/213/sink.s3,1,0.067624
benchmark/laut/kaluza/1314/sink.s3,0,0.217622
benchmark/laut/kaluza/705/sink.s3,1,0.273520
benchmark/laut/kaluza/455/sink.s3,0,0.223054
benchmark/laut/kaluza/491/sink.s3,0,0.034138
benchmark/laut/kaluza/685/sink.s3,1,0.370197
benchmark/laut/kaluza/1034/sink.s3,1,0.273722
benchmark/laut/kaluza/81/sink.s3,1,0.168721
benchmark/laut/kaluza/460/sink.s3,0,0.019998
benchmark/laut/kaluza/414/sink.s3,1,0.275029
benchmark/laut/kaluza/1609/sink.s3,0,0.034675
benchmark/laut/kaluza/147/sink.s3,1,0.218217
benchmark/laut/kaluza/1714/sink.s3,0,0.074874
benchmark/laut/kaluza/1248/sink.s3,0,0.018442
benchmark/laut/kaluza/1864/sink.s3,0,0.020155
benchmark/laut/kaluza/713/sink.s3,1,0.068938
benchmark/laut/kaluza/362/sink.s3,0,0.034165
benchmark/laut/kaluza/728/sink.s3,0,0.022306
benchmark/laut/kaluza/1684/sink.s3,1,0.066157
benchmark/laut/kaluza/1270/sink.s3,0,0.065581
benchmark/laut/kaluza/1770/sink.s3,t,0.0
benchmark/laut/kaluza/1700/sink.s3,1,0.267937
benchmark/laut/kaluza/1784/sink.s3,0,0.034262
benchmark/laut/kaluza/446/sink.s3,0,0.040236
benchmark/laut/kaluza/1965/sink.s3,1,0.871846
benchmark/laut/kaluza/822/sink.s3,1,0.217605
benchmark/laut/kaluza/1048/sink.s3,1,0.270348
benchmark/laut/kaluza/3/sink.s3,0,0.065805
benchmark/laut/kaluza/1168/sink.s3,0,0.216944
benchmark/laut/kaluza/515/sink.s3,0,0.329321
benchmark/laut/kaluza/1594/sink.s3,0,0.018431
benchmark/laut/kaluza/1188/sink.s3,0,0.118669
benchmark/laut/kaluza/1190/sink.s3,0,0.016239
benchmark/laut/kaluza/1056/sink.s3,1,0.116602
benchmark/laut/kaluza/1608/sink.s3,0,0.033122
benchmark/laut/kaluza/179/sink.s3,1,0.072736
benchmark/laut/kaluza/931/sink.s3,1,0.271389
benchmark/laut/kaluza/1189/sink.s3,0,0.037767
benchmark/laut/kaluza/1664/sink.s3,1,0.066010
benchmark/laut/kaluza/1923/sink.s3,1,0.070409
benchmark/laut/kaluza/1478/sink.s3,0,0.033703
benchmark/laut/kaluza/985/sink.s3,0,0.018007
benchmark/laut/kaluza/1694/sink.s3,0,0.018722
benchmark/laut/kaluza/628/sink.s3,1,0.217950
benchmark/laut/kaluza/375/sink.s3,1,0.066466
benchmark/laut/kaluza/407/sink.s3,0,0.033866
benchmark/laut/kaluza/16/sink.s3,1,0.065575
benchmark/laut/kaluza/1726/sink.s3,1,0.115264
benchmark/laut/kaluza/1556/sink.s3,0,0.064787
benchmark/laut/kaluza/1277/sink.s3,0,0.033070
benchmark/laut/kaluza/609/sink.s3,1,0.120499
benchmark/laut/kaluza/506/sink.s3,1,0.121246
benchmark/laut/kaluza/598/sink.s3,1,0.124566
benchmark/laut/kaluza/742/sink.s3,1,0.267388
benchmark/laut/kaluza/427/sink.s3,1,0.116619
benchmark/laut/kaluza/235/sink.s3,0,0.116052
benchmark/laut/kaluza/1663/sink.s3,1,0.117258
benchmark/laut/kaluza/756/sink.s3,1,0.220665
benchmark/laut/kaluza/238/sink.s3,1,0.035613
benchmark/laut/kaluza/833/sink.s3,1,0.067082
benchmark/laut/kaluza/1771/sink.s3,1,0.268337
benchmark/laut/kaluza/750/sink.s3,0,0.066155
benchmark/laut/kaluza/960/sink.s3,0,0.166560
benchmark/laut/kaluza/129/sink.s3,1,0.172789
benchmark/laut/kaluza/980/sink.s3,1,0.270481
benchmark/laut/kaluza/1559/sink.s3,0,0.069052
benchmark/laut/kaluza/1974/sink.s3,1,0.065950
benchmark/laut/kaluza/273/sink.s3,1,0.034549
benchmark/laut/kaluza/1054/sink.s3,0,0.174795
benchmark/laut/kaluza/278/sink.s3,1,0.067703
benchmark/laut/kaluza/549/sink.s3,0,0.065295
benchmark/laut/kaluza/1716/sink.s3,1,0.269767
benchmark/laut/kaluza/619/sink.s3,0,0.033539
benchmark/laut/kaluza/242/sink.s3,1,0.034940
benchmark/laut/kaluza/995/sink.s3,0,0.065485
benchmark/laut/kaluza/85/sink.s3,1,0.066249
benchmark/laut/kaluza/122/sink.s3,0,0.168752
benchmark/laut/kaluza/757/sink.s3,1,0.273427
benchmark/laut/kaluza/1667/sink.s3,0,0.877766
benchmark/laut/kaluza/1995/sink.s3,1,0.270383
benchmark/laut/kaluza/1810/sink.s3,1,0.116149
benchmark/laut/kaluza/1406/sink.s3,1,0.329100
benchmark/laut/kaluza/125/sink.s3,1,0.175307
benchmark/laut/kaluza/343/sink.s3,0,0.072123
benchmark/laut/kaluza/703/sink.s3,0,0.033239
benchmark/laut/kaluza/503/sink.s3,1,0.270248
benchmark/laut/kaluza/1973/sink.s3,0,0.066272
benchmark/laut/kaluza/1297/sink.s3,0,0.032720
benchmark/laut/kaluza/280/sink.s3,0,0.217539
benchmark/laut/kaluza/1307/sink.s3,0,0.066130
benchmark/laut/kaluza/1766/sink.s3,0,0.034031
benchmark/laut/kaluza/1315/sink.s3,0,0.074111
benchmark/laut/kaluza/590/sink.s3,1,0.270864
benchmark/laut/kaluza/526/sink.s3,0,0.165679
benchmark/laut/kaluza/1786/sink.s3,1,0.065261
benchmark/laut/kaluza/788/sink.s3,1,0.171038
benchmark/laut/kaluza/1782/sink.s3,0,0.173051
benchmark/laut/kaluza/708/sink.s3,1,0.117589
benchmark/laut/kaluza/674/sink.s3,1,0.067683
benchmark/laut/kaluza/887/sink.s3,0,0.017442
benchmark/laut/kaluza/220/sink.s3,1,0.066085
benchmark/laut/kaluza/1227/sink.s3,0,0.066302
benchmark/laut/kaluza/1163/sink.s3,0,0.070576
benchmark/laut/kaluza/733/sink.s3,0,0.039611
benchmark/laut/kaluza/1448/sink.s3,0,0.017623
benchmark/laut/kaluza/164/sink.s3,1,0.067506
benchmark/laut/kaluza/829/sink.s3,0,0.033089
benchmark/laut/kaluza/253/sink.s3,1,1.027271
benchmark/laut/kaluza/1040/sink.s3,0,0.165956
benchmark/laut/kaluza/112/sink.s3,1,0.032485
benchmark/laut/kaluza/963/sink.s3,1,0.119810
benchmark/laut/kaluza/600/sink.s3,0,0.034231
benchmark/laut/kaluza/1683/sink.s3,t,0.0
benchmark/laut/kaluza/939/sink.s3,1,0.276909
benchmark/laut/kaluza/1642/sink.s3,0,0.068641
benchmark/laut/kaluza/838/sink.s3,0,0.034032
benchmark/laut/kaluza/832/sink.s3,0,0.033774
benchmark/laut/kaluza/490/sink.s3,0,0.064749
benchmark/laut/kaluza/223/sink.s3,0,0.033626
benchmark/laut/kaluza/681/sink.s3,1,0.117302
benchmark/laut/kaluza/1935/sink.s3,1,0.168957
benchmark/laut/kaluza/415/sink.s3,1,0.167426
benchmark/laut/kaluza/477/sink.s3,1,0.172517
benchmark/laut/kaluza/764/sink.s3,1,0.128496
benchmark/laut/kaluza/1897/sink.s3,0,0.066284
benchmark/laut/kaluza/622/sink.s3,0,0.035493
benchmark/laut/kaluza/233/sink.s3,1,0.619726
benchmark/laut/kaluza/1018/sink.s3,1,0.065532
benchmark/laut/kaluza/418/sink.s3,1,0.016459
benchmark/laut/kaluza/1349/sink.s3,1,0.273694
benchmark/laut/kaluza/657/sink.s3,1,0.033596
benchmark/laut/kaluza/244/sink.s3,0,0.035409
benchmark/laut/kaluza/1972/sink.s3,0,0.273687
benchmark/laut/kaluza/1637/sink.s3,0,0.115825
benchmark/laut/kaluza/847/sink.s3,1,0.070181
benchmark/laut/kaluza/1234/sink.s3,1,0.067175
benchmark/laut/kaluza/60/sink.s3,1,0.034584
benchmark/laut/kaluza/1461/sink.s3,1,0.068216
benchmark/laut/kaluza/795/sink.s3,1,0.169618
benchmark/laut/kaluza/1690/sink.s3,1,0.274745
benchmark/laut/kaluza/1049/sink.s3,0,0.217744
benchmark/laut/kaluza/131/sink.s3,0,0.071323
benchmark/laut/kaluza/26/sink.s3,0,0.035400
benchmark/laut/kaluza/37/sink.s3,1,0.117011
benchmark/laut/kaluza/1121/sink.s3,0,0.066177
benchmark/laut/kaluza/1366/sink.s3,0,0.166925
benchmark/laut/kaluza/1986/sink.s3,1,0.168355
benchmark/laut/kaluza/271/sink.s3,1,0.167023
benchmark/laut/kaluza/1528/sink.s3,1,0.216583
benchmark/laut/kaluza/1516/sink.s3,1,0.118228
benchmark/laut/kaluza/777/sink.s3,0,0.066882
benchmark/laut/kaluza/267/sink.s3,1,0.066109
benchmark/laut/kaluza/1308/sink.s3,0,0.069187
benchmark/laut/kaluza/137/sink.s3,1,0.067066
benchmark/laut/kaluza/548/sink.s3,0,0.067148
benchmark/laut/kaluza/1408/sink.s3,0,0.065908
benchmark/laut/kaluza/1300/sink.s3,1,0.267776
benchmark/laut/kaluza/586/sink.s3,0,0.041581
benchmark/laut/kaluza/523/sink.s3,1,0.019561
benchmark/laut/kaluza/1232/sink.s3,0,0.033521
benchmark/laut/kaluza/1926/sink.s3,0,0.067409
benchmark/laut/kaluza/962/sink.s3,1,0.267481
benchmark/laut/kaluza/1859/sink.s3,1,0.319532
benchmark/laut/kaluza/974/sink.s3,0,0.040067
benchmark/laut/kaluza/1464/sink.s3,0,0.066335
benchmark/laut/kaluza/922/sink.s3,0,0.067860
benchmark/laut/kaluza/1167/sink.s3,1,0.318586
benchmark/laut/kaluza/1476/sink.s3,1,0.017263
benchmark/laut/kaluza/419/sink.s3,1,0.272265
benchmark/laut/kaluza/1643/sink.s3,0,0.066501
benchmark/laut/kaluza/1469/sink.s3,0,0.068251
benchmark/laut/kaluza/5/sink.s3,0,0.013052
benchmark/laut/kaluza/351/sink.s3,0,0.177416
benchmark/laut/kaluza/462/sink.s3,1,0.271542
benchmark/laut/kaluza/349/sink.s3,1,0.033521
benchmark/laut/kaluza/540/sink.s3,1,0.318429
benchmark/laut/kaluza/123/sink.s3,1,0.066643
benchmark/laut/kaluza/636/sink.s3,0,0.033792
benchmark/laut/kaluza/1557/sink.s3,0,0.065639
benchmark/laut/kaluza/4/sink.s3,1,0.165420
benchmark/laut/kaluza/744/sink.s3,0,0.067051
benchmark/laut/kaluza/132/sink.s3,1,0.120633
benchmark/laut/kaluza/914/sink.s3,0,0.124008
benchmark/laut/kaluza/380/sink.s3,1,0.018888
benchmark/laut/kaluza/1427/sink.s3,1,0.276641
benchmark/laut/kaluza/1057/sink.s3,0,0.122105
benchmark/laut/kaluza/1749/sink.s3,1,0.035984
benchmark/laut/kaluza/1353/sink.s3,0,0.067236
benchmark/laut/kaluza/866/sink.s3,0,0.067203
benchmark/laut/kaluza/669/sink.s3,0,0.016975
benchmark/laut/kaluza/1553/sink.s3,1,0.039291
benchmark/laut/kaluza/1279/sink.s3,0,0.066292
benchmark/laut/kaluza/1759/sink.s3,0,0.033504
benchmark/laut/kaluza/603/sink.s3,1,0.170926
benchmark/laut/kaluza/1728/sink.s3,0,0.143368
benchmark/laut/kaluza/354/sink.s3,1,0.016625
benchmark/laut/kaluza/1391/sink.s3,0,0.023112
benchmark/laut/kaluza/582/sink.s3,0,0.033658
benchmark/laut/kaluza/1272/sink.s3,1,0.072816
benchmark/laut/kaluza/1879/sink.s3,1,0.167775
benchmark/laut/kaluza/1186/sink.s3,0,0.033732
benchmark/laut/kaluza/448/sink.s3,1,0.276702
benchmark/laut/kaluza/722/sink.s3,1,0.217538
benchmark/laut/kaluza/794/sink.s3,0,0.016892
benchmark/laut/kaluza/881/sink.s3,1,0.048852
benchmark/laut/kaluza/941/sink.s3,1,0.276045
benchmark/laut/kaluza/86/sink.s3,1,0.921608
benchmark/laut/kaluza/24/sink.s3,0,0.020377
benchmark/laut/kaluza/630/sink.s3,0,0.037969
benchmark/laut/kaluza/583/sink.s3,0,0.065684
benchmark/laut/kaluza/1802/sink.s3,0,0.034624
benchmark/laut/kaluza/706/sink.s3,0,0.065874
benchmark/laut/kaluza/1670/sink.s3,1,0.219439
benchmark/laut/kaluza/1861/sink.s3,0,0.018086
benchmark/laut/kaluza/1767/sink.s3,1,0.223110
benchmark/laut/kaluza/1015/sink.s3,0,0.066400
benchmark/laut/kaluza/1063/sink.s3,0,0.173966
benchmark/laut/kaluza/1633/sink.s3,1,0.121083
benchmark/laut/kaluza/1548/sink.s3,0,0.067843
benchmark/laut/kaluza/859/sink.s3,1,0.217245
benchmark/laut/kaluza/856/sink.s3,1,0.271622
benchmark/laut/kaluza/495/sink.s3,0,0.066170
benchmark/laut/kaluza/206/sink.s3,1,0.167466
benchmark/laut/kaluza/1312/sink.s3,1,0.069154
benchmark/laut/kaluza/1772/sink.s3,0,0.067621
benchmark/laut/kaluza/1921/sink.s3,1,0.038074
benchmark/laut/kaluza/1209/sink.s3,1,0.073831
benchmark/laut/kaluza/912/sink.s3,0,0.066429
benchmark/laut/kaluza/956/sink.s3,0,0.066003
benchmark/laut/kaluza/1584/sink.s3,0,0.167336
benchmark/laut/kaluza/1846/sink.s3,0,0.065856
benchmark/laut/kaluza/1696/sink.s3,1,0.116835
benchmark/laut/kaluza/474/sink.s3,1,0.032655
benchmark/laut/kaluza/140/sink.s3,0,0.016599
benchmark/laut/kaluza/1490/sink.s3,1,0.121249
benchmark/laut/kaluza/1486/sink.s3,0,0.068036
benchmark/laut/kaluza/1682/sink.s3,0,0.065937
benchmark/laut/kaluza/1367/sink.s3,1,0.119155
benchmark/laut/kaluza/439/sink.s3,0,0.065712
benchmark/laut/kaluza/918/sink.s3,0,0.065650
benchmark/laut/kaluza/50/sink.s3,0,0.034268
benchmark/laut/kaluza/1198/sink.s3,0,0.033297
benchmark/laut/kaluza/519/sink.s3,0,0.036654
benchmark/laut/kaluza/758/sink.s3,1,0.420676
benchmark/laut/kaluza/90/sink.s3,1,0.070239
benchmark/laut/kaluza/312/sink.s3,0,0.065287
benchmark/laut/kaluza/1589/sink.s3,0,0.017662
benchmark/laut/kaluza/1785/sink.s3,0,0.069079
benchmark/laut/kaluza/1998/sink.s3,0,0.034547
benchmark/laut/kaluza/1396/sink.s3,1,0.219819
benchmark/laut/kaluza/1703/sink.s3,1,0.067427
benchmark/laut/kaluza/1522/sink.s3,0,0.066453
benchmark/laut/kaluza/970/sink.s3,0,0.017050
benchmark/laut/kaluza/1375/sink.s3,1,0.290524
benchmark/laut/kaluza/1176/sink.s3,0,0.017287
benchmark/laut/kaluza/1064/sink.s3,1,0.478790
benchmark/laut/kaluza/171/sink.s3,1,0.173490
benchmark/laut/kaluza/1763/sink.s3,0,0.115505
benchmark/laut/kaluza/1083/sink.s3,0,0.065649
benchmark/laut/kaluza/1797/sink.s3,0,0.016969
benchmark/laut/kaluza/1078/sink.s3,1,0.032650
benchmark/laut/kaluza/1266/sink.s3,0,0.033240
benchmark/laut/kaluza/1790/sink.s3,1,0.270391
benchmark/laut/kaluza/488/sink.s3,0,0.067795
benchmark/laut/kaluza/363/sink.s3,1,0.035980
benchmark/laut/kaluza/1839/sink.s3,0,0.035891
benchmark/laut/kaluza/1565/sink.s3,0,0.068101
benchmark/laut/kaluza/8/sink.s3,1,0.068679
benchmark/laut/kaluza/1941/sink.s3,0,0.065107
benchmark/laut/kaluza/373/sink.s3,1,0.033053
benchmark/laut/kaluza/1970/sink.s3,0,0.168619
benchmark/laut/kaluza/1208/sink.s3,1,0.267452
benchmark/laut/kaluza/1487/sink.s3,0,0.034374
benchmark/laut/kaluza/94/sink.s3,1,0.033875
benchmark/laut/kaluza/935/sink.s3,0,0.221931
benchmark/laut/kaluza/1193/sink.s3,0,0.118106
benchmark/laut/kaluza/58/sink.s3,0,0.064655
benchmark/laut/kaluza/1764/sink.s3,0,0.017069
benchmark/laut/kaluza/1811/sink.s3,0,0.020127
benchmark/laut/kaluza/1354/sink.s3,0,0.039237
benchmark/laut/kaluza/1519/sink.s3,0,0.120354
benchmark/laut/kaluza/369/sink.s3,1,0.021449
benchmark/laut/kaluza/1592/sink.s3,0,0.038631
benchmark/laut/kaluza/119/sink.s3,0,0.035409
benchmark/laut/kaluza/1120/sink.s3,0,0.065921
benchmark/laut/kaluza/1090/sink.s3,0,0.115000
benchmark/laut/kaluza/1360/sink.s3,1,0.268374
benchmark/laut/kaluza/1600/sink.s3,0,0.067584
benchmark/laut/kaluza/1428/sink.s3,1,0.271395
benchmark/laut/kaluza/402/sink.s3,0,0.218263
benchmark/laut/kaluza/1979/sink.s3,0,0.044150
benchmark/laut/kaluza/1110/sink.s3,0,0.032462
benchmark/laut/kaluza/930/sink.s3,0,0.118008
benchmark/laut/kaluza/870/sink.s3,1,0.117283
benchmark/laut/kaluza/1554/sink.s3,1,0.032570
benchmark/laut/kaluza/228/sink.s3,1,0.167709
benchmark/laut/kaluza/815/sink.s3,0,0.038281
benchmark/laut/kaluza/782/sink.s3,1,0.272286
benchmark/laut/kaluza/1287/sink.s3,0,0.035211
benchmark/laut/kaluza/1129/sink.s3,1,0.069613
benchmark/laut/kaluza/678/sink.s3,1,0.034270
benchmark/laut/kaluza/1732/sink.s3,1,0.271793
benchmark/laut/kaluza/1524/sink.s3,1,0.269513
benchmark/laut/kaluza/382/sink.s3,0,0.222509
benchmark/laut/kaluza/1296/sink.s3,0,0.016758
benchmark/laut/kaluza/471/sink.s3,0,0.037773
benchmark/laut/kaluza/277/sink.s3,1,0.117780
benchmark/laut/kaluza/1204/sink.s3,1,0.272462
benchmark/laut/kaluza/1170/sink.s3,0,0.033203
benchmark/laut/kaluza/1035/sink.s3,1,0.034630
benchmark/laut/kaluza/1698/sink.s3,0,0.036104
benchmark/laut/kaluza/804/sink.s3,1,0.270123
benchmark/laut/kaluza/339/sink.s3,0,0.223563
benchmark/laut/kaluza/972/sink.s3,0,0.032960
benchmark/laut/kaluza/1014/sink.s3,1,0.166443
benchmark/laut/kaluza/485/sink.s3,1,0.271188
benchmark/laut/kaluza/1748/sink.s3,1,0.039788
benchmark/laut/kaluza/1395/sink.s3,1,0.032406
benchmark/laut/kaluza/1399/sink.s3,1,0.272787
benchmark/laut/kaluza/1833/sink.s3,0,0.033643
benchmark/laut/kaluza/1580/sink.s3,0,0.067214
benchmark/laut/kaluza/845/sink.s3,1,0.032991
benchmark/laut/kaluza/401/sink.s3,0,0.026078
benchmark/laut/kaluza/14/sink.s3,1,0.222194
benchmark/laut/kaluza/658/sink.s3,0,0.221279
benchmark/laut/kaluza/254/sink.s3,0,0.037573
benchmark/laut/kaluza/255/sink.s3,1,0.167521
benchmark/laut/kaluza/1022/sink.s3,1,0.217730
benchmark/laut/kaluza/602/sink.s3,1,0.225801
benchmark/laut/kaluza/1990/sink.s3,0,0.066741
benchmark/laut/kaluza/1100/sink.s3,0,0.033229
benchmark/laut/kaluza/1192/sink.s3,1,0.268375
benchmark/laut/kaluza/1882/sink.s3,1,0.066337
benchmark/laut/kaluza/1948/sink.s3,1,1.025135
benchmark/laut/kaluza/1646/sink.s3,0,0.072593
benchmark/laut/kaluza/697/sink.s3,0,0.116752
benchmark/laut/kaluza/927/sink.s3,0,0.069162
benchmark/laut/kaluza/1886/sink.s3,1,0.172473
benchmark/laut/kaluza/304/sink.s3,1,0.116001
benchmark/laut/kaluza/1236/sink.s3,0,0.017640
benchmark/laut/kaluza/1076/sink.s3,0,0.172833
benchmark/laut/kaluza/1376/sink.s3,1,0.124470
benchmark/laut/kaluza/1540/sink.s3,0,0.032843
benchmark/laut/kaluza/440/sink.s3,0,0.033819
benchmark/laut/kaluza/151/sink.s3,1,0.170111
benchmark/laut/kaluza/1454/sink.s3,0,0.017436
benchmark/laut/kaluza/342/sink.s3,1,0.012569
benchmark/laut/kaluza/1560/sink.s3,0,0.033842
benchmark/laut/kaluza/365/sink.s3,1,0.121195
benchmark/laut/kaluza/1394/sink.s3,1,0.018190
benchmark/laut/kaluza/1562/sink.s3,0,0.020376
benchmark/laut/kaluza/101/sink.s3,1,0.117176
benchmark/laut/kaluza/400/sink.s3,0,0.036706
benchmark/laut/kaluza/294/sink.s3,1,0.118386
benchmark/laut/kaluza/675/sink.s3,0,0.017417
benchmark/laut/kaluza/1837/sink.s3,1,0.267458
benchmark/laut/kaluza/54/sink.s3,0,0.065655
benchmark/laut/kaluza/1840/sink.s3,1,0.217768
benchmark/laut/kaluza/247/sink.s3,0,0.067454
benchmark/laut/kaluza/110/sink.s3,0,0.017123
benchmark/laut/kaluza/476/sink.s3,1,0.270237
benchmark/laut/kaluza/45/sink.s3,0,0.020119
benchmark/laut/kaluza/853/sink.s3,1,0.222594
benchmark/laut/kaluza/1095/sink.s3,1,0.066800
benchmark/laut/kaluza/1370/sink.s3,1,0.268856
benchmark/laut/kaluza/1630/sink.s3,1,0.269274
benchmark/laut/kaluza/1655/sink.s3,0,0.069362
benchmark/laut/kaluza/1734/sink.s3,0,0.034281
benchmark/laut/kaluza/521/sink.s3,0,0.016735
benchmark/laut/kaluza/484/sink.s3,1,0.022027
benchmark/laut/kaluza/944/sink.s3,0,0.024008
benchmark/laut/kaluza/527/sink.s3,0,0.129309
benchmark/laut/kaluza/902/sink.s3,0,0.069027
benchmark/laut/kaluza/193/sink.s3,1,0.167495
benchmark/laut/kaluza/1595/sink.s3,0,0.017254
benchmark/laut/kaluza/291/sink.s3,0,0.011341
benchmark/laut/kaluza/528/sink.s3,1,0.036737
benchmark/laut/kaluza/824/sink.s3,1,0.118853
benchmark/laut/kaluza/493/sink.s3,0,0.033457
benchmark/laut/kaluza/1924/sink.s3,0,0.033543
benchmark/laut/kaluza/1746/sink.s3,0,0.066989
benchmark/laut/kaluza/1708/sink.s3,1,0.033843
benchmark/laut/kaluza/1084/sink.s3,0,0.172018
benchmark/laut/kaluza/1050/sink.s3,0,0.024124
benchmark/laut/kaluza/432/sink.s3,0,0.067712
benchmark/laut/kaluza/1692/sink.s3,1,0.268176
benchmark/laut/kaluza/154/sink.s3,1,0.117324
benchmark/laut/kaluza/105/sink.s3,1,0.116571
benchmark/laut/kaluza/95/sink.s3,1,0.167425
benchmark/laut/kaluza/1650/sink.s3,1,0.216744
benchmark/laut/kaluza/1013/sink.s3,0,0.116587
benchmark/laut/kaluza/1160/sink.s3,0,0.043253
benchmark/laut/kaluza/1896/sink.s3,1,0.216575
benchmark/laut/kaluza/1221/sink.s3,0,0.066817
benchmark/laut/kaluza/250/sink.s3,1,0.116497
benchmark/laut/kaluza/1405/sink.s3,0,0.078785
benchmark/laut/kaluza/1457/sink.s3,0,0.118705
benchmark/laut/kaluza/774/sink.s3,0,0.043758
benchmark/laut/kaluza/1215/sink.s3,0,0.119680
benchmark/laut/kaluza/1143/sink.s3,0,0.167617
benchmark/laut/kaluza/104/sink.s3,1,0.040575
benchmark/laut/kaluza/1675/sink.s3,1,0.218967
benchmark/laut/kaluza/933/sink.s3,0,0.017944
benchmark/laut/kaluza/303/sink.s3,1,0.037656
benchmark/laut/kaluza/864/sink.s3,1,0.270022
benchmark/laut/kaluza/237/sink.s3,1,0.115888
benchmark/laut/kaluza/1412/sink.s3,0,0.019535
benchmark/laut/kaluza/330/sink.s3,0,0.221514
benchmark/laut/kaluza/1181/sink.s3,0,0.115782
benchmark/laut/kaluza/1331/sink.s3,1,0.273408
benchmark/laut/kaluza/1695/sink.s3,1,0.170481
benchmark/laut/kaluza/1194/sink.s3,1,0.036108
benchmark/laut/kaluza/1818/sink.s3,1,0.024778
benchmark/laut/kaluza/450/sink.s3,0,0.116707
benchmark/laut/kaluza/747/sink.s3,0,0.032839
benchmark/laut/kaluza/1409/sink.s3,1,0.222636
benchmark/laut/kaluza/138/sink.s3,1,1.032042
benchmark/laut/kaluza/1809/sink.s3,1,0.169536
benchmark/laut/kaluza/1987/sink.s3,0,0.066590
benchmark/laut/kaluza/1159/sink.s3,0,0.018097
benchmark/laut/kaluza/900/sink.s3,0,0.033231
benchmark/laut/kaluza/534/sink.s3,0,0.032979
benchmark/laut/kaluza/183/sink.s3,0,0.065349
benchmark/laut/kaluza/1462/sink.s3,0,0.068790
benchmark/laut/kaluza/1456/sink.s3,1,0.168787
benchmark/laut/kaluza/683/sink.s3,0,0.068573
benchmark/laut/kaluza/1681/sink.s3,0,0.018584
benchmark/laut/kaluza/208/sink.s3,1,0.117630
benchmark/laut/kaluza/760/sink.s3,0,0.033396
benchmark/laut/kaluza/612/sink.s3,0,0.121593
benchmark/laut/kaluza/753/sink.s3,0,0.069385
benchmark/laut/kaluza/575/sink.s3,1,0.269640
benchmark/laut/kaluza/1222/sink.s3,1,0.267370
benchmark/laut/kaluza/1844/sink.s3,1,0.267694
benchmark/laut/kaluza/1458/sink.s3,0,0.169591
benchmark/laut/kaluza/1825/sink.s3,1,0.217809
benchmark/laut/kaluza/144/sink.s3,1,0.034922
benchmark/laut/kaluza/1760/sink.s3,1,0.067517
benchmark/laut/kaluza/1821/sink.s3,1,0.036435
benchmark/laut/kaluza/1214/sink.s3,1,0.167302
benchmark/laut/kaluza/1984/sink.s3,1,0.273592
benchmark/laut/kaluza/1537/sink.s3,1,0.167027
benchmark/laut/kaluza/655/sink.s3,1,0.038426
benchmark/laut/kaluza/1801/sink.s3,0,0.218385
benchmark/laut/kaluza/961/sink.s3,0,0.017993
benchmark/laut/kaluza/1401/sink.s3,0,0.023312
benchmark/laut/kaluza/964/sink.s3,1,0.069630
benchmark/laut/kaluza/1485/sink.s3,1,0.268041
benchmark/laut/kaluza/1325/sink.s3,0,0.070978
benchmark/laut/kaluza/453/sink.s3,0,0.270831
benchmark/laut/kaluza/262/sink.s3,1,1.231796
benchmark/laut/kaluza/692/sink.s3,1,0.167257
benchmark/laut/kaluza/1985/sink.s3,0,0.032253
benchmark/laut/kaluza/589/sink.s3,0,0.116503
benchmark/laut/kaluza/1475/sink.s3,0,0.220072
benchmark/laut/kaluza/187/sink.s3,0,0.069699
benchmark/laut/kaluza/514/sink.s3,0,0.033745
benchmark/laut/kaluza/917/sink.s3,0,0.119786
benchmark/laut/kaluza/1977/sink.s3,1,0.929728
benchmark/laut/kaluza/314/sink.s3,0,0.017497
benchmark/laut/kaluza/976/sink.s3,0,0.066514
benchmark/laut/kaluza/1756/sink.s3,0,0.065999
benchmark/laut/kaluza/38/sink.s3,0,0.016708
benchmark/laut/kaluza/202/sink.s3,1,0.115925
benchmark/laut/kaluza/1342/sink.s3,1,0.218790
benchmark/laut/kaluza/555/sink.s3,1,0.320786
benchmark/laut/kaluza/1933/sink.s3,0,0.068016
benchmark/laut/kaluza/1397/sink.s3,1,0.167676
benchmark/laut/kaluza/1605/sink.s3,0,0.016555
benchmark/laut/kaluza/889/sink.s3,1,0.267451
benchmark/laut/kaluza/6/sink.s3,1,0.065275
benchmark/laut/kaluza/173/sink.s3,1,0.168034
benchmark/laut/kaluza/1880/sink.s3,1,0.116450
benchmark/laut/kaluza/199/sink.s3,0,0.065956
benchmark/laut/kaluza/578/sink.s3,1,0.067297
benchmark/laut/kaluza/1743/sink.s3,1,0.266696
benchmark/laut/kaluza/571/sink.s3,1,0.268879
benchmark/laut/kaluza/1679/sink.s3,1,0.066565
benchmark/laut/kaluza/124/sink.s3,0,0.066170
benchmark/laut/kaluza/335/sink.s3,1,0.072358
benchmark/laut/kaluza/1997/sink.s3,0,0.033469
benchmark/laut/kaluza/778/sink.s3,0,0.217162
benchmark/laut/kaluza/1247/sink.s3,1,0.168788
benchmark/laut/kaluza/1587/sink.s3,0,0.066460
benchmark/laut/kaluza/1617/sink.s3,0,0.019678
benchmark/laut/kaluza/113/sink.s3,1,0.116510
benchmark/laut/kaluza/270/sink.s3,0,0.016950
benchmark/laut/kaluza/1920/sink.s3,0,0.033388
benchmark/laut/kaluza/507/sink.s3,0,0.035075
benchmark/laut/kaluza/393/sink.s3,0,0.037661
benchmark/laut/kaluza/1020/sink.s3,0,0.035107
benchmark/laut/kaluza/1322/sink.s3,0,0.221343
benchmark/laut/kaluza/660/sink.s3,1,0.272217
benchmark/laut/kaluza/1441/sink.s3,1,0.017114
benchmark/laut/kaluza/1007/sink.s3,0,0.069307
benchmark/laut/kaluza/1000/sink.s3,0,0.066342
benchmark/laut/kaluza/1911/sink.s3,1,0.020823
benchmark/laut/kaluza/1251/sink.s3,1,0.118178
benchmark/laut/kaluza/1479/sink.s3,1,0.034384
benchmark/laut/kaluza/849/sink.s3,1,0.018867
benchmark/laut/kaluza/673/sink.s3,1,0.269988
benchmark/laut/kaluza/306/sink.s3,0,0.066064
benchmark/laut/kaluza/637/sink.s3,0,0.117247
benchmark/laut/kaluza/982/sink.s3,0,0.066717
benchmark/laut/kaluza/143/sink.s3,1,0.118603
benchmark/laut/kaluza/1071/sink.s3,1,0.035482
benchmark/laut/kaluza/1939/sink.s3,0,0.069868
benchmark/laut/kaluza/321/sink.s3,1,0.118377
benchmark/laut/kaluza/327/sink.s3,1,0.067359
benchmark/laut/kaluza/761/sink.s3,1,0.271100
benchmark/laut/kaluza/1723/sink.s3,0,0.066960
benchmark/laut/kaluza/1884/sink.s3,0,0.114662
benchmark/laut/kaluza/542/sink.s3,0,0.016955
benchmark/laut/kaluza/903/sink.s3,1,0.121270
benchmark/laut/kaluza/592/sink.s3,1,0.269508
benchmark/laut/kaluza/1953/sink.s3,0,0.016541
benchmark/laut/kaluza/1051/sink.s3,1,0.222308
benchmark/laut/kaluza/1623/sink.s3,0,0.033434
benchmark/laut/kaluza/248/sink.s3,1,0.168861
benchmark/laut/kaluza/265/sink.s3,1,0.070996
benchmark/laut/kaluza/359/sink.s3,0,0.221372
benchmark/laut/kaluza/61/sink.s3,0,0.017617
benchmark/laut/kaluza/821/sink.s3,1,0.115709
benchmark/laut/kaluza/68/sink.s3,1,0.169340
benchmark/laut/kaluza/340/sink.s3,1,0.168138
benchmark/laut/kaluza/1744/sink.s3,1,0.069197
benchmark/laut/kaluza/858/sink.s3,0,0.172818
benchmark/laut/kaluza/1126/sink.s3,1,0.169206
benchmark/laut/kaluza/468/sink.s3,0,0.032995
benchmark/laut/kaluza/1863/sink.s3,0,0.020030
benchmark/laut/kaluza/682/sink.s3,0,0.125393
benchmark/laut/kaluza/1601/sink.s3,0,0.017545
benchmark/laut/kaluza/473/sink.s3,1,0.142149
benchmark/laut/kaluza/360/sink.s3,1,0.218741
benchmark/laut/kaluza/1011/sink.s3,1,0.216461
benchmark/laut/kaluza/1691/sink.s3,0,0.034404
benchmark/laut/kaluza/155/sink.s3,1,0.167986
benchmark/laut/kaluza/1591/sink.s3,0,0.016710
benchmark/laut/kaluza/1680/sink.s3,0,0.036035
benchmark/laut/kaluza/200/sink.s3,0,0.035257
benchmark/laut/kaluza/967/sink.s3,0,0.023652
benchmark/laut/kaluza/574/sink.s3,1,0.272984
benchmark/laut/kaluza/741/sink.s3,1,0.269309
benchmark/laut/kaluza/1309/sink.s3,1,0.067721
benchmark/laut/kaluza/1365/sink.s3,0,0.032337
benchmark/laut/kaluza/1359/sink.s3,1,0.268465
benchmark/laut/kaluza/803/sink.s3,0,0.075467
benchmark/laut/kaluza/1521/sink.s3,1,0.032835
benchmark/laut/kaluza/1618/sink.s3,0,0.034019
benchmark/laut/kaluza/1531/sink.s3,1,0.229426
benchmark/laut/kaluza/1472/sink.s3,0,0.115559
benchmark/laut/kaluza/1381/sink.s3,1,0.074003
benchmark/laut/kaluza/707/sink.s3,0,0.017154
benchmark/laut/kaluza/159/sink.s3,0,0.038121
benchmark/laut/kaluza/908/sink.s3,0,0.116491
benchmark/laut/kaluza/1465/sink.s3,0,0.038648
benchmark/laut/kaluza/790/sink.s3,0,0.017411
benchmark/laut/kaluza/1/sink.s3,0,0.019355
benchmark/laut/kaluza/1845/sink.s3,1,0.268019
benchmark/laut/kaluza/752/sink.s3,1,0.064920
benchmark/laut/kaluza/1672/sink.s3,0,0.168326
benchmark/laut/kaluza/1677/sink.s3,0,0.017694
benchmark/laut/kaluza/376/sink.s3,0,0.217078
benchmark/laut/kaluza/1539/sink.s3,0,0.165784
benchmark/laut/kaluza/1857/sink.s3,0,0.017845
benchmark/laut/kaluza/1255/sink.s3,1,0.044323
benchmark/laut/kaluza/1286/sink.s3,0,0.018645
benchmark/laut/kaluza/1323/sink.s3,0,0.017092
benchmark/laut/kaluza/1338/sink.s3,1,0.476047
benchmark/laut/kaluza/975/sink.s3,1,0.219917
benchmark/laut/kaluza/1422/sink.s3,0,0.067540
benchmark/laut/kaluza/1702/sink.s3,0,0.016861
benchmark/laut/kaluza/263/sink.s3,1,0.115734
benchmark/laut/kaluza/1851/sink.s3,0,0.166304
benchmark/laut/kaluza/479/sink.s3,1,0.268236
benchmark/laut/kaluza/952/sink.s3,1,0.129682
benchmark/laut/kaluza/1596/sink.s3,1,0.117531
benchmark/laut/kaluza/1210/sink.s3,1,0.275299
benchmark/laut/kaluza/218/sink.s3,1,0.119932
benchmark/laut/kaluza/158/sink.s3,1,0.774990
benchmark/laut/kaluza/1505/sink.s3,1,0.321838
benchmark/laut/kaluza/483/sink.s3,0,0.017380
benchmark/laut/kaluza/1774/sink.s3,1,0.038109
benchmark/laut/kaluza/1653/sink.s3,0,0.072608
benchmark/laut/kaluza/746/sink.s3,1,0.268191
benchmark/laut/kaluza/716/sink.s3,0,0.033359
benchmark/laut/kaluza/792/sink.s3,1,0.067681
benchmark/laut/kaluza/305/sink.s3,1,0.067728
benchmark/laut/kaluza/1828/sink.s3,0,0.064666
benchmark/laut/kaluza/1042/sink.s3,0,0.033089
benchmark/laut/kaluza/1028/sink.s3,1,0.065443
benchmark/laut/kaluza/806/sink.s3,1,0.166781
benchmark/laut/kaluza/1927/sink.s3,0,0.033511
benchmark/laut/kaluza/556/sink.s3,1,0.322706
benchmark/laut/kaluza/494/sink.s3,0,0.068112
benchmark/laut/kaluza/89/sink.s3,1,0.066132
benchmark/laut/kaluza/222/sink.s3,0,0.016533
benchmark/laut/kaluza/1497/sink.s3,1,0.034020
benchmark/laut/kaluza/1943/sink.s3,1,0.170918
benchmark/laut/kaluza/581/sink.s3,1,0.038742
benchmark/laut/kaluza/1875/sink.s3,1,0.069115
benchmark/laut/kaluza/72/sink.s3,1,0.165947
benchmark/laut/kaluza/1520/sink.s3,1,0.035220
benchmark/laut/kaluza/1001/sink.s3,1,0.270215
benchmark/laut/kaluza/1080/sink.s3,1,0.269306
benchmark/laut/kaluza/1930/sink.s3,1,0.032423
benchmark/laut/kaluza/408/sink.s3,1,0.115965
benchmark/laut/kaluza/230/sink.s3,1,0.115286
benchmark/laut/kaluza/416/sink.s3,0,0.033306
benchmark/laut/kaluza/297/sink.s3,1,0.118157
benchmark/laut/kaluza/1947/sink.s3,1,0.017222
benchmark/laut/kaluza/1858/sink.s3,0,0.043518
benchmark/laut/kaluza/1957/sink.s3,0,0.020055
benchmark/laut/kaluza/1242/sink.s3,0,0.016625
benchmark/laut/kaluza/1499/sink.s3,0,0.166600
benchmark/laut/kaluza/1942/sink.s3,0,0.072200
benchmark/laut/kaluza/634/sink.s3,1,0.266758
benchmark/laut/kaluza/1739/sink.s3,1,0.218827
benchmark/laut/kaluza/1355/sink.s3,1,0.270286
benchmark/laut/kaluza/1319/sink.s3,1,0.116563
benchmark/laut/kaluza/1113/sink.s3,1,0.066800
benchmark/laut/kaluza/1988/sink.s3,1,0.220153
benchmark/laut/kaluza/309/sink.s3,0,0.032615
benchmark/laut/kaluza/1362/sink.s3,1,0.035880
benchmark/laut/kaluza/1356/sink.s3,0,0.038096
benchmark/laut/kaluza/1295/sink.s3,1,0.116078
benchmark/laut/kaluza/1364/sink.s3,1,0.268672
benchmark/laut/kaluza/1832/sink.s3,0,0.068099
benchmark/laut/kaluza/1033/sink.s3,1,0.034508
benchmark/laut/kaluza/1676/sink.s3,1,0.268719
benchmark/laut/kaluza/781/sink.s3,0,0.018135
benchmark/laut/kaluza/396/sink.s3,1,0.022149
benchmark/laut/kaluza/1804/sink.s3,1,0.167145
benchmark/laut/kaluza/1976/sink.s3,1,0.066094
benchmark/laut/kaluza/547/sink.s3,0,0.066302
benchmark/laut/kaluza/981/sink.s3,1,0.171085
benchmark/laut/kaluza/9/sink.s3,1,1.187684
benchmark/laut/kaluza/1934/sink.s3,1,0.267864
benchmark/laut/kaluza/1158/sink.s3,0,0.067882
benchmark/laut/kaluza/676/sink.s3,0,0.017208
benchmark/laut/kaluza/1762/sink.s3,1,0.072046
benchmark/laut/kaluza/32/sink.s3,0,0.065672
benchmark/laut/kaluza/1123/sink.s3,1,0.070104
benchmark/laut/kaluza/1578/sink.s3,1,0.266946
benchmark/laut/kaluza/1303/sink.s3,0,0.035049
benchmark/laut/kaluza/1404/sink.s3,1,0.268646
benchmark/laut/kaluza/63/sink.s3,1,0.033714
benchmark/laut/kaluza/1489/sink.s3,0,0.065911
benchmark/laut/kaluza/1403/sink.s3,0,0.017106
benchmark/laut/kaluza/1971/sink.s3,1,0.122371
benchmark/laut/kaluza/1037/sink.s3,0,0.033574
benchmark/laut/kaluza/308/sink.s3,0,0.016968
benchmark/laut/kaluza/623/sink.s3,0,0.267969
benchmark/laut/kaluza/1010/sink.s3,1,0.065881
benchmark/laut/kaluza/576/sink.s3,0,0.033364
benchmark/laut/kaluza/1346/sink.s3,0,0.118141
benchmark/laut/kaluza/1410/sink.s3,0,0.072238
benchmark/laut/kaluza/1606/sink.s3,0,0.032962
benchmark/laut/kaluza/70/sink.s3,1,0.038096
benchmark/laut/kaluza/1707/sink.s3,0,0.016962
benchmark/laut/kaluza/282/sink.s3,1,0.166542
benchmark/laut/kaluza/1899/sink.s3,0,0.034121
benchmark/laut/kaluza/287/sink.s3,1,0.018294
benchmark/laut/kaluza/182/sink.s3,1,0.115613
benchmark/laut/kaluza/1402/sink.s3,0,0.065955
benchmark/laut/kaluza/644/sink.s3,0,0.034733
benchmark/laut/kaluza/1249/sink.s3,0,0.034650
benchmark/laut/kaluza/252/sink.s3,1,0.066243
benchmark/laut/kaluza/828/sink.s3,0,0.017175
benchmark/laut/kaluza/508/sink.s3,0,0.019148
benchmark/laut/kaluza/1320/sink.s3,0,0.043013
benchmark/laut/kaluza/907/sink.s3,0,0.016623
benchmark/laut/kaluza/194/sink.s3,1,0.034084
benchmark/laut/kaluza/1620/sink.s3,1,0.121214
benchmark/laut/kaluza/1098/sink.s3,0,0.040028
benchmark/laut/kaluza/19/sink.s3,0,0.017709
benchmark/laut/kaluza/1872/sink.s3,0,0.035242
benchmark/laut/kaluza/170/sink.s3,1,0.034129
benchmark/laut/kaluza/1340/sink.s3,0,0.032923
benchmark/laut/kaluza/246/sink.s3,1,0.019717
benchmark/laut/kaluza/684/sink.s3,1,0.270392
benchmark/laut/kaluza/1660/sink.s3,1,0.018489
benchmark/laut/kaluza/458/sink.s3,0,0.040432
benchmark/laut/kaluza/245/sink.s3,1,0.117256
benchmark/laut/kaluza/435/sink.s3,1,0.272326
benchmark/laut/kaluza/341/sink.s3,0,0.033372
benchmark/laut/kaluza/698/sink.s3,1,0.268284
benchmark/laut/kaluza/1177/sink.s3,0,0.066735
benchmark/laut/kaluza/1371/sink.s3,1,0.269188
benchmark/laut/kaluza/1673/sink.s3,1,0.270105
benchmark/laut/kaluza/1132/sink.s3,1,0.167185
benchmark/laut/kaluza/91/sink.s3,1,0.169490
benchmark/laut/kaluza/1264/sink.s3,0,0.067586
benchmark/laut/kaluza/1793/sink.s3,0,0.115561
benchmark/laut/kaluza/1794/sink.s3,0,0.268504
benchmark/laut/kaluza/1889/sink.s3,0,0.066163
benchmark/laut/kaluza/1141/sink.s3,0,0.066326
benchmark/laut/kaluza/1260/sink.s3,0,0.035358
benchmark/laut/kaluza/1693/sink.s3,1,0.216539
benchmark/laut/kaluza/451/sink.s3,0,0.016780
benchmark/laut/kaluza/848/sink.s3,1,0.270038
benchmark/laut/kaluza/749/sink.s3,1,0.075105
benchmark/laut/kaluza/1124/sink.s3,0,0.118377
benchmark/laut/kaluza/1536/sink.s3,0,0.018123
benchmark/laut/kaluza/796/sink.s3,0,0.017630
benchmark/laut/kaluza/633/sink.s3,1,0.021715
benchmark/laut/kaluza/1563/sink.s3,1,0.119106
benchmark/laut/kaluza/810/sink.s3,0,0.268922
benchmark/laut/kaluza/955/sink.s3,1,0.426058
benchmark/laut/kaluza/1153/sink.s3,0,0.016932
benchmark/laut/kaluza/1616/sink.s3,1,0.370438
benchmark/laut/kaluza/562/sink.s3,1,0.167325
benchmark/laut/kaluza/530/sink.s3,0,0.321160
benchmark/laut/kaluza/2/sink.s3,1,0.115855
benchmark/laut/kaluza/1929/sink.s3,0,0.066076
benchmark/laut/kaluza/593/sink.s3,0,0.067554
benchmark/laut/kaluza/629/sink.s3,1,0.266880
benchmark/laut/kaluza/1715/sink.s3,1,0.271264
benchmark/laut/kaluza/885/sink.s3,0,0.065987
benchmark/laut/kaluza/500/sink.s3,1,0.266976
benchmark/laut/kaluza/671/sink.s3,1,0.115628
benchmark/laut/kaluza/472/sink.s3,1,0.318378
benchmark/laut/kaluza/1145/sink.s3,1,0.120309
benchmark/laut/kaluza/1445/sink.s3,1,0.319073
benchmark/laut/kaluza/44/sink.s3,1,0.070384
benchmark/laut/kaluza/264/sink.s3,1,0.116766
benchmark/laut/kaluza/133/sink.s3,1,0.269371
benchmark/laut/kaluza/863/sink.s3,1,0.064832
benchmark/laut/kaluza/984/sink.s3,0,0.067973
benchmark/laut/kaluza/800/sink.s3,0,0.069276
benchmark/laut/kaluza/1527/sink.s3,1,0.485570
benchmark/laut/kaluza/1665/sink.s3,1,0.224976
benchmark/laut/kaluza/178/sink.s3,1,0.168227
benchmark/laut/kaluza/1108/sink.s3,0,0.070969
benchmark/laut/kaluza/616/sink.s3,0,0.070519
benchmark/laut/kaluza/959/sink.s3,0,0.067666
benchmark/laut/kaluza/1400/sink.s3,1,0.217120
benchmark/laut/kaluza/1778/sink.s3,0,0.168800
benchmark/laut/kaluza/1569/sink.s3,0,0.035154
benchmark/laut/kaluza/537/sink.s3,0,0.017617
benchmark/laut/kaluza/370/sink.s3,0,0.124830
benchmark/laut/kaluza/1842/sink.s3,0,0.034556
benchmark/laut/kaluza/251/sink.s3,1,0.167920
benchmark/laut/kaluza/114/sink.s3,1,0.071349
benchmark/laut/kaluza/1413/sink.s3,0,0.066267
benchmark/laut/kaluza/18/sink.s3,0,0.065307
benchmark/laut/kaluza/1975/sink.s3,0,0.016601
benchmark/laut/kaluza/55/sink.s3,1,0.033699
benchmark/laut/kaluza/852/sink.s3,0,0.217026
benchmark/laut/kaluza/29/sink.s3,1,0.174840
benchmark/laut/kaluza/496/sink.s3,0,0.016776
benchmark/laut/kaluza/1164/sink.s3,0,0.066105
benchmark/laut/kaluza/298/sink.s3,0,0.222522
benchmark/laut/kaluza/1645/sink.s3,0,0.064691
benchmark/laut/kaluza/1229/sink.s3,0,0.217913
benchmark/laut/kaluza/345/sink.s3,1,0.033170
benchmark/laut/kaluza/319/sink.s3,1,0.633167
benchmark/laut/kaluza/1224/sink.s3,1,0.224186
benchmark/laut/kaluza/1687/sink.s3,1,0.220511
benchmark/laut/kaluza/625/sink.s3,1,0.035078
benchmark/laut/kaluza/1966/sink.s3,0,0.017352
benchmark/laut/kaluza/536/sink.s3,1,0.166504
benchmark/laut/kaluza/1136/sink.s3,0,0.166514
benchmark/laut/kaluza/1146/sink.s3,1,0.268335
benchmark/laut/kaluza/1928/sink.s3,0,0.118531
benchmark/laut/kaluza/718/sink.s3,0,0.039421
benchmark/laut/kaluza/793/sink.s3,1,0.064501
benchmark/laut/kaluza/926/sink.s3,1,0.268842
benchmark/laut/kaluza/1096/sink.s3,0,0.065614
benchmark/laut/kaluza/236/sink.s3,1,0.871978
benchmark/laut/kaluza/1494/sink.s3,1,0.269261
benchmark/laut/kaluza/780/sink.s3,0,0.173324
benchmark/laut/kaluza/1496/sink.s3,0,0.033417
benchmark/laut/kaluza/320/sink.s3,1,0.115413
benchmark/laut/kaluza/798/sink.s3,0,0.069008
benchmark/laut/kaluza/946/sink.s3,1,0.270068
benchmark/laut/kaluza/1302/sink.s3,1,0.068582
benchmark/laut/kaluza/1085/sink.s3,0,0.065494
benchmark/laut/kaluza/679/sink.s3,1,0.266806
benchmark/laut/kaluza/651/sink.s3,0,0.034058
benchmark/laut/kaluza/1874/sink.s3,0,0.017031
benchmark/laut/kaluza/1134/sink.s3,1,0.069946
benchmark/laut/kaluza/1662/sink.s3,1,0.270696
benchmark/laut/kaluza/1903/sink.s3,0,0.064725
benchmark/laut/kaluza/809/sink.s3,1,0.222684
benchmark/laut/kaluza/290/sink.s3,0,0.016837
benchmark/laut/kaluza/563/sink.s3,0,0.040541
benchmark/laut/kaluza/872/sink.s3,0,0.033863
benchmark/laut/kaluza/1357/sink.s3,1,0.168047
benchmark/laut/kaluza/1225/sink.s3,0,0.221547
benchmark/laut/kaluza/1384/sink.s3,1,0.117002
benchmark/laut/kaluza/720/sink.s3,1,0.275332
benchmark/laut/kaluza/34/sink.s3,1,0.116061
benchmark/laut/kaluza/1904/sink.s3,0,0.017605
benchmark/laut/kaluza/212/sink.s3,0,0.019577
benchmark/laut/kaluza/899/sink.s3,1,0.270359
benchmark/laut/kaluza/1599/sink.s3,0,0.038597
benchmark/laut/kaluza/857/sink.s3,0,0.216670
benchmark/laut/kaluza/372/sink.s3,1,0.266198
benchmark/laut/kaluza/807/sink.s3,0,0.038764
benchmark/laut/kaluza/1796/sink.s3,1,0.266883
benchmark/laut/kaluza/1103/sink.s3,0,0.036401
benchmark/laut/kaluza/203/sink.s3,1,0.116838
benchmark/laut/kaluza/919/sink.s3,1,0.167087
benchmark/laut/kaluza/1416/sink.s3,1,0.269701
benchmark/laut/kaluza/1735/sink.s3,1,0.065445
benchmark/laut/kaluza/971/sink.s3,0,0.018669
benchmark/laut/kaluza/1806/sink.s3,0,0.037678
benchmark/laut/kaluza/195/sink.s3,1,0.067039
benchmark/laut/kaluza/226/sink.s3,0,0.017100
benchmark/laut/kaluza/638/sink.s3,0,0.170622
benchmark/laut/kaluza/1610/sink.s3,1,0.267224
benchmark/laut/kaluza/1424/sink.s3,1,0.118347
benchmark/laut/kaluza/988/sink.s3,0,0.066590
benchmark/laut/kaluza/1130/sink.s3,1,0.168479
benchmark/laut/kaluza/57/sink.s3,0,0.069782
benchmark/laut/kaluza/1006/sink.s3,0,0.066561
benchmark/laut/kaluza/293/sink.s3,0,0.032804
benchmark/laut/kaluza/1377/sink.s3,0,0.066785
benchmark/laut/kaluza/730/sink.s3,1,0.266963
benchmark/laut/kaluza/737/sink.s3,1,0.118354
benchmark/laut/kaluza/1787/sink.s3,1,0.069921
benchmark/laut/kaluza/1902/sink.s3,1,0.067173
benchmark/laut/kaluza/1258/sink.s3,0,0.072026
benchmark/laut/kaluza/1890/sink.s3,1,0.266139
benchmark/laut/kaluza/288/sink.s3,0,0.219495
benchmark/laut/kaluza/938/sink.s3,0,0.066828
benchmark/laut/kaluza/525/sink.s3,0,0.065141
benchmark/laut/kaluza/1621/sink.s3,0,0.032450
benchmark/laut/kaluza/1220/sink.s3,1,0.318011
benchmark/laut/kaluza/1139/sink.s3,0,0.032709
benchmark/laut/kaluza/1217/sink.s3,0,0.068434
benchmark/laut/kaluza/1607/sink.s3,0,0.017290
benchmark/laut/kaluza/350/sink.s3,1,0.039920
benchmark/laut/kaluza/1733/sink.s3,0,0.040755
benchmark/laut/kaluza/1754/sink.s3,0,0.070766
benchmark/laut/kaluza/650/sink.s3,0,0.016271
benchmark/laut/kaluza/1114/sink.s3,1,0.273389
benchmark/laut/kaluza/1946/sink.s3,0,0.266860
benchmark/laut/kaluza/906/sink.s3,0,0.073254
benchmark/laut/kaluza/219/sink.s3,1,0.169082
benchmark/laut/kaluza/1046/sink.s3,1,0.267535
benchmark/laut/kaluza/1383/sink.s3,1,0.267387
benchmark/laut/kaluza/618/sink.s3,1,0.066819
benchmark/laut/kaluza/552/sink.s3,0,0.017540
benchmark/laut/kaluza/868/sink.s3,0,0.071268
benchmark/laut/kaluza/1463/sink.s3,0,0.017006
benchmark/laut/kaluza/1582/sink.s3,0,0.018707
benchmark/laut/kaluza/1019/sink.s3,0,0.116856
benchmark/laut/kaluza/40/sink.s3,0,0.024606
benchmark/laut/kaluza/196/sink.s3,1,0.032898
benchmark/laut/kaluza/969/sink.s3,1,0.267580
benchmark/laut/kaluza/869/sink.s3,0,0.032737
benchmark/laut/kaluza/383/sink.s3,1,0.271213
benchmark/laut/kaluza/7/sink.s3,0,0.065568
benchmark/laut/kaluza/850/sink.s3,0,0.071611
benchmark/laut/kaluza/296/sink.s3,0,0.016726
benchmark/laut/kaluza/1622/sink.s3,1,0.167557
benchmark/laut/kaluza/1119/sink.s3,1,0.037667
benchmark/laut/kaluza/584/sink.s3,0,0.071147
benchmark/laut/kaluza/39/sink.s3,0,0.035403
benchmark/laut/kaluza/1468/sink.s3,1,0.323710
benchmark/laut/kaluza/1500/sink.s3,0,0.052247
benchmark/laut/kaluza/1753/sink.s3,0,0.217024
benchmark/laut/kaluza/1029/sink.s3,1,0.268709
benchmark/laut/kaluza/115/sink.s3,1,0.119191
benchmark/laut/kaluza/1900/sink.s3,0,0.033617
benchmark/laut/kaluza/951/sink.s3,0,0.029923
benchmark/laut/kaluza/1321/sink.s3,0,0.032433
benchmark/laut/kaluza/1273/sink.s3,0,0.017524
benchmark/laut/kaluza/817/sink.s3,0,0.036336
benchmark/laut/kaluza/518/sink.s3,1,0.521019
benchmark/laut/kaluza/497/sink.s3,1,0.166620
benchmark/laut/kaluza/56/sink.s3,1,1.631938
benchmark/laut/kaluza/163/sink.s3,1,0.035050
benchmark/laut/kaluza/712/sink.s3,0,0.073676
benchmark/laut/kaluza/841/sink.s3,0,0.034238
benchmark/laut/kaluza/986/sink.s3,0,0.022960
benchmark/laut/kaluza/259/sink.s3,1,0.171617
benchmark/laut/kaluza/239/sink.s3,1,0.171685
benchmark/laut/kaluza/1038/sink.s3,0,0.034898
benchmark/laut/kaluza/1418/sink.s3,1,0.328991
benchmark/laut/kaluza/392/sink.s3,0,0.272389
benchmark/laut/kaluza/783/sink.s3,0,0.018080
benchmark/laut/kaluza/665/sink.s3,1,0.021359
benchmark/laut/kaluza/1736/sink.s3,1,0.269494
benchmark/laut/kaluza/231/sink.s3,1,0.066527
benchmark/laut/kaluza/281/sink.s3,0,0.019420
benchmark/laut/kaluza/1757/sink.s3,0,0.041548
benchmark/laut/kaluza/545/sink.s3,0,0.121648
benchmark/laut/kaluza/1183/sink.s3,1,0.267210
benchmark/laut/kaluza/1350/sink.s3,1,0.067730
benchmark/laut/kaluza/1482/sink.s3,0,0.115167
benchmark/laut/kaluza/836/sink.s3,0,0.017021
benchmark/laut/kaluza/283/sink.s3,0,0.034911
benchmark/laut/kaluza/950/sink.s3,0,0.039029
benchmark/laut/kaluza/1451/sink.s3,1,0.034635
benchmark/laut/kaluza/1089/sink.s3,0,0.035977
benchmark/laut/kaluza/1815/sink.s3,0,0.066594
benchmark/laut/kaluza/1823/sink.s3,0,0.017407
benchmark/laut/kaluza/1358/sink.s3,0,0.038717
benchmark/laut/kaluza/1155/sink.s3,1,0.064562
benchmark/laut/kaluza/1738/sink.s3,0,0.066915
benchmark/laut/kaluza/835/sink.s3,1,0.117241
benchmark/laut/kaluza/117/sink.s3,0,0.034157
benchmark/laut/kaluza/1573/sink.s3,1,0.165320
benchmark/laut/kaluza/739/sink.s3,0,0.017031
benchmark/laut/kaluza/1352/sink.s3,0,0.027054
benchmark/laut/kaluza/766/sink.s3,1,0.272099
benchmark/laut/kaluza/862/sink.s3,1,0.267297
benchmark/laut/kaluza/1648/sink.s3,1,0.121185
benchmark/laut/kaluza/640/sink.s3,1,0.035523
benchmark/laut/kaluza/66/sink.s3,0,0.032666
benchmark/laut/kaluza/1374/sink.s3,1,0.118024
benchmark/laut/kaluza/434/sink.s3,0,0.034506
benchmark/laut/kaluza/1652/sink.s3,1,0.167826
benchmark/laut/kaluza/1755/sink.s3,0,0.039691
benchmark/laut/kaluza/1869/sink.s3,0,0.036719
benchmark/laut/kaluza/106/sink.s3,1,0.065356
benchmark/laut/kaluza/371/sink.s3,1,0.032997
benchmark/laut/kaluza/910/sink.s3,1,0.270897
benchmark/laut/kaluza/1639/sink.s3,1,0.271848
benchmark/laut/kaluza/180/sink.s3,1,0.065895
benchmark/laut/kaluza/680/sink.s3,0,0.115997
benchmark/laut/kaluza/882/sink.s3,0,0.017522
benchmark/laut/kaluza/256/sink.s3,1,0.125893
benchmark/laut/kaluza/1962/sink.s3,0,0.174215
benchmark/laut/kaluza/1907/sink.s3,0,0.067433
benchmark/laut/kaluza/1107/sink.s3,0,0.067529
benchmark/laut/kaluza/395/sink.s3,0,0.033994
benchmark/laut/kaluza/1898/sink.s3,0,0.036238
benchmark/laut/kaluza/1678/sink.s3,1,0.976686
benchmark/laut/kaluza/1274/sink.s3,0,0.034374
benchmark/laut/kaluza/162/sink.s3,1,0.037655
benchmark/laut/kaluza/27/sink.s3,0,0.021340
benchmark/laut/kaluza/891/sink.s3,0,0.123147
benchmark/laut/kaluza/378/sink.s3,0,0.036918
benchmark/laut/kaluza/1830/sink.s3,1,0.270384
benchmark/laut/kaluza/1178/sink.s3,1,0.219308
benchmark/laut/kaluza/1142/sink.s3,1,0.115909
benchmark/laut/kaluza/1932/sink.s3,1,0.116140
benchmark/laut/kaluza/1151/sink.s3,1,0.115942
benchmark/laut/kaluza/1813/sink.s3,1,0.268433
benchmark/laut/kaluza/591/sink.s3,1,0.166456
benchmark/laut/kaluza/1922/sink.s3,0,0.117383
benchmark/laut/kaluza/1588/sink.s3,0,0.016854
benchmark/laut/kaluza/1074/sink.s3,1,0.172029
benchmark/laut/kaluza/1862/sink.s3,0,0.033670
benchmark/laut/kaluza/274/sink.s3,1,0.032360
benchmark/laut/kaluza/1816/sink.s3,0,0.067683
benchmark/laut/kaluza/1931/sink.s3,1,0.270076
benchmark/laut/kaluza/1480/sink.s3,1,0.038860
benchmark/laut/kaluza/1909/sink.s3,0,0.071984
benchmark/laut/kaluza/1940/sink.s3,1,0.065370
benchmark/laut/kaluza/1841/sink.s3,0,0.032733
benchmark/laut/kaluza/649/sink.s3,0,0.125198
benchmark/laut/kaluza/1526/sink.s3,0,0.035388
benchmark/laut/kaluza/59/sink.s3,0,0.017292
benchmark/laut/kaluza/875/sink.s3,0,0.119208
benchmark/laut/kaluza/1855/sink.s3,0,0.168678
benchmark/laut/kaluza/1805/sink.s3,1,0.273845
benchmark/laut/kaluza/165/sink.s3,1,0.119241
benchmark/laut/kaluza/275/sink.s3,1,0.170065
benchmark/laut/kaluza/128/sink.s3,1,0.036612
benchmark/laut/kaluza/217/sink.s3,1,0.116167
benchmark/laut/kaluza/1301/sink.s3,0,0.066178
benchmark/laut/kaluza/830/sink.s3,0,0.065699
benchmark/laut/kaluza/157/sink.s3,1,0.166542
benchmark/laut/kaluza/1502/sink.s3,0,0.039781
benchmark/laut/kaluza/1233/sink.s3,1,0.117728
benchmark/laut/kaluza/1704/sink.s3,0,0.068963
benchmark/laut/kaluza/1328/sink.s3,0,0.167040
benchmark/laut/kaluza/1981/sink.s3,1,0.217118
benchmark/laut/kaluza/1104/sink.s3,1,0.069480
benchmark/laut/kaluza/1626/sink.s3,0,0.117378
benchmark/laut/kaluza/1614/sink.s3,1,0.133388
benchmark/laut/kaluza/1956/sink.s3,1,0.276519
benchmark/laut/kaluza/532/sink.s3,0,0.034097
benchmark/laut/kaluza/1093/sink.s3,1,0.016909
benchmark/laut/kaluza/1769/sink.s3,1,0.021460
benchmark/laut/kaluza/76/sink.s3,1,0.165745
benchmark/laut/kaluza/269/sink.s3,1,0.033810
benchmark/laut/kaluza/554/sink.s3,1,0.115926
benchmark/laut/kaluza/1344/sink.s3,0,0.118314
benchmark/laut/kaluza/447/sink.s3,0,0.067330
benchmark/laut/kaluza/573/sink.s3,1,0.366518
benchmark/laut/kaluza/398/sink.s3,0,0.067967
benchmark/laut/kaluza/329/sink.s3,1,0.016416
benchmark/laut/kaluza/1624/sink.s3,0,0.018813
benchmark/laut/kaluza/71/sink.s3,1,0.170762
benchmark/laut/kaluza/1627/sink.s3,0,0.215616
benchmark/laut/kaluza/1171/sink.s3,1,0.032941
benchmark/laut/kaluza/1278/sink.s3,0,0.166861
benchmark/laut/kaluza/993/sink.s3,1,0.016340
benchmark/laut/kaluza/668/sink.s3,1,0.223422
benchmark/laut/kaluza/827/sink.s3,1,0.070434
benchmark/laut/kaluza/787/sink.s3,0,0.019654
benchmark/laut/kaluza/1267/sink.s3,1,0.119126
benchmark/laut/kaluza/1386/sink.s3,0,0.067561
benchmark/laut/kaluza/1511/sink.s3,1,0.219157
benchmark/laut/kaluza/608/sink.s3,1,0.065173
benchmark/laut/kaluza/69/sink.s3,1,0.034721
benchmark/laut/kaluza/21/sink.s3,1,0.017776
benchmark/laut/kaluza/1721/sink.s3,1,0.267576
benchmark/laut/kaluza/1240/sink.s3,0,0.034260
benchmark/laut/kaluza/837/sink.s3,0,0.017321
benchmark/laut/kaluza/366/sink.s3,0,0.218658
benchmark/laut/kaluza/1268/sink.s3,1,0.272093
benchmark/laut/kaluza/1510/sink.s3,1,0.118098
benchmark/laut/kaluza/1036/sink.s3,1,0.033547
benchmark/laut/kaluza/313/sink.s3,1,0.277224
benchmark/laut/kaluza/978/sink.s3,0,0.037144
benchmark/laut/kaluza/1625/sink.s3,0,0.034045
benchmark/laut/kaluza/1945/sink.s3,0,0.229240
benchmark/laut/kaluza/661/sink.s3,0,0.372107
benchmark/laut/kaluza/577/sink.s3,1,0.167003
benchmark/laut/kaluza/364/sink.s3,1,0.017178
benchmark/laut/kaluza/599/sink.s3,0,0.072172
benchmark/laut/kaluza/1425/sink.s3,0,0.122293
benchmark/laut/kaluza/1138/sink.s3,1,0.316971
benchmark/laut/kaluza/1543/sink.s3,1,0.269364
benchmark/laut/kaluza/232/sink.s3,1,0.167033
benchmark/laut/kaluza/1112/sink.s3,1,0.270658
benchmark/laut/kaluza/1363/sink.s3,1,0.219767
benchmark/laut/kaluza/201/sink.s3,1,0.168150
benchmark/laut/kaluza/36/sink.s3,1,0.064846
benchmark/laut/kaluza/1750/sink.s3,1,0.170210
benchmark/laut/kaluza/1293/sink.s3,1,0.017990
benchmark/laut/kaluza/855/sink.s3,1,0.072226
benchmark/laut/kaluza/1330/sink.s3,0,0.117366
benchmark/laut/kaluza/816/sink.s3,1,0.167633
benchmark/laut/kaluza/588/sink.s3,0,0.065894
benchmark/laut/kaluza/20/sink.s3,0,0.021098
benchmark/laut/kaluza/413/sink.s3,1,0.225902
benchmark/laut/kaluza/15/sink.s3,1,0.115668
benchmark/laut/kaluza/1791/sink.s3,1,0.016499
benchmark/laut/kaluza/120/sink.s3,1,1.334181
benchmark/laut/kaluza/1390/sink.s3,0,0.065310
benchmark/laut/kaluza/1495/sink.s3,0,0.020167
benchmark/laut/kaluza/1871/sink.s3,0,0.043586
benchmark/laut/kaluza/116/sink.s3,1,1.229046
benchmark/laut/kaluza/240/sink.s3,0,0.067681
benchmark/laut/kaluza/261/sink.s3,0,0.220935
benchmark/laut/kaluza/613/sink.s3,0,0.036849
benchmark/laut/kaluza/77/sink.s3,1,1.026153
benchmark/laut/kaluza/1135/sink.s3,0,0.018548
benchmark/laut/kaluza/1593/sink.s3,0,0.183145
benchmark/laut/kaluza/403/sink.s3,0,0.039486
benchmark/laut/kaluza/1335/sink.s3,0,0.036686
benchmark/laut/kaluza/456/sink.s3,0,0.018456
benchmark/laut/kaluza/361/sink.s3,1,0.021622
benchmark/laut/kaluza/148/sink.s3,1,0.167229
benchmark/laut/kaluza/1867/sink.s3,0,0.068251
benchmark/laut/kaluza/347/sink.s3,1,0.017245
benchmark/laut/kaluza/546/sink.s3,1,0.037170
benchmark/laut/kaluza/374/sink.s3,1,0.017534
benchmark/laut/kaluza/1231/sink.s3,0,0.035299
benchmark/laut/kaluza/1203/sink.s3,0,0.116164
benchmark/laut/kaluza/594/sink.s3,1,0.019727
benchmark/laut/kaluza/865/sink.s3,0,0.124424
benchmark/laut/kaluza/1849/sink.s3,1,0.272247
benchmark/laut/kaluza/921/sink.s3,0,0.035404
benchmark/laut/kaluza/1021/sink.s3,0,0.034686
benchmark/laut/kaluza/1005/sink.s3,0,0.217872
benchmark/laut/kaluza/1361/sink.s3,1,0.270522
benchmark/laut/kaluza/861/sink.s3,1,0.034270
benchmark/laut/kaluza/300/sink.s3,1,0.032961
benchmark/laut/kaluza/1843/sink.s3,1,0.222864
benchmark/laut/kaluza/192/sink.s3,0,0.016675
benchmark/laut/kaluza/1893/sink.s3,1,0.068246
benchmark/laut/kaluza/627/sink.s3,1,0.368888
benchmark/laut/kaluza/516/sink.s3,1,0.820559
benchmark/laut/kaluza/33/sink.s3,1,0.266721
benchmark/laut/kaluza/1685/sink.s3,0,0.170195
benchmark/laut/kaluza/377/sink.s3,1,0.021326
benchmark/laut/kaluza/535/sink.s3,0,0.065926
benchmark/laut/kaluza/1436/sink.s3,0,0.117470
benchmark/laut/kaluza/1327/sink.s3,0,0.036439
benchmark/laut/kaluza/166/sink.s3,1,0.167469
benchmark/laut/kaluza/1992/sink.s3,0,0.070194
benchmark/laut/kaluza/11/sink.s3,0,0.016704
benchmark/laut/kaluza/1960/sink.s3,0,0.115657
benchmark/laut/kaluza/1032/sink.s3,0,0.116670
benchmark/laut/kaluza/626/sink.s3,1,0.268347
benchmark/laut/kaluza/1111/sink.s3,1,0.270927
benchmark/laut/kaluza/438/sink.s3,0,0.168021
benchmark/laut/kaluza/391/sink.s3,0,0.034108
benchmark/laut/kaluza/1161/sink.s3,0,0.018141
benchmark/laut/kaluza/1387/sink.s3,1,0.269296
benchmark/laut/kaluza/1378/sink.s3,1,2.428287
benchmark/laut/kaluza/1311/sink.s3,1,0.321094
benchmark/laut/kaluza/52/sink.s3,1,0.065895
benchmark/laut/kaluza/481/sink.s3,0,0.032709
benchmark/laut/kaluza/1275/sink.s3,0,0.119449
benchmark/laut/kaluza/1854/sink.s3,0,0.036162
benchmark/laut/kaluza/1068/sink.s3,1,0.117795
benchmark/laut/kaluza/46/sink.s3,0,0.040580
benchmark/laut/kaluza/538/sink.s3,1,0.270885
benchmark/laut/kaluza/83/sink.s3,1,0.035275
benchmark/laut/kaluza/431/sink.s3,1,0.067047
benchmark/laut/kaluza/1669/sink.s3,1,0.267371
benchmark/laut/kaluza/664/sink.s3,0,0.068755
benchmark/laut/kaluza/221/sink.s3,0,0.016404
benchmark/laut/kaluza/10/sink.s3,1,0.016470
benchmark/laut/kaluza/732/sink.s3,0,0.068473
benchmark/laut/kaluza/1280/sink.s3,0,0.033318
benchmark/laut/kaluza/389/sink.s3,0,0.125558
benchmark/laut/kaluza/999/sink.s3,0,0.036341
benchmark/laut/kaluza/936/sink.s3,0,0.070255
benchmark/laut/kaluza/1575/sink.s3,0,0.065460
benchmark/laut/kaluza/1201/sink.s3,1,0.267488
benchmark/laut/kaluza/145/sink.s3,1,0.071872
benchmark/laut/kaluza/1191/sink.s3,0,0.033045
benchmark/laut/kaluza/1175/sink.s3,1,0.216733
benchmark/laut/kaluza/1152/sink.s3,0,0.017492
benchmark/laut/kaluza/1348/sink.s3,0,0.125042
benchmark/laut/kaluza/802/sink.s3,1,0.035121
benchmark/laut/kaluza/1638/sink.s3,0,0.018045
benchmark/laut/kaluza/654/sink.s3,1,0.115818
benchmark/laut/kaluza/1052/sink.s3,1,0.217383
benchmark/laut/kaluza/1720/sink.s3,1,0.273371
benchmark/laut/kaluza/142/sink.s3,0,0.037769
benchmark/laut/kaluza/601/sink.s3,0,0.032663
benchmark/laut/kaluza/336/sink.s3,1,0.016475
benchmark/laut/kaluza/1512/sink.s3,0,0.020872
benchmark/laut/kaluza/550/sink.s3,0,0.118120
benchmark/laut/kaluza/894/sink.s3,0,0.117199
benchmark/laut/kaluza/1432/sink.s3,1,0.035088
benchmark/laut/kaluza/302/sink.s3,1,0.065318
benchmark/laut/kaluza/1282/sink.s3,0,0.017819
benchmark/laut/kaluza/1710/sink.s3,0,0.168220
benchmark/laut/kaluza/1086/sink.s3,0,0.067139
benchmark/laut/kaluza/65/sink.s3,1,1.527587
benchmark/laut/kaluza/1887/sink.s3,0,0.017487
benchmark/laut/kaluza/813/sink.s3,1,0.132789
benchmark/laut/kaluza/1649/sink.s3,0,0.116393
benchmark/laut/kaluza/1024/sink.s3,0,0.016436
benchmark/laut/kaluza/1870/sink.s3,1,0.271182
benchmark/laut/kaluza/134/sink.s3,0,0.169643
benchmark/laut/kaluza/805/sink.s3,1,0.066761
benchmark/laut/kaluza/1329/sink.s3,0,0.119147
benchmark/laut/kaluza/1963/sink.s3,0,0.167121
benchmark/laut/kaluza/1542/sink.s3,0,0.068429
benchmark/laut/kaluza/846/sink.s3,0,0.034869
benchmark/laut/kaluza/1567/sink.s3,0,0.017408
benchmark/laut/kaluza/1709/sink.s3,0,0.038563
benchmark/laut/kaluza/533/sink.s3,0,0.019300
benchmark/laut/kaluza/1069/sink.s3,1,0.116949
benchmark/laut/kaluza/1751/sink.s3,1,0.268546
benchmark/laut/kaluza/311/sink.s3,1,0.041415
benchmark/laut/kaluza/979/sink.s3,0,0.023762
benchmark/laut/kaluza/466/sink.s3,0,0.121240
benchmark/laut/kaluza/1262/sink.s3,0,0.068154
benchmark/laut/kaluza/714/sink.s3,0,0.017171
benchmark/laut/kaluza/1256/sink.s3,1,0.166829
benchmark/laut/kaluza/168/sink.s3,0,0.016436
benchmark/laut/kaluza/913/sink.s3,1,0.117029
benchmark/laut/kaluza/1058/sink.s3,1,0.218790
benchmark/laut/kaluza/820/sink.s3,1,0.031898
benchmark/laut/kaluza/1062/sink.s3,1,0.218495
benchmark/laut/kaluza/1819/sink.s3,1,0.033819
benchmark/laut/kaluza/1117/sink.s3,0,0.033037
benchmark/laut/kaluza/1244/sink.s3,0,0.034894
benchmark/laut/kaluza/1109/sink.s3,1,0.033389
benchmark/laut/kaluza/1853/sink.s3,1,0.217613
benchmark/laut/kaluza/672/sink.s3,0,0.018794
benchmark/laut/kaluza/522/sink.s3,1,0.043764
benchmark/laut/kaluza/1030/sink.s3,1,0.217902
benchmark/laut/kaluza/924/sink.s3,0,0.034788
benchmark/laut/kaluza/1137/sink.s3,0,0.032930
benchmark/laut/kaluza/1641/sink.s3,0,0.170887
benchmark/laut/kaluza/1568/sink.s3,0,0.033104
benchmark/laut/kaluza/153/sink.s3,1,0.115802
benchmark/laut/kaluza/285/sink.s3,0,0.017826
benchmark/laut/kaluza/631/sink.s3,1,0.271032
benchmark/laut/kaluza/62/sink.s3,0,0.068053
benchmark/laut/kaluza/1079/sink.s3,0,0.032987
benchmark/laut/kaluza/1185/sink.s3,0,0.119023
benchmark/laut/kaluza/689/sink.s3,1,0.268509
benchmark/laut/kaluza/1228/sink.s3,1,0.067911
benchmark/laut/kaluza/1199/sink.s3,1,0.115532
benchmark/laut/kaluza/1847/sink.s3,1,0.268311
benchmark/laut/kaluza/1895/sink.s3,0,0.041261
benchmark/laut/kaluza/1237/sink.s3,0,0.167055
benchmark/laut/kaluza/461/sink.s3,0,0.034289
benchmark/laut/kaluza/1829/sink.s3,1,0.269916
benchmark/laut/kaluza/1147/sink.s3,0,0.227887
benchmark/laut/kaluza/1438/sink.s3,0,0.072291
benchmark/laut/kaluza/1651/sink.s3,0,0.065560
benchmark/laut/kaluza/717/sink.s3,0,0.017647
benchmark/laut/kaluza/109/sink.s3,1,0.038009
benchmark/laut/kaluza/1304/sink.s3,0,0.116389
benchmark/laut/kaluza/646/sink.s3,0,0.115454
benchmark/laut/kaluza/176/sink.s3,1,0.572382
benchmark/laut/kaluza/1398/sink.s3,0,0.067232
benchmark/laut/kaluza/126/sink.s3,1,0.623106
benchmark/laut/kaluza/379/sink.s3,1,0.066636
benchmark/laut/kaluza/1674/sink.s3,1,0.217681
benchmark/laut/kaluza/1004/sink.s3,1,0.115247
benchmark/laut/kaluza/505/sink.s3,1,0.018048
benchmark/laut/kaluza/1959/sink.s3,0,0.038045
benchmark/laut/kaluza/452/sink.s3,1,0.018128
benchmark/laut/kaluza/949/sink.s3,0,0.018616
benchmark/laut/kaluza/1105/sink.s3,1,0.219767
benchmark/laut/kaluza/498/sink.s3,1,0.167966
benchmark/laut/kaluza/734/sink.s3,1,0.269705
benchmark/laut/kaluza/1281/sink.s3,1,0.066347
benchmark/laut/kaluza/1477/sink.s3,0,0.017679
benchmark/laut/kaluza/1549/sink.s3,0,0.033940
benchmark/laut/kaluza/1031/sink.s3,0,0.033829
benchmark/laut/kaluza/1310/sink.s3,1,0.168943
benchmark/laut/kaluza/1166/sink.s3,0,0.032960
benchmark/laut/kaluza/1781/sink.s3,1,0.066232
benchmark/laut/kaluza/1372/sink.s3,0,0.067561
benchmark/laut/kaluza/1603/sink.s3,0,0.217779
benchmark/laut/kaluza/1572/sink.s3,1,0.022725
benchmark/laut/kaluza/98/sink.s3,1,0.148162
benchmark/laut/kaluza/197/sink.s3,1,0.018091
benchmark/laut/kaluza/517/sink.s3,0,0.033222
benchmark/laut/kaluza/1226/sink.s3,0,0.117514
benchmark/laut/kaluza/1230/sink.s3,0,0.016422
benchmark/laut/kaluza/1435/sink.s3,1,0.032947
benchmark/laut/kaluza/328/sink.s3,1,0.017389
benchmark/laut/kaluza/1713/sink.s3,1,0.266677
benchmark/laut/kaluza/1634/sink.s3,0,0.038730
benchmark/laut/kaluza/299/sink.s3,1,0.023277
benchmark/laut/kaluza/559/sink.s3,0,0.064703
benchmark/laut/kaluza/322/sink.s3,0,0.016320
benchmark/laut/kaluza/478/sink.s3,1,0.067685
benchmark/laut/kaluza/1444/sink.s3,1,0.276161
benchmark/laut/kaluza/107/sink.s3,1,0.035189
benchmark/laut/kaluza/1474/sink.s3,0,0.033900
benchmark/laut/kaluza/1722/sink.s3,0,0.017839
benchmark/laut/kaluza/896/sink.s3,1,0.065754
benchmark/laut/kaluza/1632/sink.s3,0,0.478401
benchmark/laut/kaluza/1507/sink.s3,1,0.118933
benchmark/laut/kaluza/1838/sink.s3,0,0.016341
benchmark/laut/kaluza/1619/sink.s3,1,0.129521
benchmark/laut/kaluza/1629/sink.s3,0,0.170751
benchmark/laut/kaluza/1761/sink.s3,1,0.217994
benchmark/laut/kaluza/1442/sink.s3,0,0.016799
benchmark/laut/kaluza/1820/sink.s3,0,0.024168
benchmark/laut/kaluza/207/sink.s3,1,0.033136
benchmark/laut/kaluza/958/sink.s3,1,0.274114
benchmark/laut/kaluza/1373/sink.s3,1,0.018400
benchmark/laut/kaluza/457/sink.s3,1,0.273380
benchmark/laut/kaluza/227/sink.s3,1,0.118710
benchmark/laut/kaluza/1053/sink.s3,0,0.032988
benchmark/laut/kaluza/1581/sink.s3,0,0.017903
benchmark/laut/kaluza/1467/sink.s3,0,0.033286
benchmark/laut/kaluza/1169/sink.s3,1,0.168166
benchmark/laut/kaluza/701/sink.s3,1,0.116633
benchmark/laut/kaluza/998/sink.s3,1,0.033692
benchmark/laut/kaluza/394/sink.s3,0,0.168178
benchmark/laut/kaluza/973/sink.s3,0,0.033157
benchmark/laut/kaluza/898/sink.s3,1,0.115344
benchmark/laut/kaluza/659/sink.s3,0,0.016718
benchmark/laut/kaluza/1283/sink.s3,1,0.077056
benchmark/laut/kaluza/422/sink.s3,1,0.219068
benchmark/laut/kaluza/1094/sink.s3,1,0.118978
benchmark/laut/kaluza/445/sink.s3,1,0.824931
benchmark/laut/kaluza/1431/sink.s3,0,0.116009
benchmark/laut/kaluza/1343/sink.s3,0,0.065520
benchmark/laut/kaluza/430/sink.s3,0,0.064427
benchmark/laut/kaluza/693/sink.s3,0,0.034849
benchmark/laut/kaluza/333/sink.s3,1,0.016611
benchmark/laut/kaluza/1414/sink.s3,0,0.067142
benchmark/laut/kaluza/1285/sink.s3,1,0.066195
benchmark/laut/kaluza/888/sink.s3,1,0.167841
benchmark/laut/kaluza/688/sink.s3,1,0.268723
benchmark/laut/kaluza/879/sink.s3,1,0.067449
benchmark/laut/kaluza/486/sink.s3,1,0.216701
benchmark/laut/kaluza/710/sink.s3,0,0.116530
benchmark/laut/kaluza/1530/sink.s3,1,0.034736
benchmark/laut/kaluza/1148/sink.s3,0,0.169792
benchmark/laut/kaluza/1711/sink.s3,0,0.017657
benchmark/laut/kaluza/954/sink.s3,0,0.124701
benchmark/laut/kaluza/892/sink.s3,0,0.167759
benchmark/laut/kaluza/901/sink.s3,0,0.033522
benchmark/laut/kaluza/1133/sink.s3,1,0.019223
benchmark/laut/kaluza/754/sink.s3,0,0.071347
benchmark/laut/kaluza/1212/sink.s3,1,0.017099
benchmark/laut/kaluza/224/sink.s3,1,0.065401
benchmark/laut/kaluza/1901/sink.s3,1,0.220457
benchmark/laut/kaluza/1207/sink.s3,1,0.273854
benchmark/laut/kaluza/1952/sink.s3,0,0.068844
benchmark/laut/kaluza/905/sink.s3,0,0.066126
benchmark/laut/kaluza/1523/sink.s3,1,0.066210
benchmark/laut/kaluza/337/sink.s3,0,0.168989
benchmark/laut/kaluza/860/sink.s3,1,0.074497
benchmark/laut/kaluza/539/sink.s3,1,0.167411
benchmark/laut/kaluza/1218/sink.s3,1,0.039661
benchmark/laut/kaluza/1392/sink.s3,1,0.218539
benchmark/laut/kaluza/417/sink.s3,1,0.221199
benchmark/laut/kaluza/424/sink.s3,0,0.020466
benchmark/laut/kaluza/915/sink.s3,0,0.118553
benchmark/laut/kaluza/1324/sink.s3,1,0.268972
benchmark/laut/kaluza/286/sink.s3,0,0.065098
benchmark/laut/kaluza/635/sink.s3,0,0.032791
benchmark/laut/kaluza/268/sink.s3,1,0.167837
benchmark/laut/kaluza/1254/sink.s3,1,0.217355
benchmark/laut/kaluza/1585/sink.s3,1,0.217818
benchmark/laut/kaluza/662/sink.s3,1,0.269476
benchmark/laut/kaluza/1025/sink.s3,1,0.219281
benchmark/laut/kaluza/983/sink.s3,0,0.033518
benchmark/laut/kaluza/175/sink.s3,0,0.032908
benchmark/laut/kaluza/353/sink.s3,1,0.268590
benchmark/laut/kaluza/1509/sink.s3,0,0.070988
benchmark/laut/kaluza/1550/sink.s3,1,0.129465
benchmark/laut/kaluza/1740/sink.s3,1,0.067458
benchmark/laut/kaluza/1574/sink.s3,1,0.067636
benchmark/laut/kaluza/1182/sink.s3,0,0.017853
benchmark/laut/kaluza/1407/sink.s3,1,0.278586
benchmark/laut/kaluza/1983/sink.s3,0,0.070393
benchmark/laut/kaluza/1498/sink.s3,0,0.034492
benchmark/laut/kaluza/352/sink.s3,0,0.220747
benchmark/laut/kaluza/1644/sink.s3,0,0.071790
benchmark/laut/kaluza/17/sink.s3,1,0.016733
benchmark/laut/kaluza/22/sink.s3,1,0.024206
benchmark/laut/kaluza/1597/sink.s3,0,0.033389
benchmark/laut/kaluza/1727/sink.s3,1,0.268654
benchmark/laut/kaluza/775/sink.s3,1,0.218214
benchmark/laut/kaluza/99/sink.s3,1,0.016507
benchmark/laut/kaluza/1991/sink.s3,0,0.010350
benchmark/laut/kaluza/1878/sink.s3,0,0.036592
benchmark/laut/kaluza/726/sink.s3,1,0.215898
benchmark/laut/kaluza/1106/sink.s3,1,0.270201
benchmark/laut/kaluza/1951/sink.s3,1,0.117074
benchmark/laut/kaluza/25/sink.s3,1,0.118505
benchmark/laut/kaluza/1434/sink.s3,1,0.217442
benchmark/laut/kaluza/75/sink.s3,1,0.173945
benchmark/laut/kaluza/1252/sink.s3,0,0.032492
benchmark/laut/kaluza/1332/sink.s3,1,0.266560
benchmark/laut/kaluza/1219/sink.s3,1,0.275647
benchmark/laut/kaluza/1822/sink.s3,1,0.220016
benchmark/laut/kaluza/1654/sink.s3,1,0.035121
benchmark/laut/kaluza/1466/sink.s3,1,0.271332
benchmark/laut/kaluza/639/sink.s3,1,0.271657
benchmark/laut/kaluza/1172/sink.s3,0,0.038111
benchmark/laut/kaluza/1788/sink.s3,0,0.033862
benchmark/laut/kaluza/1916/sink.s3,1,0.036030
benchmark/laut/kaluza/41/sink.s3,0,0.017846
benchmark/laut/kaluza/243/sink.s3,1,0.033121
benchmark/laut/kaluza/604/sink.s3,0,0.020626
benchmark/laut/kaluza/1081/sink.s3,0,0.120198
benchmark/laut/kaluza/715/sink.s3,0,0.120744
benchmark/laut/kaluza/784/sink.s3,0,0.039071
benchmark/laut/kaluza/1719/sink.s3,0,0.018559
benchmark/laut/kaluza/1666/sink.s3,1,0.016489
benchmark/laut/kaluza/1047/sink.s3,0,0.019035
benchmark/laut/kaluza/1415/sink.s3,0,0.034606
benchmark/laut/kaluza/1780/sink.s3,1,0.021317
benchmark/laut/kaluza/428/sink.s3,0,0.166653
benchmark/laut/kaluza/1066/sink.s3,0,0.018081
benchmark/laut/kaluza/1768/sink.s3,0,0.017807
benchmark/laut/kaluza/736/sink.s3,1,0.269316
benchmark/laut/kaluza/1269/sink.s3,0,0.065654
benchmark/laut/kaluza/421/sink.s3,0,0.018014
benchmark/laut/kaluza/1555/sink.s3,1,0.024240
benchmark/laut/kaluza/1433/sink.s3,0,0.032843
benchmark/laut/kaluza/1877/sink.s3,1,0.018508
benchmark/laut/kaluza/397/sink.s3,0,0.038336
benchmark/laut/kaluza/725/sink.s3,1,0.017894
benchmark/laut/kaluza/524/sink.s3,0,0.034940
benchmark/laut/kaluza/73/sink.s3,1,0.066470
benchmark/laut/kaluza/1092/sink.s3,0,0.069756
benchmark/laut/kaluza/100/sink.s3,1,0.032796
benchmark/laut/kaluza/96/sink.s3,0,0.065847
benchmark/laut/kaluza/141/sink.s3,1,0.120229
benchmark/laut/kaluza/890/sink.s3,0,0.119776
benchmark/laut/kaluza/1881/sink.s3,0,0.118781
benchmark/laut/kaluza/324/sink.s3,1,0.032417
benchmark/laut/kaluza/834/sink.s3,0,0.033467
benchmark/laut/kaluza/595/sink.s3,0,0.117668
benchmark/laut/kaluza/317/sink.s3,1,0.070059
benchmark/laut/kaluza/1529/sink.s3,0,0.039484
benchmark/laut/kaluza/1944/sink.s3,1,0.271151
benchmark/laut/kaluza/652/sink.s3,0,0.033533
benchmark/laut/kaluza/1292/sink.s3,1,0.168188
benchmark/laut/kaluza/1501/sink.s3,0,0.019843
benchmark/laut/kaluza/557/sink.s3,0,0.119200
benchmark/laut/kaluza/893/sink.s3,0,0.121185
benchmark/laut/kaluza/570/sink.s3,0,0.068863
benchmark/laut/kaluza/1206/sink.s3,0,0.016425
benchmark/laut/kaluza/1290/sink.s3,0,0.117408
benchmark/laut/kaluza/130/sink.s3,1,0.115448
benchmark/laut/kaluza/1659/sink.s3,1,0.220483
benchmark/laut/kaluza/210/sink.s3,1,0.035111
benchmark/laut/kaluza/1706/sink.s3,1,0.275106
benchmark/laut/kaluza/1379/sink.s3,1,0.117085
benchmark/laut/kaluza/1009/sink.s3,1,0.034042
benchmark/laut/kaluza/1235/sink.s3,1,0.168084
benchmark/laut/kaluza/1317/sink.s3,1,0.036331
benchmark/laut/kaluza/443/sink.s3,1,0.019258
benchmark/laut/kaluza/1949/sink.s3,0,0.034160
benchmark/laut/kaluza/1656/sink.s3,0,0.022280
benchmark/laut/kaluza/992/sink.s3,1,0.034670
benchmark/laut/kaluza/932/sink.s3,0,0.033545
benchmark/laut/kaluza/1246/sink.s3,1,0.119985
benchmark/laut/kaluza/1615/sink.s3,0,0.019430
benchmark/laut/kaluza/385/sink.s3,0,0.020787
benchmark/laut/kaluza/1440/sink.s3,0,0.123346
benchmark/laut/kaluza/1812/sink.s3,1,0.218615
benchmark/laut/kaluza/1730/sink.s3,1,0.115007
benchmark/laut/kaluza/840/sink.s3,1,0.020826
benchmark/laut/kaluza/367/sink.s3,0,0.025143
benchmark/laut/kaluza/35/sink.s3,1,0.166677
benchmark/laut/kaluza/1635/sink.s3,1,0.220582
benchmark/laut/kaluza/1257/sink.s3,1,0.019557
benchmark/laut/kaluza/31/sink.s3,1,0.021769
benchmark/laut/kaluza/437/sink.s3,1,0.270083
benchmark/laut/kaluza/48/sink.s3,1,0.066577
benchmark/laut/kaluza/1385/sink.s3,0,0.173385
benchmark/laut/kaluza/1826/sink.s3,1,0.016789
benchmark/laut/kaluza/991/sink.s3,1,0.434850
benchmark/laut/kaluza/1337/sink.s3,0,0.016850
benchmark/laut/kaluza/1954/sink.s3,1,0.230421
benchmark/laut/kaluza/1697/sink.s3,0,0.118065
benchmark/laut/kaluza/229/sink.s3,0,0.116536
benchmark/laut/kaluza/1515/sink.s3,0,0.066000
benchmark/laut/kaluza/272/sink.s3,1,0.167262
benchmark/laut/kaluza/704/sink.s3,0,0.266624
benchmark/laut/kaluza/241/sink.s3,1,0.071076
benchmark/laut/kaluza/1336/sink.s3,0,0.033325
benchmark/laut/kaluza/1525/sink.s3,0,0.034043
benchmark/laut/kaluza/423/sink.s3,0,0.032973
benchmark/laut/kaluza/1994/sink.s3,1,0.275044
benchmark/laut/kaluza/819/sink.s3,1,0.172723
benchmark/laut/kaluza/346/sink.s3,0,0.115896
benchmark/laut/kaluza/789/sink.s3,0,0.016312
benchmark/laut/kaluza/1459/sink.s3,0,0.017997
benchmark/laut/kaluza/801/sink.s3,1,0.116421
benchmark/laut/kaluza/1532/sink.s3,1,0.033726
benchmark/laut/kaluza/895/sink.s3,1,0.166666
benchmark/laut/kaluza/111/sink.s3,1,0.067718
benchmark/laut/kaluza/997/sink.s3,1,0.367725
benchmark/laut/kaluza/1717/sink.s3,1,0.040464
benchmark/laut/kaluza/731/sink.s3,t,0.0
benchmark/laut/kaluza/1783/sink.s3,1,0.122329
benchmark/laut/kaluza/74/sink.s3,1,1.626160
benchmark/laut/kaluza/1873/sink.s3,0,0.271642
benchmark/laut/kaluza/234/sink.s3,1,0.822953
benchmark/laut/kaluza/1197/sink.s3,1,0.166066
benchmark/laut/kaluza/161/sink.s3,1,0.269431
benchmark/laut/kaluza/1561/sink.s3,1,0.320446
benchmark/laut/kaluza/1087/sink.s3,1,0.166908
benchmark/laut/kaluza/799/sink.s3,1,0.167566
benchmark/laut/kaluza/279/sink.s3,1,0.116921
benchmark/laut/kaluza/990/sink.s3,0,0.033036
benchmark/laut/kaluza/249/sink.s3,0,0.065956
benchmark/laut/kaluza/215/sink.s3,1,0.116863
benchmark/laut/kaluza/743/sink.s3,0,0.116340
benchmark/laut/kaluza/677/sink.s3,1,0.118546
benchmark/laut/kaluza/469/sink.s3,1,0.118022
benchmark/laut/kaluza/459/sink.s3,0,0.066907
benchmark/laut/kaluza/225/sink.s3,0,0.220193
benchmark/laut/kaluza/686/sink.s3,1,0.269366
benchmark/laut/kaluza/597/sink.s3,0,0.065537
benchmark/laut/kaluza/1265/sink.s3,0,0.065435
benchmark/laut/kaluza/97/sink.s3,0,0.172464
benchmark/laut/kaluza/23/sink.s3,1,0.066279
benchmark/laut/kaluza/1891/sink.s3,0,0.065522
benchmark/laut/kaluza/696/sink.s3,1,0.220992
benchmark/laut/kaluza/384/sink.s3,0,0.065745
benchmark/laut/kaluza/292/sink.s3,0,0.017199
benchmark/laut/kaluza/355/sink.s3,1,0.168201
benchmark/laut/kaluza/1852/sink.s3,0,0.016418
benchmark/laut/kaluza/1150/sink.s3,1,0.325537
benchmark/laut/kaluza/1288/sink.s3,1,0.020151
benchmark/laut/kaluza/1294/sink.s3,1,0.067939
benchmark/laut/kaluza/617/sink.s3,0,0.033279
benchmark/laut/kaluza/357/sink.s3,0,0.119684
benchmark/laut/kaluza/190/sink.s3,0,0.020051
benchmark/laut/kaluza/47/sink.s3,0,0.035330
benchmark/laut/kaluza/387/sink.s3,0,0.217246
benchmark/laut/kaluza/1043/sink.s3,1,0.017527
benchmark/laut/kaluza/842/sink.s3,1,0.125256
benchmark/laut/kaluza/502/sink.s3,0,0.115492
benchmark/laut/kaluza/1388/sink.s3,0,0.034387
benchmark/laut/kaluza/258/sink.s3,1,0.167686
benchmark/laut/kaluza/1253/sink.s3,0,0.068509
benchmark/laut/kaluza/656/sink.s3,0,0.168546
benchmark/laut/kaluza/1831/sink.s3,1,0.216500
benchmark/laut/kaluza/937/sink.s3,0,0.036418
benchmark/laut/kaluza/289/sink.s3,1,0.121524
benchmark/laut/kaluza/1671/sink.s3,0,0.034150
benchmark/laut/kaluza/1016/sink.s3,0,0.022518
benchmark/laut/kaluza/1885/sink.s3,1,0.070950
benchmark/laut/kaluza/1506/sink.s3,1,0.034609
benchmark/laut/kaluza/1250/sink.s3,1,0.270174
benchmark/laut/kaluza/844/sink.s3,0,0.068281
benchmark/laut/kaluza/1503/sink.s3,1,0.035220
benchmark/laut/kaluza/1213/sink.s3,1,0.269255
benchmark/laut/kaluza/1102/sink.s3,1,0.122227
benchmark/laut/kaluza/509/sink.s3,1,0.271695
benchmark/laut/kaluza/1368/sink.s3,0,0.033765
benchmark/laut/kaluza/441/sink.s3,0,0.017236
benchmark/laut/kaluza/877/sink.s3,1,0.219329
benchmark/laut/kaluza/977/sink.s3,0,0.017203
benchmark/laut/kaluza/695/sink.s3,1,0.019695
benchmark/laut/kaluza/699/sink.s3,0,0.017137
benchmark/laut/kaluza/1776/sink.s3,0,0.066799
benchmark/laut/kaluza/666/sink.s3,1,0.017013
benchmark/laut/kaluza/648/sink.s3,1,0.219058
benchmark/laut/kaluza/1775/sink.s3,0,0.166967
benchmark/laut/kaluza/1541/sink.s3,1,0.116632
benchmark/laut/kaluza/566/sink.s3,0,0.018949
benchmark/laut/kaluza/1470/sink.s3,1,0.035092
benchmark/laut/kaluza/943/sink.s3,0,0.019462
benchmark/laut/kaluza/1866/sink.s3,0,0.117307
benchmark/laut/kaluza/1393/sink.s3,0,0.069050
benchmark/laut/kaluza/769/sink.s3,1,0.033435
benchmark/laut/kaluza/1865/sink.s3,0,0.018609
benchmark/laut/kaluza/1964/sink.s3,1,0.034223
benchmark/laut/kaluza/310/sink.s3,1,0.070679
benchmark/laut/kaluza/1493/sink.s3,0,0.017412
benchmark/laut/kaluza/181/sink.s3,1,2.296588
benchmark/laut/kaluza/172/sink.s3,1,0.034430
benchmark/laut/kaluza/412/sink.s3,1,0.223932
benchmark/laut/kaluza/1658/sink.s3,1,0.270163
benchmark/laut/kaluza/368/sink.s3,1,0.115234
benchmark/laut/kaluza/558/sink.s3,0,0.032688
benchmark/laut/kaluza/786/sink.s3,1,0.115530
benchmark/laut/kaluza/146/sink.s3,1,0.067138
benchmark/laut/kaluza/1429/sink.s3,0,0.268634
benchmark/laut/kaluza/1023/sink.s3,0,0.017277
benchmark/laut/kaluza/1827/sink.s3,0,0.017843
benchmark/laut/kaluza/1571/sink.s3,1,0.216421
benchmark/laut/kaluza/1598/sink.s3,0,0.118100
benchmark/laut/kaluza/934/sink.s3,0,0.067772
benchmark/laut/kaluza/690/sink.s3,1,0.116903
benchmark/laut/kaluza/475/sink.s3,0,0.036990
benchmark/laut/kaluza/1712/sink.s3,0,0.019770
benchmark/laut/kaluza/307/sink.s3,1,0.115534
benchmark/laut/kaluza/436/sink.s3,1,0.370918
benchmark/laut/kaluza/1492/sink.s3,1,0.269136
benchmark/laut/kaluza/1773/sink.s3,0,0.081575
benchmark/laut/kaluza/687/sink.s3,1,0.167905
benchmark/laut/kaluza/1196/sink.s3,0,0.017392
benchmark/laut/kaluza/748/sink.s3,1,0.222333
benchmark/laut/kaluza/1481/sink.s3,1,0.270133
benchmark/laut/kaluza/1003/sink.s3,0,0.017506
benchmark/laut/kaluza/1661/sink.s3,1,0.022753
benchmark/laut/kaluza/727/sink.s3,0,0.017162
benchmark/laut/kaluza/51/sink.s3,0,0.032594
benchmark/laut/kaluza/1888/sink.s3,1,0.267389
benchmark/laut/kaluza/904/sink.s3,1,0.069975
benchmark/laut/kaluza/1299/sink.s3,1,0.171081
benchmark/laut/kaluza/1075/sink.s3,0,0.017002
benchmark/laut/kaluza/301/sink.s3,0,0.037425
benchmark/laut/kaluza/465/sink.s3,1,0.017672
benchmark/laut/kaluza/825/sink.s3,0,0.040852
benchmark/laut/kaluza/624/sink.s3,0,0.065351
benchmark/laut/kaluza/1045/sink.s3,0,0.017053
benchmark/laut/kaluza/808/sink.s3,0,0.033463
benchmark/laut/kaluza/1128/sink.s3,0,0.069123
benchmark/laut/kaluza/185/sink.s3,0,0.035506
benchmark/laut/kaluza/1558/sink.s3,1,0.118080
benchmark/laut/kaluza/740/sink.s3,0,0.034877
benchmark/laut/kaluza/587/sink.s3,1,0.127137
benchmark/laut/kaluza/156/sink.s3,1,0.168308
benchmark/laut/kaluza/1968/sink.s3,0,0.017530
benchmark/laut/kaluza/1115/sink.s3,0,0.034171
benchmark/laut/kaluza/1305/sink.s3,0,0.017585
benchmark/laut/kaluza/771/sink.s3,1,0.019161
benchmark/laut/kaluza/1737/sink.s3,0,0.067043
benchmark/laut/kaluza/1908/sink.s3,1,0.038915
benchmark/laut/kaluza/953/sink.s3,0,0.116787
benchmark/laut/kaluza/323/sink.s3,1,0.168529
benchmark/laut/kaluza/1041/sink.s3,1,0.270127
benchmark/laut/kaluza/93/sink.s3,1,0.121331
benchmark/laut/kaluza/1758/sink.s3,1,0.016479
benchmark/laut/kaluza/1925/sink.s3,0,0.019831
benchmark/laut/kaluza/831/sink.s3,1,0.033999
benchmark/laut/kaluza/386/sink.s3,1,0.018032
benchmark/laut/kaluza/1417/sink.s3,0,0.016862
benchmark/laut/kaluza/1271/sink.s3,0,0.033245
benchmark/laut/kaluza/1544/sink.s3,0,0.024544
benchmark/laut/kaluza/1439/sink.s3,t,0.0
benchmark/laut/kaluza/1631/sink.s3,1,0.368608
benchmark/laut/kaluza/711/sink.s3,0,0.016484
benchmark/laut/kaluza/1101/sink.s3,0,0.016917
benchmark/laut/kaluza/1173/sink.s3,0,0.166801
benchmark/laut/kaluza/1604/sink.s3,0,0.167381
benchmark/laut/kaluza/663/sink.s3,0,0.066077
benchmark/laut/kaluza/1216/sink.s3,0,0.116606
benchmark/laut/kaluza/567/sink.s3,1,0.921344
benchmark/laut/kaluza/1055/sink.s3,1,0.033219
benchmark/laut/kaluza/1179/sink.s3,1,0.265500
benchmark/laut/kaluza/1576/sink.s3,1,0.266268
benchmark/laut/kaluza/942/sink.s3,0,0.017110
benchmark/laut/kaluza/1097/sink.s3,0,0.019416
benchmark/laut/kaluza/520/sink.s3,1,0.267597
benchmark/laut/kaluza/429/sink.s3,0,0.015974
benchmark/laut/kaluza/878/sink.s3,0,0.166019
benchmark/laut/kaluza/1195/sink.s3,1,0.016514
benchmark/laut/kaluza/87/sink.s3,1,0.115806
benchmark/laut/kaluza/709/sink.s3,0,0.016406
benchmark/laut/kaluza/874/sink.s3,0,0.030491
benchmark/laut/kaluza/785/sink.s3,1,0.020306
benchmark/laut/kaluza/606/sink.s3,0,0.036646
benchmark/laut/kaluza/88/sink.s3,1,0.067350
benchmark/laut/kaluza/1647/sink.s3,0,0.071953
benchmark/laut/kaluza/266/sink.s3,1,0.067154
benchmark/laut/kaluza/1807/sink.s3,1,0.117520
benchmark/laut/kaluza/1453/sink.s3,0,0.015299
benchmark/laut/kaluza/1989/sink.s3,1,0.038573
benchmark/laut/kaluza/965/sink.s3,0,0.034261
benchmark/laut/kaluza/1140/sink.s3,1,0.033351
benchmark/laut/kaluza/2000/sink.s3,1,0.017314
benchmark/laut/kaluza/1552/sink.s3,1,0.033061
benchmark/laut/kaluza/1795/sink.s3,1,0.033309
benchmark/laut/kaluza/1937/sink.s3,1,0.018944
benchmark/laut/kaluza/1612/sink.s3,0,0.033857
benchmark/laut/kaluza/543/sink.s3,0,0.032459
benchmark/laut/kaluza/470/sink.s3,1,0.224790
benchmark/laut/kaluza/1747/sink.s3,0,0.033327
benchmark/laut/kaluza/579/sink.s3,0,0.115881
benchmark/laut/kaluza/1099/sink.s3,1,0.267395
benchmark/laut/kaluza/1996/sink.s3,0,0.117024
benchmark/laut/kaluza/1915/sink.s3,1,0.037649
benchmark/laut/kaluza/996/sink.s3,1,0.066056
benchmark/laut/kaluza/454/sink.s3,1,0.274407
benchmark/laut/kaluza/214/sink.s3,1,0.068573
benchmark/laut/kaluza/529/sink.s3,0,0.173083
benchmark/laut/kaluza/738/sink.s3,1,0.476794
benchmark/laut/kaluza/580/sink.s3,0,0.035933
benchmark/laut/kaluza/947/sink.s3,1,0.219903
benchmark/laut/kaluza/1533/sink.s3,0,0.016050
benchmark/laut/kaluza/1906/sink.s3,0,0.034806
benchmark/laut/kaluza/751/sink.s3,0,0.017105
benchmark/laut/kaluza/1223/sink.s3,0,0.017241
benchmark/laut/kaluza/1551/sink.s3,1,0.115908
benchmark/laut/kaluza/204/sink.s3,1,1.271969
benchmark/laut/kaluza/723/sink.s3,1,0.167062
benchmark/laut/kaluza/325/sink.s3,1,0.034398
benchmark/laut/kaluza/1546/sink.s3,0,0.168921
benchmark/laut/kaluza/773/sink.s3,0,0.017195
benchmark/laut/kaluza/1149/sink.s3,0,0.017249
benchmark/laut/kaluza/152/sink.s3,1,0.117144
benchmark/laut/kaluza/1955/sink.s3,1,0.267367
benchmark/laut/kaluza/596/sink.s3,0,0.017848
benchmark/laut/kaluza/615/sink.s3,1,0.320616
benchmark/laut/kaluza/1517/sink.s3,0,0.022257
benchmark/laut/kaluza/150/sink.s3,1,0.016941
benchmark/laut/kaluza/136/sink.s3,0,0.065850
benchmark/laut/kaluza/1798/sink.s3,1,0.018568
benchmark/laut/kaluza/791/sink.s3,0,0.017853
benchmark/laut/kaluza/1316/sink.s3,1,0.018400
benchmark/laut/kaluza/1116/sink.s3,1,0.116249
benchmark/laut/kaluza/1545/sink.s3,0,0.066653
benchmark/laut/kaluza/694/sink.s3,1,0.065961
benchmark/laut/kaluza/928/sink.s3,0,0.033983
benchmark/laut/kaluza/78/sink.s3,1,0.034017
benchmark/laut/kaluza/843/sink.s3,0,0.117287
benchmark/laut/kaluza/1411/sink.s3,1,0.170833
benchmark/laut/kaluza/1473/sink.s3,0,0.034890
benchmark/laut/kaluza/1504/sink.s3,1,0.169572
benchmark/laut/kaluza/188/sink.s3,0,0.035869
benchmark/laut/kaluza/444/sink.s3,0,0.019035
benchmark/laut/kaluza/1688/sink.s3,1,0.219148
benchmark/laut/kaluza/501/sink.s3,1,0.271197
benchmark/laut/kaluza/513/sink.s3,1,0.035309
benchmark/laut/kaluza/1131/sink.s3,1,0.870308
benchmark/laut/kaluza/621/sink.s3,0,0.070126
benchmark/laut/kaluza/1583/sink.s3,0,0.118341
benchmark/laut/kaluza/645/sink.s3,1,0.272868
benchmark/laut/kaluza/1777/sink.s3,1,0.215852
benchmark/laut/kaluza/1313/sink.s3,0,0.066840
benchmark/laut/kaluza/948/sink.s3,1,0.217494
benchmark/laut/kaluza/189/sink.s3,1,0.728337
benchmark/laut/kaluza/724/sink.s3,0,0.120219
benchmark/laut/kaluza/1741/sink.s3,0,0.017998
benchmark/laut/kaluza/643/sink.s3,0,0.126184
benchmark/laut/kaluza/79/sink.s3,1,0.069193
benchmark/laut/kaluza/358/sink.s3,0,0.168836
benchmark/laut/kaluza/929/sink.s3,1,0.271092
benchmark/laut/kaluza/356/sink.s3,0,0.069328
benchmark/laut/kaluza/84/sink.s3,1,0.068035
benchmark/laut/kaluza/1070/sink.s3,1,0.267379
benchmark/laut/kaluza/103/sink.s3,1,0.018629
benchmark/laut/kaluza/719/sink.s3,1,2.230677
benchmark/laut/kaluza/940/sink.s3,0,0.017173
benchmark/laut/kaluza/1165/sink.s3,0,0.166427
benchmark/laut/kaluza/1936/sink.s3,1,0.016572
benchmark/laut/kaluza/409/sink.s3,1,0.035615
benchmark/laut/kaluza/1072/sink.s3,1,0.268160
benchmark/laut/kaluza/1419/sink.s3,0,0.016760
benchmark/laut/kaluza/897/sink.s3,1,0.167179
benchmark/laut/kaluza/1792/sink.s3,1,0.219676
benchmark/laut/kaluza/480/sink.s3,1,0.117229
benchmark/laut/kaluza/1705/sink.s3,0,0.016824
benchmark/laut/kaluza/1154/sink.s3,0,0.016663
benchmark/laut/kaluza/1298/sink.s3,1,0.217282
benchmark/laut/kaluza/779/sink.s3,0,0.033257
benchmark/laut/kaluza/1187/sink.s3,1,0.221439
benchmark/laut/kaluza/1157/sink.s3,1,0.075410
benchmark/laut/kaluza/1547/sink.s3,0,0.115611
benchmark/laut/kaluza/1118/sink.s3,1,0.115921
benchmark/laut/kaluza/1306/sink.s3,0,0.041620
benchmark/laut/kaluza/1999/sink.s3,0,0.065304
benchmark/laut/kaluza/568/sink.s3,1,0.168259
benchmark/laut/kaluza/883/sink.s3,0,0.017302
benchmark/laut/kaluza/1779/sink.s3,0,0.171249
benchmark/laut/kaluza/1628/sink.s3,1,0.274775
benchmark/laut/kaluza/332/sink.s3,1,0.070226
benchmark/laut/kaluza/818/sink.s3,1,0.319279
benchmark/laut/kaluza/957/sink.s3,0,0.017026
benchmark/laut/kaluza/12/sink.s3,0,0.016863
benchmark/laut/kaluza/1450/sink.s3,1,0.216118
benchmark/laut/kaluza/425/sink.s3,0,0.071247
benchmark/laut/kaluza/569/sink.s3,0,0.066605
benchmark/laut/kaluza/1538/sink.s3,0,0.016690
benchmark/laut/kaluza/1611/sink.s3,0,0.039468
benchmark/laut/kaluza/43/sink.s3,0,0.017789
benchmark/laut/kaluza/177/sink.s3,1,0.117941
benchmark/laut/kaluza/1640/sink.s3,1,0.217278
benchmark/laut/kaluza/82/sink.s3,1,1.132192
benchmark/laut/kaluza/1284/sink.s3,0,0.017250
benchmark/laut/kaluza/169/sink.s3,1,0.068387
benchmark/laut/kaluza/1447/sink.s3,0,0.033146
benchmark/laut/kaluza/1380/sink.s3,1,0.268489
benchmark/laut/kaluza/1803/sink.s3,1,0.426776
benchmark/laut/kaluza/1263/sink.s3,0,0.069096
benchmark/laut/kaluza/191/sink.s3,1,0.041511
benchmark/laut/kaluza/632/sink.s3,1,0.268485
benchmark/laut/kaluza/610/sink.s3,1,0.268041
benchmark/laut/kaluza/1345/sink.s3,0,0.066644
benchmark/laut/kaluza/667/sink.s3,1,0.216798
benchmark/laut/kaluza/1017/sink.s3,1,0.269875
benchmark/laut/kaluza/426/sink.s3,0,0.035230
benchmark/laut/kaluza/315/sink.s3,1,0.117339
benchmark/laut/kaluza/916/sink.s3,0,0.067259
benchmark/laut/kaluza/1570/sink.s3,0,0.168162
benchmark/laut/kaluza/767/sink.s3,1,0.219746
benchmark/laut/kaluza/1423/sink.s3,1,0.216328
benchmark/laut/kaluza/531/sink.s3,1,0.017284
benchmark/laut/kaluza/1657/sink.s3,1,0.017602
benchmark/laut/kaluza/1860/sink.s3,1,0.218898
benchmark/laut/kaluza/1731/sink.s3,0,0.018341
benchmark/laut/kaluza/1012/sink.s3,0,0.067506
benchmark/laut/kaluza/1914/sink.s3,1,0.268354
benchmark/laut/kaluza/464/sink.s3,1,0.270648
benchmark/laut/kaluza/614/sink.s3,1,0.121514
benchmark/laut/kaluza/1579/sink.s3,0,0.019033
benchmark/laut/kaluza/721/sink.s3,0,0.016354
benchmark/laut/kaluza/871/sink.s3,1,0.217111
benchmark/laut/kaluza/572/sink.s3,1,0.326582
benchmark/laut/kaluza/755/sink.s3,0,0.036244
benchmark/laut/kaluza/1483/sink.s3,0,0.034611
benchmark/laut/kaluza/1967/sink.s3,0,0.069203
benchmark/laut/kaluza/565/sink.s3,0,0.033684
benchmark/laut/kaluza/504/sink.s3,0,0.115243
benchmark/laut/kaluza/1718/sink.s3,1,0.067857
benchmark/laut/kaluza/1421/sink.s3,1,0.114985
benchmark/laut/kaluza/1910/sink.s3,1,0.066785
benchmark/laut/kaluza/553/sink.s3,0,0.018998
benchmark/laut/kaluza/1073/sink.s3,1,0.128751
benchmark/laut/kaluza/334/sink.s3,1,0.017239
benchmark/laut/kaluza/989/sink.s3,1,0.218900
benchmark/laut/kaluza/1125/sink.s3,0,0.036703
benchmark/laut/kaluza/641/sink.s3,0,0.035221
benchmark/laut/kaluza/1856/sink.s3,1,0.222976
benchmark/laut/kaluza/331/sink.s3,1,0.068161
benchmark/laut/kaluza/1008/sink.s3,1,0.119735
benchmark/laut/kaluza/560/sink.s3,1,0.067846
benchmark/laut/kaluza/463/sink.s3,0,0.033723
benchmark/laut/kaluza/541/sink.s3,1,0.066746
benchmark/laut/kaluza/511/sink.s3,1,0.120627
benchmark/laut/kaluza/1488/sink.s3,1,0.271808
benchmark/laut/kaluza/1491/sink.s3,0,0.169013
benchmark/laut/kaluza/1044/sink.s3,0,0.019592
benchmark/laut/kaluza/433/sink.s3,1,0.319723
benchmark/laut/kaluza/1088/sink.s3,1,0.216484
benchmark/laut/kaluza/1059/sink.s3,1,0.220272
benchmark/laut/kaluza/1912/sink.s3,1,0.016930
benchmark/laut/kaluza/1535/sink.s3,1,0.167464
benchmark/laut/kaluza/812/sink.s3,1,0.268808
benchmark/laut/kaluza/1566/sink.s3,0,0.374265
benchmark/laut/kaluza/139/sink.s3,1,0.186471
benchmark/laut/kaluza/1326/sink.s3,1,0.276298
benchmark/laut/kaluza/867/sink.s3,1,0.217850
benchmark/laut/kaluza/260/sink.s3,0,0.021066
benchmark/laut/kaluza/729/sink.s3,1,0.022002
benchmark/laut/kaluza/772/sink.s3,0,0.018689
benchmark/laut/kaluza/1938/sink.s3,0,0.170557
benchmark/laut/kaluza/410/sink.s3,1,0.038152
benchmark/laut/kaluza/1027/sink.s3,0,0.018279
benchmark/laut/kaluza/1982/sink.s3,0,0.166925
benchmark/laut/kaluza/642/sink.s3,0,0.122993
benchmark/laut/kaluza/1993/sink.s3,0,0.048767
benchmark/laut/kaluza/1238/sink.s3,1,0.219265