benchmark=kaluza,solver=cvc4,TO=20.000000
path,sat,time
benchmark/laut/kaluza/404/sink.smt2,1,4.935194
benchmark/laut/kaluza/1789/sink.smt2,0,0.273373
benchmark/laut/kaluza/1144/sink.smt2,0,0.172427
benchmark/laut/kaluza/1636/sink.smt2,0,0.990720
benchmark/laut/kaluza/405/sink.smt2,1,0.156222
benchmark/laut/kaluza/1800/sink.smt2,1,1.281817
benchmark/laut/kaluza/1211/sink.smt2,1,0.119143
benchmark/laut/kaluza/987/sink.smt2,0,1.138367
benchmark/laut/kaluza/968/sink.smt2,0,0.075889
benchmark/laut/kaluza/1484/sink.smt2,0,1.233516
benchmark/laut/kaluza/1514/sink.smt2,1,0.035375
benchmark/laut/kaluza/1799/sink.smt2,1,0.116548
benchmark/laut/kaluza/1065/sink.smt2,0,1.086334
benchmark/laut/kaluza/1382/sink.smt2,1,0.526645
benchmark/laut/kaluza/1836/sink.smt2,0,0.034078
benchmark/laut/kaluza/1508/sink.smt2,1,0.034937
benchmark/laut/kaluza/1725/sink.smt2,0,0.116103
benchmark/laut/kaluza/763/sink.smt2,1,0.219196
benchmark/laut/kaluza/1745/sink.smt2,1,0.066628
benchmark/laut/kaluza/1289/sink.smt2,1,0.069550
benchmark/laut/kaluza/811/sink.smt2,0,0.066481
benchmark/laut/kaluza/198/sink.smt2,0,0.066020
benchmark/laut/kaluza/765/sink.smt2,0,0.033510
benchmark/laut/kaluza/127/sink.smt2,1,0.068606
benchmark/laut/kaluza/647/sink.smt2,1,0.324808
benchmark/laut/kaluza/1241/sink.smt2,1,0.033487
benchmark/laut/kaluza/1969/sink.smt2,0,0.069661
benchmark/laut/kaluza/1460/sink.smt2,0,0.069815
benchmark/laut/kaluza/92/sink.smt2,1,0.066896
benchmark/laut/kaluza/1180/sink.smt2,0,0.117543
benchmark/laut/kaluza/1919/sink.smt2,1,0.067890
benchmark/laut/kaluza/135/sink.smt2,0,1.230018
benchmark/laut/kaluza/1894/sink.smt2,0,0.068446
benchmark/laut/kaluza/1613/sink.smt2,1,0.068158
benchmark/laut/kaluza/1590/sink.smt2,0,0.044775
benchmark/laut/kaluza/499/sink.smt2,1,0.118911
benchmark/laut/kaluza/512/sink.smt2,0,1.234582
benchmark/laut/kaluza/482/sink.smt2,1,0.017671
benchmark/laut/kaluza/585/sink.smt2,0,1.183995
benchmark/laut/kaluza/118/sink.smt2,0,0.066211
benchmark/laut/kaluza/1958/sink.smt2,0,0.068330
benchmark/laut/kaluza/1446/sink.smt2,1,0.036488
benchmark/laut/kaluza/886/sink.smt2,0,1.088816
benchmark/laut/kaluza/160/sink.smt2,1,0.068654
benchmark/laut/kaluza/1883/sink.smt2,0,0.066513
benchmark/laut/kaluza/1534/sink.smt2,0,0.070015
benchmark/laut/kaluza/814/sink.smt2,0,0.068372
benchmark/laut/kaluza/911/sink.smt2,0,0.116531
benchmark/laut/kaluza/1205/sink.smt2,0,0.035745
benchmark/laut/kaluza/388/sink.smt2,1,0.118938
benchmark/laut/kaluza/564/sink.smt2,1,0.067039
benchmark/laut/kaluza/1347/sink.smt2,0,0.034783
benchmark/laut/kaluza/1389/sink.smt2,1,0.066858
benchmark/laut/kaluza/1162/sink.smt2,1,0.035563
benchmark/laut/kaluza/487/sink.smt2,1,0.066851
benchmark/laut/kaluza/923/sink.smt2,0,0.070062
benchmark/laut/kaluza/702/sink.smt2,0,0.068215
benchmark/laut/kaluza/1351/sink.smt2,0,0.069604
benchmark/laut/kaluza/1002/sink.smt2,1,0.069087
benchmark/laut/kaluza/1564/sink.smt2,0,0.074587
benchmark/laut/kaluza/108/sink.smt2,0,0.068855
benchmark/laut/kaluza/381/sink.smt2,1,0.068603
benchmark/laut/kaluza/1824/sink.smt2,1,0.117556
benchmark/laut/kaluza/768/sink.smt2,0,0.069338
benchmark/laut/kaluza/295/sink.smt2,1,0.726725
benchmark/laut/kaluza/420/sink.smt2,0,0.034394
benchmark/laut/kaluza/823/sink.smt2,1,0.036290
benchmark/laut/kaluza/1752/sink.smt2,1,0.065428
benchmark/laut/kaluza/945/sink.smt2,1,0.066668
benchmark/laut/kaluza/64/sink.smt2,1,0.070040
benchmark/laut/kaluza/544/sink.smt2,1,0.017218
benchmark/laut/kaluza/80/sink.smt2,1,0.117167
benchmark/laut/kaluza/966/sink.smt2,1,0.033349
benchmark/laut/kaluza/1814/sink.smt2,0,0.067372
benchmark/laut/kaluza/561/sink.smt2,0,0.070661
benchmark/laut/kaluza/1602/sink.smt2,0,0.067140
benchmark/laut/kaluza/1333/sink.smt2,0,0.065932
benchmark/laut/kaluza/442/sink.smt2,1,0.069343
benchmark/laut/kaluza/186/sink.smt2,1,0.035025
benchmark/laut/kaluza/1848/sink.smt2,0,0.037727
benchmark/laut/kaluza/284/sink.smt2,1,0.066845
benchmark/laut/kaluza/53/sink.smt2,1,0.070000
benchmark/laut/kaluza/1868/sink.smt2,1,0.066807
benchmark/laut/kaluza/876/sink.smt2,1,0.116751
benchmark/laut/kaluza/411/sink.smt2,0,0.068143
benchmark/laut/kaluza/691/sink.smt2,1,0.067709
benchmark/laut/kaluza/1724/sink.smt2,1,0.068357
benchmark/laut/kaluza/759/sink.smt2,1,0.119006
benchmark/laut/kaluza/1420/sink.smt2,0,0.118003
benchmark/laut/kaluza/1765/sink.smt2,0,0.115158
benchmark/laut/kaluza/1876/sink.smt2,1,0.067463
benchmark/laut/kaluza/745/sink.smt2,0,0.066638
benchmark/laut/kaluza/121/sink.smt2,1,0.065487
benchmark/laut/kaluza/1835/sink.smt2,0,0.033390
benchmark/laut/kaluza/1122/sink.smt2,1,0.117710
benchmark/laut/kaluza/1200/sink.smt2,0,0.041328
benchmark/laut/kaluza/1437/sink.smt2,1,0.117897
benchmark/laut/kaluza/1334/sink.smt2,0,0.077071
benchmark/laut/kaluza/1913/sink.smt2,1,0.120647
benchmark/laut/kaluza/1174/sink.smt2,0,0.119665
benchmark/laut/kaluza/205/sink.smt2,0,0.035585
benchmark/laut/kaluza/149/sink.smt2,1,0.068194
benchmark/laut/kaluza/318/sink.smt2,1,0.119622
benchmark/laut/kaluza/1259/sink.smt2,1,0.071112
benchmark/laut/kaluza/1291/sink.smt2,1,0.035673
benchmark/laut/kaluza/1980/sink.smt2,0,0.034203
benchmark/laut/kaluza/174/sink.smt2,1,0.070608
benchmark/laut/kaluza/762/sink.smt2,1,0.035369
benchmark/laut/kaluza/30/sink.smt2,1,0.069385
benchmark/laut/kaluza/909/sink.smt2,1,0.070937
benchmark/laut/kaluza/316/sink.smt2,1,0.071294
benchmark/laut/kaluza/1077/sink.smt2,0,0.121217
benchmark/laut/kaluza/1742/sink.smt2,0,0.019862
benchmark/laut/kaluza/1156/sink.smt2,0,0.036803
benchmark/laut/kaluza/1668/sink.smt2,0,0.068817
benchmark/laut/kaluza/211/sink.smt2,1,0.066597
benchmark/laut/kaluza/167/sink.smt2,1,0.016502
benchmark/laut/kaluza/1689/sink.smt2,0,0.068069
benchmark/laut/kaluza/851/sink.smt2,0,0.067885
benchmark/laut/kaluza/1917/sink.smt2,0,0.067948
benchmark/laut/kaluza/839/sink.smt2,1,0.037691
benchmark/laut/kaluza/1471/sink.smt2,1,0.066711
benchmark/laut/kaluza/620/sink.smt2,1,0.067390
benchmark/laut/kaluza/1184/sink.smt2,1,0.017677
benchmark/laut/kaluza/1245/sink.smt2,1,0.071000
benchmark/laut/kaluza/873/sink.smt2,1,0.038972
benchmark/laut/kaluza/467/sink.smt2,0,0.035273
benchmark/laut/kaluza/1091/sink.smt2,1,0.034001
benchmark/laut/kaluza/1701/sink.smt2,1,0.068572
benchmark/laut/kaluza/489/sink.smt2,1,0.018307
benchmark/laut/kaluza/276/sink.smt2,1,0.067720
benchmark/laut/kaluza/1239/sink.smt2,1,0.078613
benchmark/laut/kaluza/1834/sink.smt2,0,0.035190
benchmark/laut/kaluza/605/sink.smt2,0,0.037105
benchmark/laut/kaluza/510/sink.smt2,1,0.019301
benchmark/laut/kaluza/1061/sink.smt2,1,0.067943
benchmark/laut/kaluza/1082/sink.smt2,0,0.008497
benchmark/laut/kaluza/1729/sink.smt2,0,0.008499
benchmark/laut/kaluza/13/sink.smt2,1,0.034539
benchmark/laut/kaluza/1518/sink.smt2,0,0.066530
benchmark/laut/kaluza/1455/sink.smt2,0,0.036107
benchmark/laut/kaluza/1686/sink.smt2,0,0.034323
benchmark/laut/kaluza/1978/sink.smt2,1,0.020413
benchmark/laut/kaluza/1699/sink.smt2,0,0.017617
benchmark/laut/kaluza/1905/sink.smt2,0,0.069426
benchmark/laut/kaluza/49/sink.smt2,1,0.020301
benchmark/laut/kaluza/1513/sink.smt2,1,0.037286
benchmark/laut/kaluza/1339/sink.smt2,0,0.036762
benchmark/laut/kaluza/1243/sink.smt2,1,0.016337
benchmark/laut/kaluza/770/sink.smt2,1,0.071978
benchmark/laut/kaluza/1318/sink.smt2,0,0.065427
benchmark/laut/kaluza/257/sink.smt2,1,0.073374
benchmark/laut/kaluza/390/sink.smt2,1,0.033473
benchmark/laut/kaluza/1426/sink.smt2,1,0.038623
benchmark/laut/kaluza/1039/sink.smt2,0,0.118107
benchmark/laut/kaluza/216/sink.smt2,1,0.169771
benchmark/laut/kaluza/607/sink.smt2,0,0.008730
benchmark/laut/kaluza/399/sink.smt2,0,0.017311
benchmark/laut/kaluza/1127/sink.smt2,0,0.033990
benchmark/laut/kaluza/1452/sink.smt2,0,0.036007
benchmark/laut/kaluza/735/sink.smt2,1,0.020230
benchmark/laut/kaluza/920/sink.smt2,0,0.033762
benchmark/laut/kaluza/1261/sink.smt2,0,0.069061
benchmark/laut/kaluza/348/sink.smt2,1,0.069485
benchmark/laut/kaluza/492/sink.smt2,1,0.037807
benchmark/laut/kaluza/670/sink.smt2,0,0.035902
benchmark/laut/kaluza/1449/sink.smt2,0,0.033927
benchmark/laut/kaluza/209/sink.smt2,1,0.019745
benchmark/laut/kaluza/776/sink.smt2,0,0.016750
benchmark/laut/kaluza/1067/sink.smt2,0,0.036184
benchmark/laut/kaluza/797/sink.smt2,0,0.068829
benchmark/laut/kaluza/1276/sink.smt2,1,0.034978
benchmark/laut/kaluza/1369/sink.smt2,1,0.070705
benchmark/laut/kaluza/1430/sink.smt2,1,0.036271
benchmark/laut/kaluza/338/sink.smt2,1,0.018726
benchmark/laut/kaluza/653/sink.smt2,1,0.034910
benchmark/laut/kaluza/1577/sink.smt2,0,0.034746
benchmark/laut/kaluza/344/sink.smt2,1,0.067383
benchmark/laut/kaluza/1961/sink.smt2,0,0.072636
benchmark/laut/kaluza/611/sink.smt2,1,0.036807
benchmark/laut/kaluza/1586/sink.smt2,1,0.068072
benchmark/laut/kaluza/184/sink.smt2,1,0.039200
benchmark/laut/kaluza/1341/sink.smt2,0,0.066761
benchmark/laut/kaluza/1808/sink.smt2,0,0.042270
benchmark/laut/kaluza/994/sink.smt2,0,0.034569
benchmark/laut/kaluza/406/sink.smt2,0,0.038635
benchmark/laut/kaluza/880/sink.smt2,0,0.117533
benchmark/laut/kaluza/551/sink.smt2,0,0.019056
benchmark/laut/kaluza/1026/sink.smt2,0,0.034370
benchmark/laut/kaluza/449/sink.smt2,0,0.009105
benchmark/laut/kaluza/1060/sink.smt2,0,0.033228
benchmark/laut/kaluza/1850/sink.smt2,1,0.018154
benchmark/laut/kaluza/1817/sink.smt2,0,0.066516
benchmark/laut/kaluza/884/sink.smt2,0,0.020951
benchmark/laut/kaluza/42/sink.smt2,1,0.009565
benchmark/laut/kaluza/67/sink.smt2,1,0.069142
benchmark/laut/kaluza/1202/sink.smt2,1,0.035200
benchmark/laut/kaluza/102/sink.smt2,1,0.034772
benchmark/laut/kaluza/1918/sink.smt2,0,0.066920
benchmark/laut/kaluza/1892/sink.smt2,1,0.117233
benchmark/laut/kaluza/700/sink.smt2,1,0.122690
benchmark/laut/kaluza/826/sink.smt2,1,0.070004
benchmark/laut/kaluza/28/sink.smt2,1,0.117645
benchmark/laut/kaluza/854/sink.smt2,1,0.018321
benchmark/laut/kaluza/1950/sink.smt2,0,0.036433
benchmark/laut/kaluza/925/sink.smt2,1,0.067845
benchmark/laut/kaluza/326/sink.smt2,0,0.034404
benchmark/laut/kaluza/1443/sink.smt2,0,0.071279
benchmark/laut/kaluza/213/sink.smt2,1,0.123253
benchmark/laut/kaluza/1314/sink.smt2,0,0.070423
benchmark/laut/kaluza/705/sink.smt2,1,0.068582
benchmark/laut/kaluza/455/sink.smt2,0,0.068377
benchmark/laut/kaluza/491/sink.smt2,0,0.068220
benchmark/laut/kaluza/685/sink.smt2,1,0.068987
benchmark/laut/kaluza/1034/sink.smt2,1,0.068173
benchmark/laut/kaluza/81/sink.smt2,1,0.065138
benchmark/laut/kaluza/460/sink.smt2,0,0.034833
benchmark/laut/kaluza/414/sink.smt2,1,0.067907
benchmark/laut/kaluza/1609/sink.smt2,0,0.067797
benchmark/laut/kaluza/147/sink.smt2,1,0.124182
benchmark/laut/kaluza/1714/sink.smt2,0,0.127332
benchmark/laut/kaluza/1248/sink.smt2,0,0.066613
benchmark/laut/kaluza/1864/sink.smt2,0,0.034880
benchmark/laut/kaluza/713/sink.smt2,1,0.069794
benchmark/laut/kaluza/362/sink.smt2,0,0.068680
benchmark/laut/kaluza/728/sink.smt2,0,0.039511
benchmark/laut/kaluza/1684/sink.smt2,1,0.034767
benchmark/laut/kaluza/1270/sink.smt2,0,0.036461
benchmark/laut/kaluza/1770/sink.smt2,1,3.802790
benchmark/laut/kaluza/1700/sink.smt2,1,0.072965
benchmark/laut/kaluza/1784/sink.smt2,0,0.068708
benchmark/laut/kaluza/446/sink.smt2,0,0.066899
benchmark/laut/kaluza/1965/sink.smt2,1,0.066099
benchmark/laut/kaluza/822/sink.smt2,1,0.121895
benchmark/laut/kaluza/1048/sink.smt2,1,0.067213
benchmark/laut/kaluza/3/sink.smt2,0,0.172341
benchmark/laut/kaluza/1168/sink.smt2,0,0.069398
benchmark/laut/kaluza/515/sink.smt2,0,0.121312
benchmark/laut/kaluza/1594/sink.smt2,0,0.040698
benchmark/laut/kaluza/1188/sink.smt2,0,0.071417
benchmark/laut/kaluza/1190/sink.smt2,0,0.067027
benchmark/laut/kaluza/1056/sink.smt2,1,0.071866
benchmark/laut/kaluza/1608/sink.smt2,0,0.020569
benchmark/laut/kaluza/179/sink.smt2,1,0.037647
benchmark/laut/kaluza/931/sink.smt2,1,0.067172
benchmark/laut/kaluza/1189/sink.smt2,0,0.069476
benchmark/laut/kaluza/1664/sink.smt2,1,0.119948
benchmark/laut/kaluza/1923/sink.smt2,1,0.070855
benchmark/laut/kaluza/1478/sink.smt2,0,0.066591
benchmark/laut/kaluza/985/sink.smt2,0,0.068052
benchmark/laut/kaluza/1694/sink.smt2,0,0.066264
benchmark/laut/kaluza/628/sink.smt2,1,0.069190
benchmark/laut/kaluza/375/sink.smt2,1,0.066893
benchmark/laut/kaluza/407/sink.smt2,0,0.068666
benchmark/laut/kaluza/16/sink.smt2,1,0.039071
benchmark/laut/kaluza/1726/sink.smt2,1,0.033395
benchmark/laut/kaluza/1556/sink.smt2,0,0.065467
benchmark/laut/kaluza/1277/sink.smt2,0,0.066641
benchmark/laut/kaluza/609/sink.smt2,1,0.116132
benchmark/laut/kaluza/506/sink.smt2,1,0.073651
benchmark/laut/kaluza/598/sink.smt2,1,0.067233
benchmark/laut/kaluza/742/sink.smt2,1,0.036826
benchmark/laut/kaluza/427/sink.smt2,1,0.017415
benchmark/laut/kaluza/235/sink.smt2,0,0.034461
benchmark/laut/kaluza/1663/sink.smt2,1,0.037587
benchmark/laut/kaluza/756/sink.smt2,1,0.037827
benchmark/laut/kaluza/238/sink.smt2,1,0.036887
benchmark/laut/kaluza/833/sink.smt2,1,0.065724
benchmark/laut/kaluza/1771/sink.smt2,1,0.040489
benchmark/laut/kaluza/750/sink.smt2,0,0.019840
benchmark/laut/kaluza/960/sink.smt2,0,0.020185
benchmark/laut/kaluza/129/sink.smt2,1,0.036623
benchmark/laut/kaluza/980/sink.smt2,1,0.017194
benchmark/laut/kaluza/1559/sink.smt2,0,0.009489
benchmark/laut/kaluza/1974/sink.smt2,1,0.016579
benchmark/laut/kaluza/273/sink.smt2,1,0.017419
benchmark/laut/kaluza/1054/sink.smt2,0,0.068667
benchmark/laut/kaluza/278/sink.smt2,1,0.035790
benchmark/laut/kaluza/549/sink.smt2,0,0.065002
benchmark/laut/kaluza/1716/sink.smt2,1,0.021770
benchmark/laut/kaluza/619/sink.smt2,0,0.033468
benchmark/laut/kaluza/242/sink.smt2,1,0.018240
benchmark/laut/kaluza/995/sink.smt2,0,0.034756
benchmark/laut/kaluza/85/sink.smt2,1,0.019867
benchmark/laut/kaluza/122/sink.smt2,0,0.069410
benchmark/laut/kaluza/757/sink.smt2,1,0.016105
benchmark/laut/kaluza/1667/sink.smt2,0,0.038169
benchmark/laut/kaluza/1995/sink.smt2,1,0.035213
benchmark/laut/kaluza/1810/sink.smt2,1,0.065333
benchmark/laut/kaluza/1406/sink.smt2,1,0.118331
benchmark/laut/kaluza/125/sink.smt2,1,0.071288
benchmark/laut/kaluza/343/sink.smt2,0,0.067192
benchmark/laut/kaluza/703/sink.smt2,0,0.033870
benchmark/laut/kaluza/503/sink.smt2,1,0.067174
benchmark/laut/kaluza/1973/sink.smt2,0,0.070076
benchmark/laut/kaluza/1297/sink.smt2,0,0.069534
benchmark/laut/kaluza/280/sink.smt2,0,0.273285
benchmark/laut/kaluza/1307/sink.smt2,0,0.038825
benchmark/laut/kaluza/1766/sink.smt2,0,0.070593
benchmark/laut/kaluza/1315/sink.smt2,0,0.068838
benchmark/laut/kaluza/590/sink.smt2,1,0.074593
benchmark/laut/kaluza/526/sink.smt2,0,0.220320
benchmark/laut/kaluza/1786/sink.smt2,1,0.073492
benchmark/laut/kaluza/788/sink.smt2,1,0.019854
benchmark/laut/kaluza/1782/sink.smt2,0,0.072374
benchmark/laut/kaluza/708/sink.smt2,1,0.067534
benchmark/laut/kaluza/674/sink.smt2,1,0.072265
benchmark/laut/kaluza/887/sink.smt2,0,0.065768
benchmark/laut/kaluza/220/sink.smt2,1,0.068542
benchmark/laut/kaluza/1227/sink.smt2,0,0.036120
benchmark/laut/kaluza/1163/sink.smt2,0,0.066950
benchmark/laut/kaluza/733/sink.smt2,0,0.065827
benchmark/laut/kaluza/1448/sink.smt2,0,0.124144
benchmark/laut/kaluza/164/sink.smt2,1,0.120151
benchmark/laut/kaluza/829/sink.smt2,0,0.119072
benchmark/laut/kaluza/253/sink.smt2,1,0.070665
benchmark/laut/kaluza/1040/sink.smt2,0,0.036994
benchmark/laut/kaluza/112/sink.smt2,1,0.067455
benchmark/laut/kaluza/963/sink.smt2,1,0.065811
benchmark/laut/kaluza/600/sink.smt2,0,0.067328
benchmark/laut/kaluza/1683/sink.smt2,1,3.450454
benchmark/laut/kaluza/939/sink.smt2,1,0.075838
benchmark/laut/kaluza/1642/sink.smt2,0,0.174995
benchmark/laut/kaluza/838/sink.smt2,0,0.008448
benchmark/laut/kaluza/832/sink.smt2,0,0.009084
benchmark/laut/kaluza/490/sink.smt2,0,0.065722
benchmark/laut/kaluza/223/sink.smt2,0,0.075786
benchmark/laut/kaluza/681/sink.smt2,1,0.069463
benchmark/laut/kaluza/1935/sink.smt2,1,0.034267
benchmark/laut/kaluza/415/sink.smt2,1,0.065839
benchmark/laut/kaluza/477/sink.smt2,1,0.033054
benchmark/laut/kaluza/764/sink.smt2,1,0.067567
benchmark/laut/kaluza/1897/sink.smt2,0,0.020589
benchmark/laut/kaluza/622/sink.smt2,0,0.067811
benchmark/laut/kaluza/233/sink.smt2,1,0.035313
benchmark/laut/kaluza/1018/sink.smt2,1,0.067122
benchmark/laut/kaluza/418/sink.smt2,1,0.017048
benchmark/laut/kaluza/1349/sink.smt2,1,0.036188
benchmark/laut/kaluza/657/sink.smt2,1,0.035202
benchmark/laut/kaluza/244/sink.smt2,0,0.018292
benchmark/laut/kaluza/1972/sink.smt2,0,0.034773
benchmark/laut/kaluza/1637/sink.smt2,0,0.034841
benchmark/laut/kaluza/847/sink.smt2,1,0.010115
benchmark/laut/kaluza/1234/sink.smt2,1,0.066658
benchmark/laut/kaluza/60/sink.smt2,1,0.035731
benchmark/laut/kaluza/1461/sink.smt2,1,0.038881
benchmark/laut/kaluza/795/sink.smt2,1,0.069703
benchmark/laut/kaluza/1690/sink.smt2,1,0.018760
benchmark/laut/kaluza/1049/sink.smt2,0,0.016918
benchmark/laut/kaluza/131/sink.smt2,0,0.034536
benchmark/laut/kaluza/26/sink.smt2,0,0.016638
benchmark/laut/kaluza/37/sink.smt2,1,0.009806
benchmark/laut/kaluza/1121/sink.smt2,0,0.012525
benchmark/laut/kaluza/1366/sink.smt2,0,0.010262
benchmark/laut/kaluza/1986/sink.smt2,1,0.035430
benchmark/laut/kaluza/271/sink.smt2,1,0.017300
benchmark/laut/kaluza/1528/sink.smt2,1,0.016963
benchmark/laut/kaluza/1516/sink.smt2,1,0.009749
benchmark/laut/kaluza/777/sink.smt2,0,0.009431
benchmark/laut/kaluza/267/sink.smt2,1,0.018339
benchmark/laut/kaluza/1308/sink.smt2,0,0.034339
benchmark/laut/kaluza/137/sink.smt2,1,0.009498
benchmark/laut/kaluza/548/sink.smt2,0,0.067606
benchmark/laut/kaluza/1408/sink.smt2,0,0.037711
benchmark/laut/kaluza/1300/sink.smt2,1,0.017978
benchmark/laut/kaluza/586/sink.smt2,0,0.008753
benchmark/laut/kaluza/523/sink.smt2,1,0.016666
benchmark/laut/kaluza/1232/sink.smt2,0,0.017570
benchmark/laut/kaluza/1926/sink.smt2,0,0.033652
benchmark/laut/kaluza/962/sink.smt2,1,0.019724
benchmark/laut/kaluza/1859/sink.smt2,1,0.017128
benchmark/laut/kaluza/974/sink.smt2,0,0.016489
benchmark/laut/kaluza/1464/sink.smt2,0,0.008658
benchmark/laut/kaluza/922/sink.smt2,0,0.008985
benchmark/laut/kaluza/1167/sink.smt2,1,0.036814
benchmark/laut/kaluza/1476/sink.smt2,1,0.035356
benchmark/laut/kaluza/419/sink.smt2,1,0.017986
benchmark/laut/kaluza/1643/sink.smt2,0,0.017819
benchmark/laut/kaluza/1469/sink.smt2,0,0.034686
benchmark/laut/kaluza/5/sink.smt2,0,0.020204
benchmark/laut/kaluza/351/sink.smt2,0,0.017950
benchmark/laut/kaluza/462/sink.smt2,1,0.017982
benchmark/laut/kaluza/349/sink.smt2,1,0.010285
benchmark/laut/kaluza/540/sink.smt2,1,0.018401
benchmark/laut/kaluza/123/sink.smt2,1,0.010200
benchmark/laut/kaluza/636/sink.smt2,0,0.066754
benchmark/laut/kaluza/1557/sink.smt2,0,0.019613
benchmark/laut/kaluza/4/sink.smt2,1,0.008450
benchmark/laut/kaluza/744/sink.smt2,0,0.031998
benchmark/laut/kaluza/132/sink.smt2,1,0.017207
benchmark/laut/kaluza/914/sink.smt2,0,0.065403
benchmark/laut/kaluza/380/sink.smt2,1,0.019055
benchmark/laut/kaluza/1427/sink.smt2,1,0.019182
benchmark/laut/kaluza/1057/sink.smt2,0,0.017591
benchmark/laut/kaluza/1749/sink.smt2,1,0.008355
benchmark/laut/kaluza/1353/sink.smt2,0,0.069011
benchmark/laut/kaluza/866/sink.smt2,0,0.034170
benchmark/laut/kaluza/669/sink.smt2,0,0.009492
benchmark/laut/kaluza/1553/sink.smt2,1,0.020021
benchmark/laut/kaluza/1279/sink.smt2,0,0.018030
benchmark/laut/kaluza/1759/sink.smt2,0,0.035250
benchmark/laut/kaluza/603/sink.smt2,1,0.017131
benchmark/laut/kaluza/1728/sink.smt2,0,0.018047
benchmark/laut/kaluza/354/sink.smt2,1,0.008687
benchmark/laut/kaluza/1391/sink.smt2,0,0.008674
benchmark/laut/kaluza/582/sink.smt2,0,0.009020
benchmark/laut/kaluza/1272/sink.smt2,1,0.018520
benchmark/laut/kaluza/1879/sink.smt2,1,0.016723
benchmark/laut/kaluza/1186/sink.smt2,0,0.033270
benchmark/laut/kaluza/448/sink.smt2,1,0.032693
benchmark/laut/kaluza/722/sink.smt2,1,0.067169
benchmark/laut/kaluza/794/sink.smt2,0,0.037754
benchmark/laut/kaluza/881/sink.smt2,1,0.034915
benchmark/laut/kaluza/941/sink.smt2,1,0.008467
benchmark/laut/kaluza/86/sink.smt2,1,0.066296
benchmark/laut/kaluza/24/sink.smt2,0,0.016406
benchmark/laut/kaluza/630/sink.smt2,0,0.034376
benchmark/laut/kaluza/583/sink.smt2,0,0.018850
benchmark/laut/kaluza/1802/sink.smt2,0,0.018341
benchmark/laut/kaluza/706/sink.smt2,0,0.019336
benchmark/laut/kaluza/1670/sink.smt2,1,0.065243
benchmark/laut/kaluza/1861/sink.smt2,0,0.035327
benchmark/laut/kaluza/1767/sink.smt2,1,0.037169
benchmark/laut/kaluza/1015/sink.smt2,0,0.019098
benchmark/laut/kaluza/1063/sink.smt2,0,0.021177
benchmark/laut/kaluza/1633/sink.smt2,1,0.066729
benchmark/laut/kaluza/1548/sink.smt2,0,0.034499
benchmark/laut/kaluza/859/sink.smt2,1,0.329392
benchmark/laut/kaluza/856/sink.smt2,1,0.065227
benchmark/laut/kaluza/495/sink.smt2,0,0.008903
benchmark/laut/kaluza/206/sink.smt2,1,0.017888
benchmark/laut/kaluza/1312/sink.smt2,1,0.008715
benchmark/laut/kaluza/1772/sink.smt2,0,0.034606
benchmark/laut/kaluza/1921/sink.smt2,1,0.066389
benchmark/laut/kaluza/1209/sink.smt2,1,0.020305
benchmark/laut/kaluza/912/sink.smt2,0,0.069293
benchmark/laut/kaluza/956/sink.smt2,0,0.017678
benchmark/laut/kaluza/1584/sink.smt2,0,0.010045
benchmark/laut/kaluza/1846/sink.smt2,0,0.010168
benchmark/laut/kaluza/1696/sink.smt2,1,0.017054
benchmark/laut/kaluza/474/sink.smt2,1,0.019628
benchmark/laut/kaluza/140/sink.smt2,0,0.010218
benchmark/laut/kaluza/1490/sink.smt2,1,0.017666
benchmark/laut/kaluza/1486/sink.smt2,0,0.009526
benchmark/laut/kaluza/1682/sink.smt2,0,0.009273
benchmark/laut/kaluza/1367/sink.smt2,1,0.017176
benchmark/laut/kaluza/439/sink.smt2,0,0.017185
benchmark/laut/kaluza/918/sink.smt2,0,0.034250
benchmark/laut/kaluza/50/sink.smt2,0,0.017854
benchmark/laut/kaluza/1198/sink.smt2,0,0.019057
benchmark/laut/kaluza/519/sink.smt2,0,0.016650
benchmark/laut/kaluza/758/sink.smt2,1,0.033863
benchmark/laut/kaluza/90/sink.smt2,1,0.033206
benchmark/laut/kaluza/312/sink.smt2,0,0.033137
benchmark/laut/kaluza/1589/sink.smt2,0,0.008808
benchmark/laut/kaluza/1785/sink.smt2,0,0.008359
benchmark/laut/kaluza/1998/sink.smt2,0,0.009147
benchmark/laut/kaluza/1396/sink.smt2,1,0.013039
benchmark/laut/kaluza/1703/sink.smt2,1,0.018154
benchmark/laut/kaluza/1522/sink.smt2,0,0.010473
benchmark/laut/kaluza/970/sink.smt2,0,0.010105
benchmark/laut/kaluza/1375/sink.smt2,1,0.035967
benchmark/laut/kaluza/1176/sink.smt2,0,0.009470
benchmark/laut/kaluza/1064/sink.smt2,1,0.035599
benchmark/laut/kaluza/171/sink.smt2,1,0.018096
benchmark/laut/kaluza/1763/sink.smt2,0,0.009517
benchmark/laut/kaluza/1083/sink.smt2,0,0.018029
benchmark/laut/kaluza/1797/sink.smt2,0,0.010018
benchmark/laut/kaluza/1078/sink.smt2,1,0.017348
benchmark/laut/kaluza/1266/sink.smt2,0,0.042742
benchmark/laut/kaluza/1790/sink.smt2,1,0.045261
benchmark/laut/kaluza/488/sink.smt2,0,0.017945
benchmark/laut/kaluza/363/sink.smt2,1,0.017796
benchmark/laut/kaluza/1839/sink.smt2,0,0.008947
benchmark/laut/kaluza/1565/sink.smt2,0,0.036343
benchmark/laut/kaluza/8/sink.smt2,1,0.017633
benchmark/laut/kaluza/1941/sink.smt2,0,0.017553
benchmark/laut/kaluza/373/sink.smt2,1,0.017428
benchmark/laut/kaluza/1970/sink.smt2,0,0.019828
benchmark/laut/kaluza/1208/sink.smt2,1,0.018162
benchmark/laut/kaluza/1487/sink.smt2,0,0.017233
benchmark/laut/kaluza/94/sink.smt2,1,0.009513
benchmark/laut/kaluza/935/sink.smt2,0,0.034518
benchmark/laut/kaluza/1193/sink.smt2,0,0.011224
benchmark/laut/kaluza/58/sink.smt2,0,0.008462
benchmark/laut/kaluza/1764/sink.smt2,0,0.009625
benchmark/laut/kaluza/1811/sink.smt2,0,0.009642
benchmark/laut/kaluza/1354/sink.smt2,0,0.008787
benchmark/laut/kaluza/1519/sink.smt2,0,0.008403
benchmark/laut/kaluza/369/sink.smt2,1,0.008806
benchmark/laut/kaluza/1592/sink.smt2,0,0.008527
benchmark/laut/kaluza/119/sink.smt2,0,0.007971
benchmark/laut/kaluza/1120/sink.smt2,0,0.017072
benchmark/laut/kaluza/1090/sink.smt2,0,0.020166
benchmark/laut/kaluza/1360/sink.smt2,1,0.018682
benchmark/laut/kaluza/1600/sink.smt2,0,0.019455
benchmark/laut/kaluza/1428/sink.smt2,1,0.020030
benchmark/laut/kaluza/402/sink.smt2,0,0.018065
benchmark/laut/kaluza/1979/sink.smt2,0,0.009459
benchmark/laut/kaluza/1110/sink.smt2,0,0.009214
benchmark/laut/kaluza/930/sink.smt2,0,0.017900
benchmark/laut/kaluza/870/sink.smt2,1,0.034084
benchmark/laut/kaluza/1554/sink.smt2,1,0.033000
benchmark/laut/kaluza/228/sink.smt2,1,0.017414
benchmark/laut/kaluza/815/sink.smt2,0,0.034534
benchmark/laut/kaluza/782/sink.smt2,1,0.066096
benchmark/laut/kaluza/1287/sink.smt2,0,0.018533
benchmark/laut/kaluza/1129/sink.smt2,1,0.018975
benchmark/laut/kaluza/678/sink.smt2,1,0.019749
benchmark/laut/kaluza/1732/sink.smt2,1,0.034913
benchmark/laut/kaluza/1524/sink.smt2,1,0.018347
benchmark/laut/kaluza/382/sink.smt2,0,0.017187
benchmark/laut/kaluza/1296/sink.smt2,0,0.009413
benchmark/laut/kaluza/471/sink.smt2,0,0.017223
benchmark/laut/kaluza/277/sink.smt2,1,0.039166
benchmark/laut/kaluza/1204/sink.smt2,1,0.010033
benchmark/laut/kaluza/1170/sink.smt2,0,0.016965
benchmark/laut/kaluza/1035/sink.smt2,1,0.018280
benchmark/laut/kaluza/1698/sink.smt2,0,0.009067
benchmark/laut/kaluza/804/sink.smt2,1,0.018438
benchmark/laut/kaluza/339/sink.smt2,0,0.068047
benchmark/laut/kaluza/972/sink.smt2,0,0.020265
benchmark/laut/kaluza/1014/sink.smt2,1,0.020094
benchmark/laut/kaluza/485/sink.smt2,1,0.016289
benchmark/laut/kaluza/1748/sink.smt2,1,0.017992
benchmark/laut/kaluza/1395/sink.smt2,1,0.008744
benchmark/laut/kaluza/1399/sink.smt2,1,0.018380
benchmark/laut/kaluza/1833/sink.smt2,0,0.021107
benchmark/laut/kaluza/1580/sink.smt2,0,0.008690
benchmark/laut/kaluza/845/sink.smt2,1,0.008909
benchmark/laut/kaluza/401/sink.smt2,0,0.007583
benchmark/laut/kaluza/14/sink.smt2,1,0.008634
benchmark/laut/kaluza/658/sink.smt2,0,0.016599
benchmark/laut/kaluza/254/sink.smt2,0,0.010063
benchmark/laut/kaluza/255/sink.smt2,1,0.017227
benchmark/laut/kaluza/1022/sink.smt2,1,0.018204
benchmark/laut/kaluza/602/sink.smt2,1,0.018438
benchmark/laut/kaluza/1990/sink.smt2,0,0.016092
benchmark/laut/kaluza/1100/sink.smt2,0,0.036281
benchmark/laut/kaluza/1192/sink.smt2,1,0.017272
benchmark/laut/kaluza/1882/sink.smt2,1,0.017244
benchmark/laut/kaluza/1948/sink.smt2,1,0.018218
benchmark/laut/kaluza/1646/sink.smt2,0,0.009606
benchmark/laut/kaluza/697/sink.smt2,0,0.017635
benchmark/laut/kaluza/927/sink.smt2,0,0.016514
benchmark/laut/kaluza/1886/sink.smt2,1,0.017674
benchmark/laut/kaluza/304/sink.smt2,1,0.016717
benchmark/laut/kaluza/1236/sink.smt2,0,0.009882
benchmark/laut/kaluza/1076/sink.smt2,0,0.016548
benchmark/laut/kaluza/1376/sink.smt2,1,0.017468
benchmark/laut/kaluza/1540/sink.smt2,0,0.008094
benchmark/laut/kaluza/440/sink.smt2,0,0.009376
benchmark/laut/kaluza/151/sink.smt2,1,0.017783
benchmark/laut/kaluza/1454/sink.smt2,0,0.036335
benchmark/laut/kaluza/342/sink.smt2,1,0.017512
benchmark/laut/kaluza/1560/sink.smt2,0,0.008777
benchmark/laut/kaluza/365/sink.smt2,1,0.040101
benchmark/laut/kaluza/1394/sink.smt2,1,0.017725
benchmark/laut/kaluza/1562/sink.smt2,0,0.011467
benchmark/laut/kaluza/101/sink.smt2,1,0.018581
benchmark/laut/kaluza/400/sink.smt2,0,0.009918
benchmark/laut/kaluza/294/sink.smt2,1,0.010764
benchmark/laut/kaluza/675/sink.smt2,0,0.019311
benchmark/laut/kaluza/1837/sink.smt2,1,0.016889
benchmark/laut/kaluza/54/sink.smt2,0,0.007822
benchmark/laut/kaluza/1840/sink.smt2,1,0.017062
benchmark/laut/kaluza/247/sink.smt2,0,0.008851
benchmark/laut/kaluza/110/sink.smt2,0,0.037177
benchmark/laut/kaluza/476/sink.smt2,1,0.017224
benchmark/laut/kaluza/45/sink.smt2,0,0.007748
benchmark/laut/kaluza/853/sink.smt2,1,0.016974
benchmark/laut/kaluza/1095/sink.smt2,1,0.017293
benchmark/laut/kaluza/1370/sink.smt2,1,0.008896
benchmark/laut/kaluza/1630/sink.smt2,1,0.008611
benchmark/laut/kaluza/1655/sink.smt2,0,0.034110
benchmark/laut/kaluza/1734/sink.smt2,0,0.016115
benchmark/laut/kaluza/521/sink.smt2,0,0.009623
benchmark/laut/kaluza/484/sink.smt2,1,0.008716
benchmark/laut/kaluza/944/sink.smt2,0,0.008945
benchmark/laut/kaluza/527/sink.smt2,0,0.018006
benchmark/laut/kaluza/902/sink.smt2,0,0.035670
benchmark/laut/kaluza/193/sink.smt2,1,0.017544
benchmark/laut/kaluza/1595/sink.smt2,0,0.008954
benchmark/laut/kaluza/291/sink.smt2,0,0.009415
benchmark/laut/kaluza/528/sink.smt2,1,0.008722
benchmark/laut/kaluza/824/sink.smt2,1,0.018051
benchmark/laut/kaluza/493/sink.smt2,0,0.009299
benchmark/laut/kaluza/1924/sink.smt2,0,0.008206
benchmark/laut/kaluza/1746/sink.smt2,0,0.009429
benchmark/laut/kaluza/1708/sink.smt2,1,0.013764
benchmark/laut/kaluza/1084/sink.smt2,0,0.012272
benchmark/laut/kaluza/1050/sink.smt2,0,0.017147
benchmark/laut/kaluza/432/sink.smt2,0,0.017209
benchmark/laut/kaluza/1692/sink.smt2,1,0.008667
benchmark/laut/kaluza/154/sink.smt2,1,0.021058
benchmark/laut/kaluza/105/sink.smt2,1,0.067129
benchmark/laut/kaluza/95/sink.smt2,1,0.037416
benchmark/laut/kaluza/1650/sink.smt2,1,0.035215
benchmark/laut/kaluza/1013/sink.smt2,0,0.016398
benchmark/laut/kaluza/1160/sink.smt2,0,0.009285
benchmark/laut/kaluza/1896/sink.smt2,1,0.017278
benchmark/laut/kaluza/1221/sink.smt2,0,0.017976
benchmark/laut/kaluza/250/sink.smt2,1,0.018556
benchmark/laut/kaluza/1405/sink.smt2,0,0.017323
benchmark/laut/kaluza/1457/sink.smt2,0,0.034815
benchmark/laut/kaluza/774/sink.smt2,0,0.018193
benchmark/laut/kaluza/1215/sink.smt2,0,0.033353
benchmark/laut/kaluza/1143/sink.smt2,0,0.033337
benchmark/laut/kaluza/104/sink.smt2,1,0.035897
benchmark/laut/kaluza/1675/sink.smt2,1,0.065698
benchmark/laut/kaluza/933/sink.smt2,0,0.022889
benchmark/laut/kaluza/303/sink.smt2,1,0.023807
benchmark/laut/kaluza/864/sink.smt2,1,0.036162
benchmark/laut/kaluza/237/sink.smt2,1,0.018675
benchmark/laut/kaluza/1412/sink.smt2,0,0.035467
benchmark/laut/kaluza/330/sink.smt2,0,0.020014
benchmark/laut/kaluza/1181/sink.smt2,0,0.017809
benchmark/laut/kaluza/1331/sink.smt2,1,0.017239
benchmark/laut/kaluza/1695/sink.smt2,1,0.009688
benchmark/laut/kaluza/1194/sink.smt2,1,0.016339
benchmark/laut/kaluza/1818/sink.smt2,1,0.008068
benchmark/laut/kaluza/450/sink.smt2,0,0.008297
benchmark/laut/kaluza/747/sink.smt2,0,0.009071
benchmark/laut/kaluza/1409/sink.smt2,1,0.035134
benchmark/laut/kaluza/138/sink.smt2,1,0.009641
benchmark/laut/kaluza/1809/sink.smt2,1,0.017232
benchmark/laut/kaluza/1987/sink.smt2,0,0.009136
benchmark/laut/kaluza/1159/sink.smt2,0,0.009357
benchmark/laut/kaluza/900/sink.smt2,0,0.034464
benchmark/laut/kaluza/534/sink.smt2,0,0.010372
benchmark/laut/kaluza/183/sink.smt2,0,0.011023
benchmark/laut/kaluza/1462/sink.smt2,0,0.016531
benchmark/laut/kaluza/1456/sink.smt2,1,0.011655
benchmark/laut/kaluza/683/sink.smt2,0,0.017821
benchmark/laut/kaluza/1681/sink.smt2,0,0.009565
benchmark/laut/kaluza/208/sink.smt2,1,0.034211
benchmark/laut/kaluza/760/sink.smt2,0,0.017229
benchmark/laut/kaluza/612/sink.smt2,0,0.033061
benchmark/laut/kaluza/753/sink.smt2,0,0.009863
benchmark/laut/kaluza/575/sink.smt2,1,0.065165
benchmark/laut/kaluza/1222/sink.smt2,1,0.016973
benchmark/laut/kaluza/1844/sink.smt2,1,0.016980
benchmark/laut/kaluza/1458/sink.smt2,0,0.068544
benchmark/laut/kaluza/1825/sink.smt2,1,0.018056
benchmark/laut/kaluza/144/sink.smt2,1,0.017396
benchmark/laut/kaluza/1760/sink.smt2,1,0.008351
benchmark/laut/kaluza/1821/sink.smt2,1,0.007974
benchmark/laut/kaluza/1214/sink.smt2,1,0.016248
benchmark/laut/kaluza/1984/sink.smt2,1,0.016739
benchmark/laut/kaluza/1537/sink.smt2,1,0.017949
benchmark/laut/kaluza/655/sink.smt2,1,0.017594
benchmark/laut/kaluza/1801/sink.smt2,0,0.008285
benchmark/laut/kaluza/961/sink.smt2,0,0.009085
benchmark/laut/kaluza/1401/sink.smt2,0,0.017723
benchmark/laut/kaluza/964/sink.smt2,1,0.018191
benchmark/laut/kaluza/1485/sink.smt2,1,0.016340
benchmark/laut/kaluza/1325/sink.smt2,0,0.008994
benchmark/laut/kaluza/453/sink.smt2,0,0.016886
benchmark/laut/kaluza/262/sink.smt2,1,0.068699
benchmark/laut/kaluza/692/sink.smt2,1,0.018235
benchmark/laut/kaluza/1985/sink.smt2,0,0.017661
benchmark/laut/kaluza/589/sink.smt2,0,0.017965
benchmark/laut/kaluza/1475/sink.smt2,0,0.038613
benchmark/laut/kaluza/187/sink.smt2,0,0.009263
benchmark/laut/kaluza/514/sink.smt2,0,0.009004
benchmark/laut/kaluza/917/sink.smt2,0,0.019167
benchmark/laut/kaluza/1977/sink.smt2,1,0.018166
benchmark/laut/kaluza/314/sink.smt2,0,0.009077
benchmark/laut/kaluza/976/sink.smt2,0,0.016898
benchmark/laut/kaluza/1756/sink.smt2,0,0.009513
benchmark/laut/kaluza/38/sink.smt2,0,0.008880
benchmark/laut/kaluza/202/sink.smt2,1,0.009674
benchmark/laut/kaluza/1342/sink.smt2,1,0.034164
benchmark/laut/kaluza/555/sink.smt2,1,0.010808
benchmark/laut/kaluza/1933/sink.smt2,0,0.011202
benchmark/laut/kaluza/1397/sink.smt2,1,0.017688
benchmark/laut/kaluza/1605/sink.smt2,0,0.008515
benchmark/laut/kaluza/889/sink.smt2,1,0.018061
benchmark/laut/kaluza/6/sink.smt2,1,0.016483
benchmark/laut/kaluza/173/sink.smt2,1,0.016934
benchmark/laut/kaluza/1880/sink.smt2,1,0.066686
benchmark/laut/kaluza/199/sink.smt2,0,0.035652
benchmark/laut/kaluza/578/sink.smt2,1,0.033439
benchmark/laut/kaluza/1743/sink.smt2,1,0.034513
benchmark/laut/kaluza/571/sink.smt2,1,0.037510
benchmark/laut/kaluza/1679/sink.smt2,1,0.016851
benchmark/laut/kaluza/124/sink.smt2,0,0.038999
benchmark/laut/kaluza/335/sink.smt2,1,0.017999
benchmark/laut/kaluza/1997/sink.smt2,0,0.008601
benchmark/laut/kaluza/778/sink.smt2,0,0.009492
benchmark/laut/kaluza/1247/sink.smt2,1,0.034692
benchmark/laut/kaluza/1587/sink.smt2,0,0.017858
benchmark/laut/kaluza/1617/sink.smt2,0,0.008901
benchmark/laut/kaluza/113/sink.smt2,1,0.017774
benchmark/laut/kaluza/270/sink.smt2,0,0.009747
benchmark/laut/kaluza/1920/sink.smt2,0,0.009828
benchmark/laut/kaluza/507/sink.smt2,0,0.007708
benchmark/laut/kaluza/393/sink.smt2,0,0.016657
benchmark/laut/kaluza/1020/sink.smt2,0,0.009036
benchmark/laut/kaluza/1322/sink.smt2,0,0.009456
benchmark/laut/kaluza/660/sink.smt2,1,0.016126
benchmark/laut/kaluza/1441/sink.smt2,1,0.008086
benchmark/laut/kaluza/1007/sink.smt2,0,0.009964
benchmark/laut/kaluza/1000/sink.smt2,0,0.008239
benchmark/laut/kaluza/1911/sink.smt2,1,0.009931
benchmark/laut/kaluza/1251/sink.smt2,1,0.035715
benchmark/laut/kaluza/1479/sink.smt2,1,0.009389
benchmark/laut/kaluza/849/sink.smt2,1,0.017504
benchmark/laut/kaluza/673/sink.smt2,1,0.016553
benchmark/laut/kaluza/306/sink.smt2,0,0.008424
benchmark/laut/kaluza/637/sink.smt2,0,0.033350
benchmark/laut/kaluza/982/sink.smt2,0,0.008803
benchmark/laut/kaluza/143/sink.smt2,1,0.018436
benchmark/laut/kaluza/1071/sink.smt2,1,0.008864
benchmark/laut/kaluza/1939/sink.smt2,0,0.035027
benchmark/laut/kaluza/321/sink.smt2,1,0.008796
benchmark/laut/kaluza/327/sink.smt2,1,0.008590
benchmark/laut/kaluza/761/sink.smt2,1,0.067593
benchmark/laut/kaluza/1723/sink.smt2,0,0.009002
benchmark/laut/kaluza/1884/sink.smt2,0,0.009476
benchmark/laut/kaluza/542/sink.smt2,0,0.009438
benchmark/laut/kaluza/903/sink.smt2,1,0.035008
benchmark/laut/kaluza/592/sink.smt2,1,0.017637
benchmark/laut/kaluza/1953/sink.smt2,0,0.009578
benchmark/laut/kaluza/1051/sink.smt2,1,0.017565
benchmark/laut/kaluza/1623/sink.smt2,0,0.034508
benchmark/laut/kaluza/248/sink.smt2,1,0.019564
benchmark/laut/kaluza/265/sink.smt2,1,0.017344
benchmark/laut/kaluza/359/sink.smt2,0,0.018179
benchmark/laut/kaluza/61/sink.smt2,0,0.009492
benchmark/laut/kaluza/821/sink.smt2,1,0.015999
benchmark/laut/kaluza/68/sink.smt2,1,0.068676
benchmark/laut/kaluza/340/sink.smt2,1,0.067649
benchmark/laut/kaluza/1744/sink.smt2,1,0.038500
benchmark/laut/kaluza/858/sink.smt2,0,0.016554
benchmark/laut/kaluza/1126/sink.smt2,1,0.015891
benchmark/laut/kaluza/468/sink.smt2,0,0.016294
benchmark/laut/kaluza/1863/sink.smt2,0,0.009208
benchmark/laut/kaluza/682/sink.smt2,0,0.016432
benchmark/laut/kaluza/1601/sink.smt2,0,0.009500
benchmark/laut/kaluza/473/sink.smt2,1,0.018151
benchmark/laut/kaluza/360/sink.smt2,1,0.007736
benchmark/laut/kaluza/1011/sink.smt2,1,0.018184
benchmark/laut/kaluza/1691/sink.smt2,0,0.009344
benchmark/laut/kaluza/155/sink.smt2,1,0.016946
benchmark/laut/kaluza/1591/sink.smt2,0,0.009886
benchmark/laut/kaluza/1680/sink.smt2,0,0.008581
benchmark/laut/kaluza/200/sink.smt2,0,0.008965
benchmark/laut/kaluza/967/sink.smt2,0,0.009608
benchmark/laut/kaluza/574/sink.smt2,1,0.034229
benchmark/laut/kaluza/741/sink.smt2,1,0.009853
benchmark/laut/kaluza/1309/sink.smt2,1,0.018401
benchmark/laut/kaluza/1365/sink.smt2,0,0.007590
benchmark/laut/kaluza/1359/sink.smt2,1,0.033061
benchmark/laut/kaluza/803/sink.smt2,0,0.034692
benchmark/laut/kaluza/1521/sink.smt2,1,0.016931
benchmark/laut/kaluza/1618/sink.smt2,0,0.009722
benchmark/laut/kaluza/1531/sink.smt2,1,0.017352
benchmark/laut/kaluza/1472/sink.smt2,0,0.068296
benchmark/laut/kaluza/1381/sink.smt2,1,0.037945
benchmark/laut/kaluza/707/sink.smt2,0,0.008921
benchmark/laut/kaluza/159/sink.smt2,0,0.009439
benchmark/laut/kaluza/908/sink.smt2,0,0.037533
benchmark/laut/kaluza/1465/sink.smt2,0,0.009742
benchmark/laut/kaluza/790/sink.smt2,0,0.036583
benchmark/laut/kaluza/1/sink.smt2,0,0.019048
benchmark/laut/kaluza/1845/sink.smt2,1,0.019666
benchmark/laut/kaluza/752/sink.smt2,1,0.016162
benchmark/laut/kaluza/1672/sink.smt2,0,0.017747
benchmark/laut/kaluza/1677/sink.smt2,0,0.019574
benchmark/laut/kaluza/376/sink.smt2,0,0.065543
benchmark/laut/kaluza/1539/sink.smt2,0,0.067007
benchmark/laut/kaluza/1857/sink.smt2,0,0.008993
benchmark/laut/kaluza/1255/sink.smt2,1,0.008493
benchmark/laut/kaluza/1286/sink.smt2,0,0.034320
benchmark/laut/kaluza/1323/sink.smt2,0,0.218459
benchmark/laut/kaluza/1338/sink.smt2,1,0.072646
benchmark/laut/kaluza/975/sink.smt2,1,0.009427
benchmark/laut/kaluza/1422/sink.smt2,0,0.032919
benchmark/laut/kaluza/1702/sink.smt2,0,0.008963
benchmark/laut/kaluza/263/sink.smt2,1,0.065450
benchmark/laut/kaluza/1851/sink.smt2,0,0.036192
benchmark/laut/kaluza/479/sink.smt2,1,0.019022
benchmark/laut/kaluza/952/sink.smt2,1,0.016851
benchmark/laut/kaluza/1596/sink.smt2,1,0.018677
benchmark/laut/kaluza/1210/sink.smt2,1,0.016975
benchmark/laut/kaluza/218/sink.smt2,1,0.035070
benchmark/laut/kaluza/158/sink.smt2,1,0.066526
benchmark/laut/kaluza/1505/sink.smt2,1,0.017700
benchmark/laut/kaluza/483/sink.smt2,0,0.008909
benchmark/laut/kaluza/1774/sink.smt2,1,0.010231
benchmark/laut/kaluza/1653/sink.smt2,0,0.016234
benchmark/laut/kaluza/746/sink.smt2,1,0.016452
benchmark/laut/kaluza/716/sink.smt2,0,0.009146
benchmark/laut/kaluza/792/sink.smt2,1,0.017246
benchmark/laut/kaluza/305/sink.smt2,1,0.009041
benchmark/laut/kaluza/1828/sink.smt2,0,0.009270
benchmark/laut/kaluza/1042/sink.smt2,0,0.009831
benchmark/laut/kaluza/1028/sink.smt2,1,0.017843
benchmark/laut/kaluza/806/sink.smt2,1,0.016598
benchmark/laut/kaluza/1927/sink.smt2,0,0.008951
benchmark/laut/kaluza/556/sink.smt2,1,0.008859
benchmark/laut/kaluza/494/sink.smt2,0,0.009446
benchmark/laut/kaluza/89/sink.smt2,1,0.017691
benchmark/laut/kaluza/222/sink.smt2,0,0.008616
benchmark/laut/kaluza/1497/sink.smt2,1,0.017639
benchmark/laut/kaluza/1943/sink.smt2,1,0.010181
benchmark/laut/kaluza/581/sink.smt2,1,0.016400
benchmark/laut/kaluza/1875/sink.smt2,1,0.009517
benchmark/laut/kaluza/72/sink.smt2,1,0.017612
benchmark/laut/kaluza/1520/sink.smt2,1,0.009838
benchmark/laut/kaluza/1001/sink.smt2,1,0.008783
benchmark/laut/kaluza/1080/sink.smt2,1,0.018302
benchmark/laut/kaluza/1930/sink.smt2,1,0.008785
benchmark/laut/kaluza/408/sink.smt2,1,0.018419
benchmark/laut/kaluza/230/sink.smt2,1,0.017712
benchmark/laut/kaluza/416/sink.smt2,0,0.008159
benchmark/laut/kaluza/297/sink.smt2,1,0.017122
benchmark/laut/kaluza/1947/sink.smt2,1,0.008010
benchmark/laut/kaluza/1858/sink.smt2,0,0.019197
benchmark/laut/kaluza/1957/sink.smt2,0,0.020988
benchmark/laut/kaluza/1242/sink.smt2,0,0.038353
benchmark/laut/kaluza/1499/sink.smt2,0,0.017387
benchmark/laut/kaluza/1942/sink.smt2,0,0.017272
benchmark/laut/kaluza/634/sink.smt2,1,0.035930
benchmark/laut/kaluza/1739/sink.smt2,1,0.017383
benchmark/laut/kaluza/1355/sink.smt2,1,0.017400
benchmark/laut/kaluza/1319/sink.smt2,1,0.018185
benchmark/laut/kaluza/1113/sink.smt2,1,0.009103
benchmark/laut/kaluza/1988/sink.smt2,1,0.009100
benchmark/laut/kaluza/309/sink.smt2,0,0.008979
benchmark/laut/kaluza/1362/sink.smt2,1,0.019731
benchmark/laut/kaluza/1356/sink.smt2,0,0.019929
benchmark/laut/kaluza/1295/sink.smt2,1,0.035621
benchmark/laut/kaluza/1364/sink.smt2,1,0.017330
benchmark/laut/kaluza/1832/sink.smt2,0,0.019295
benchmark/laut/kaluza/1033/sink.smt2,1,0.018855
benchmark/laut/kaluza/1676/sink.smt2,1,0.017046
benchmark/laut/kaluza/781/sink.smt2,0,0.018818
benchmark/laut/kaluza/396/sink.smt2,1,0.009286
benchmark/laut/kaluza/1804/sink.smt2,1,0.016919
benchmark/laut/kaluza/1976/sink.smt2,1,0.017477
benchmark/laut/kaluza/547/sink.smt2,0,0.010111
benchmark/laut/kaluza/981/sink.smt2,1,0.017815
benchmark/laut/kaluza/9/sink.smt2,1,0.033725
benchmark/laut/kaluza/1934/sink.smt2,1,0.034417
benchmark/laut/kaluza/1158/sink.smt2,0,0.017021
benchmark/laut/kaluza/676/sink.smt2,0,0.010138
benchmark/laut/kaluza/1762/sink.smt2,1,0.033085
benchmark/laut/kaluza/32/sink.smt2,0,0.009896
benchmark/laut/kaluza/1123/sink.smt2,1,0.016914
benchmark/laut/kaluza/1578/sink.smt2,1,0.018075
benchmark/laut/kaluza/1303/sink.smt2,0,0.008869
benchmark/laut/kaluza/1404/sink.smt2,1,0.034650
benchmark/laut/kaluza/63/sink.smt2,1,0.033321
benchmark/laut/kaluza/1489/sink.smt2,0,0.019738
benchmark/laut/kaluza/1403/sink.smt2,0,0.067904
benchmark/laut/kaluza/1971/sink.smt2,1,0.018352
benchmark/laut/kaluza/1037/sink.smt2,0,0.035863
benchmark/laut/kaluza/308/sink.smt2,0,0.010461
benchmark/laut/kaluza/623/sink.smt2,0,0.033178
benchmark/laut/kaluza/1010/sink.smt2,1,0.019089
benchmark/laut/kaluza/576/sink.smt2,0,0.017490
benchmark/laut/kaluza/1346/sink.smt2,0,0.067120
benchmark/laut/kaluza/1410/sink.smt2,0,0.037365
benchmark/laut/kaluza/1606/sink.smt2,0,0.017856
benchmark/laut/kaluza/70/sink.smt2,1,0.009794
benchmark/laut/kaluza/1707/sink.smt2,0,0.009438
benchmark/laut/kaluza/282/sink.smt2,1,0.017990
benchmark/laut/kaluza/1899/sink.smt2,0,0.009615
benchmark/laut/kaluza/287/sink.smt2,1,0.008919
benchmark/laut/kaluza/182/sink.smt2,1,0.018152
benchmark/laut/kaluza/1402/sink.smt2,0,0.036619
benchmark/laut/kaluza/644/sink.smt2,0,0.017173
benchmark/laut/kaluza/1249/sink.smt2,0,0.021509
benchmark/laut/kaluza/252/sink.smt2,1,0.039921
benchmark/laut/kaluza/828/sink.smt2,0,0.021375
benchmark/laut/kaluza/508/sink.smt2,0,0.017692
benchmark/laut/kaluza/1320/sink.smt2,0,0.008997
benchmark/laut/kaluza/907/sink.smt2,0,0.035733
benchmark/laut/kaluza/194/sink.smt2,1,0.018515
benchmark/laut/kaluza/1620/sink.smt2,1,0.010144
benchmark/laut/kaluza/1098/sink.smt2,0,0.016262
benchmark/laut/kaluza/19/sink.smt2,0,0.009938
benchmark/laut/kaluza/1872/sink.smt2,0,0.010114
benchmark/laut/kaluza/170/sink.smt2,1,0.017530
benchmark/laut/kaluza/1340/sink.smt2,0,0.040192
benchmark/laut/kaluza/246/sink.smt2,1,0.037345
benchmark/laut/kaluza/684/sink.smt2,1,0.017367
benchmark/laut/kaluza/1660/sink.smt2,1,0.017679
benchmark/laut/kaluza/458/sink.smt2,0,0.034466
benchmark/laut/kaluza/245/sink.smt2,1,0.019021
benchmark/laut/kaluza/435/sink.smt2,1,0.017276
benchmark/laut/kaluza/341/sink.smt2,0,0.017699
benchmark/laut/kaluza/698/sink.smt2,1,0.016441
benchmark/laut/kaluza/1177/sink.smt2,0,0.016483
benchmark/laut/kaluza/1371/sink.smt2,1,0.032847
benchmark/laut/kaluza/1673/sink.smt2,1,0.016180
benchmark/laut/kaluza/1132/sink.smt2,1,0.033406
benchmark/laut/kaluza/91/sink.smt2,1,0.016821
benchmark/laut/kaluza/1264/sink.smt2,0,0.019526
benchmark/laut/kaluza/1793/sink.smt2,0,0.034838
benchmark/laut/kaluza/1794/sink.smt2,0,0.020003
benchmark/laut/kaluza/1889/sink.smt2,0,0.018641
benchmark/laut/kaluza/1141/sink.smt2,0,0.018323
benchmark/laut/kaluza/1260/sink.smt2,0,0.035250
benchmark/laut/kaluza/1693/sink.smt2,1,0.016976
benchmark/laut/kaluza/451/sink.smt2,0,0.033998
benchmark/laut/kaluza/848/sink.smt2,1,0.010673
benchmark/laut/kaluza/749/sink.smt2,1,0.016701
benchmark/laut/kaluza/1124/sink.smt2,0,0.016437
benchmark/laut/kaluza/1536/sink.smt2,0,0.008436
benchmark/laut/kaluza/796/sink.smt2,0,0.008240
benchmark/laut/kaluza/633/sink.smt2,1,0.016923
benchmark/laut/kaluza/1563/sink.smt2,1,0.017660
benchmark/laut/kaluza/810/sink.smt2,0,0.022570
benchmark/laut/kaluza/955/sink.smt2,1,0.016391
benchmark/laut/kaluza/1153/sink.smt2,0,0.008767
benchmark/laut/kaluza/1616/sink.smt2,1,0.016611
benchmark/laut/kaluza/562/sink.smt2,1,0.017825
benchmark/laut/kaluza/530/sink.smt2,0,0.009694
benchmark/laut/kaluza/2/sink.smt2,1,0.008341
benchmark/laut/kaluza/1929/sink.smt2,0,0.009340
benchmark/laut/kaluza/593/sink.smt2,0,0.017153
benchmark/laut/kaluza/629/sink.smt2,1,0.017052
benchmark/laut/kaluza/1715/sink.smt2,1,0.016946
benchmark/laut/kaluza/885/sink.smt2,0,0.017504
benchmark/laut/kaluza/500/sink.smt2,1,0.009010
benchmark/laut/kaluza/671/sink.smt2,1,0.017509
benchmark/laut/kaluza/472/sink.smt2,1,0.009620
benchmark/laut/kaluza/1145/sink.smt2,1,0.017294
benchmark/laut/kaluza/1445/sink.smt2,1,0.070081
benchmark/laut/kaluza/44/sink.smt2,1,0.020243
benchmark/laut/kaluza/264/sink.smt2,1,0.017668
benchmark/laut/kaluza/133/sink.smt2,1,0.018069
benchmark/laut/kaluza/863/sink.smt2,1,0.009519
benchmark/laut/kaluza/984/sink.smt2,0,0.008321
benchmark/laut/kaluza/800/sink.smt2,0,0.008686
benchmark/laut/kaluza/1527/sink.smt2,1,0.017952
benchmark/laut/kaluza/1665/sink.smt2,1,0.035192
benchmark/laut/kaluza/178/sink.smt2,1,0.019030
benchmark/laut/kaluza/1108/sink.smt2,0,0.011656
benchmark/laut/kaluza/616/sink.smt2,0,0.008950
benchmark/laut/kaluza/959/sink.smt2,0,0.010684
benchmark/laut/kaluza/1400/sink.smt2,1,0.017972
benchmark/laut/kaluza/1778/sink.smt2,0,0.018603
benchmark/laut/kaluza/1569/sink.smt2,0,0.039675
benchmark/laut/kaluza/537/sink.smt2,0,0.034538
benchmark/laut/kaluza/370/sink.smt2,0,0.035724
benchmark/laut/kaluza/1842/sink.smt2,0,0.067749
benchmark/laut/kaluza/251/sink.smt2,1,0.037059
benchmark/laut/kaluza/114/sink.smt2,1,0.017655
benchmark/laut/kaluza/1413/sink.smt2,0,0.009362
benchmark/laut/kaluza/18/sink.smt2,0,0.008222
benchmark/laut/kaluza/1975/sink.smt2,0,0.019338
benchmark/laut/kaluza/55/sink.smt2,1,0.016634
benchmark/laut/kaluza/852/sink.smt2,0,0.273796
benchmark/laut/kaluza/29/sink.smt2,1,0.040391
benchmark/laut/kaluza/496/sink.smt2,0,0.017880
benchmark/laut/kaluza/1164/sink.smt2,0,0.017838
benchmark/laut/kaluza/298/sink.smt2,0,0.117271
benchmark/laut/kaluza/1645/sink.smt2,0,0.068745
benchmark/laut/kaluza/1229/sink.smt2,0,0.018673
benchmark/laut/kaluza/345/sink.smt2,1,0.019756
benchmark/laut/kaluza/319/sink.smt2,1,0.033425
benchmark/laut/kaluza/1224/sink.smt2,1,0.010067
benchmark/laut/kaluza/1687/sink.smt2,1,0.009884
benchmark/laut/kaluza/625/sink.smt2,1,0.017112
benchmark/laut/kaluza/1966/sink.smt2,0,0.008149
benchmark/laut/kaluza/536/sink.smt2,1,0.018430
benchmark/laut/kaluza/1136/sink.smt2,0,0.009763
benchmark/laut/kaluza/1146/sink.smt2,1,0.037271
benchmark/laut/kaluza/1928/sink.smt2,0,0.017290
benchmark/laut/kaluza/718/sink.smt2,0,0.010057
benchmark/laut/kaluza/793/sink.smt2,1,0.009287
benchmark/laut/kaluza/926/sink.smt2,1,0.019232
benchmark/laut/kaluza/1096/sink.smt2,0,0.011843
benchmark/laut/kaluza/236/sink.smt2,1,0.068271
benchmark/laut/kaluza/1494/sink.smt2,1,0.017664
benchmark/laut/kaluza/780/sink.smt2,0,0.018888
benchmark/laut/kaluza/1496/sink.smt2,0,0.036944
benchmark/laut/kaluza/320/sink.smt2,1,0.035472
benchmark/laut/kaluza/798/sink.smt2,0,0.018196
benchmark/laut/kaluza/946/sink.smt2,1,0.010372
benchmark/laut/kaluza/1302/sink.smt2,1,0.017276
benchmark/laut/kaluza/1085/sink.smt2,0,0.017185
benchmark/laut/kaluza/679/sink.smt2,1,0.009058
benchmark/laut/kaluza/651/sink.smt2,0,0.011152
benchmark/laut/kaluza/1874/sink.smt2,0,0.009040
benchmark/laut/kaluza/1134/sink.smt2,1,0.018320
benchmark/laut/kaluza/1662/sink.smt2,1,0.016615
benchmark/laut/kaluza/1903/sink.smt2,0,0.008568
benchmark/laut/kaluza/809/sink.smt2,1,0.017377
benchmark/laut/kaluza/290/sink.smt2,0,0.009527
benchmark/laut/kaluza/563/sink.smt2,0,0.017373
benchmark/laut/kaluza/872/sink.smt2,0,0.008428
benchmark/laut/kaluza/1357/sink.smt2,1,0.017553
benchmark/laut/kaluza/1225/sink.smt2,0,0.008142
benchmark/laut/kaluza/1384/sink.smt2,1,0.011653
benchmark/laut/kaluza/720/sink.smt2,1,0.010653
benchmark/laut/kaluza/34/sink.smt2,1,0.016673
benchmark/laut/kaluza/1904/sink.smt2,0,0.008897
benchmark/laut/kaluza/212/sink.smt2,0,0.008694
benchmark/laut/kaluza/899/sink.smt2,1,0.034530
benchmark/laut/kaluza/1599/sink.smt2,0,0.009675
benchmark/laut/kaluza/857/sink.smt2,0,0.017415
benchmark/laut/kaluza/372/sink.smt2,1,0.016382
benchmark/laut/kaluza/807/sink.smt2,0,0.009779
benchmark/laut/kaluza/1796/sink.smt2,1,0.019514
benchmark/laut/kaluza/1103/sink.smt2,0,0.016255
benchmark/laut/kaluza/203/sink.smt2,1,0.017826
benchmark/laut/kaluza/919/sink.smt2,1,0.016413
benchmark/laut/kaluza/1416/sink.smt2,1,0.016087
benchmark/laut/kaluza/1735/sink.smt2,1,0.008811
benchmark/laut/kaluza/971/sink.smt2,0,0.009771
benchmark/laut/kaluza/1806/sink.smt2,0,0.007897
benchmark/laut/kaluza/195/sink.smt2,1,0.008849
benchmark/laut/kaluza/226/sink.smt2,0,0.008230
benchmark/laut/kaluza/638/sink.smt2,0,0.009074
benchmark/laut/kaluza/1610/sink.smt2,1,0.008031
benchmark/laut/kaluza/1424/sink.smt2,1,0.033512
benchmark/laut/kaluza/988/sink.smt2,0,0.033140
benchmark/laut/kaluza/1130/sink.smt2,1,0.034574
benchmark/laut/kaluza/57/sink.smt2,0,0.069702
benchmark/laut/kaluza/1006/sink.smt2,0,0.011038
benchmark/laut/kaluza/293/sink.smt2,0,0.009384
benchmark/laut/kaluza/1377/sink.smt2,0,0.008436
benchmark/laut/kaluza/730/sink.smt2,1,0.016952
benchmark/laut/kaluza/737/sink.smt2,1,0.017256
benchmark/laut/kaluza/1787/sink.smt2,1,0.017524
benchmark/laut/kaluza/1902/sink.smt2,1,0.009869
benchmark/laut/kaluza/1258/sink.smt2,0,0.036933
benchmark/laut/kaluza/1890/sink.smt2,1,0.018644
benchmark/laut/kaluza/288/sink.smt2,0,0.033758
benchmark/laut/kaluza/938/sink.smt2,0,0.009456
benchmark/laut/kaluza/525/sink.smt2,0,0.032260
benchmark/laut/kaluza/1621/sink.smt2,0,0.065325
benchmark/laut/kaluza/1220/sink.smt2,1,0.034960
benchmark/laut/kaluza/1139/sink.smt2,0,0.018828
benchmark/laut/kaluza/1217/sink.smt2,0,0.017581
benchmark/laut/kaluza/1607/sink.smt2,0,0.017159
benchmark/laut/kaluza/350/sink.smt2,1,0.008649
benchmark/laut/kaluza/1733/sink.smt2,0,0.018174
benchmark/laut/kaluza/1754/sink.smt2,0,0.035673
benchmark/laut/kaluza/650/sink.smt2,0,0.017912
benchmark/laut/kaluza/1114/sink.smt2,1,0.017672
benchmark/laut/kaluza/1946/sink.smt2,0,0.018468
benchmark/laut/kaluza/906/sink.smt2,0,0.034565
benchmark/laut/kaluza/219/sink.smt2,1,0.034478
benchmark/laut/kaluza/1046/sink.smt2,1,0.020166
benchmark/laut/kaluza/1383/sink.smt2,1,0.017546
benchmark/laut/kaluza/618/sink.smt2,1,0.035590
benchmark/laut/kaluza/552/sink.smt2,0,0.011413
benchmark/laut/kaluza/868/sink.smt2,0,0.010135
benchmark/laut/kaluza/1463/sink.smt2,0,0.009421
benchmark/laut/kaluza/1582/sink.smt2,0,0.010199
benchmark/laut/kaluza/1019/sink.smt2,0,0.010451
benchmark/laut/kaluza/40/sink.smt2,0,0.009565
benchmark/laut/kaluza/196/sink.smt2,1,0.016888
benchmark/laut/kaluza/969/sink.smt2,1,0.017413
benchmark/laut/kaluza/869/sink.smt2,0,0.010385
benchmark/laut/kaluza/383/sink.smt2,1,0.009642
benchmark/laut/kaluza/7/sink.smt2,0,0.009288
benchmark/laut/kaluza/850/sink.smt2,0,0.032704
benchmark/laut/kaluza/296/sink.smt2,0,0.010151
benchmark/laut/kaluza/1622/sink.smt2,1,0.017338
benchmark/laut/kaluza/1119/sink.smt2,1,0.017478
benchmark/laut/kaluza/584/sink.smt2,0,0.016508
benchmark/laut/kaluza/39/sink.smt2,0,0.009766
benchmark/laut/kaluza/1468/sink.smt2,1,0.035444
benchmark/laut/kaluza/1500/sink.smt2,0,0.035675
benchmark/laut/kaluza/1753/sink.smt2,0,0.009253
benchmark/laut/kaluza/1029/sink.smt2,1,0.017766
benchmark/laut/kaluza/115/sink.smt2,1,0.037670
benchmark/laut/kaluza/1900/sink.smt2,0,0.008537
benchmark/laut/kaluza/951/sink.smt2,0,0.017820
benchmark/laut/kaluza/1321/sink.smt2,0,0.008537
benchmark/laut/kaluza/1273/sink.smt2,0,0.018045
benchmark/laut/kaluza/817/sink.smt2,0,0.009310
benchmark/laut/kaluza/518/sink.smt2,1,0.034057
benchmark/laut/kaluza/497/sink.smt2,1,0.018178
benchmark/laut/kaluza/56/sink.smt2,1,0.067075
benchmark/laut/kaluza/163/sink.smt2,1,0.017127
benchmark/laut/kaluza/712/sink.smt2,0,0.016677
benchmark/laut/kaluza/841/sink.smt2,0,0.065712
benchmark/laut/kaluza/986/sink.smt2,0,0.020524
benchmark/laut/kaluza/259/sink.smt2,1,0.017213
benchmark/laut/kaluza/239/sink.smt2,1,0.019009
benchmark/laut/kaluza/1038/sink.smt2,0,0.009981
benchmark/laut/kaluza/1418/sink.smt2,1,0.034469
benchmark/laut/kaluza/392/sink.smt2,0,0.010107
benchmark/laut/kaluza/783/sink.smt2,0,0.009585
benchmark/laut/kaluza/665/sink.smt2,1,0.008770
benchmark/laut/kaluza/1736/sink.smt2,1,0.015851
benchmark/laut/kaluza/231/sink.smt2,1,0.065318
benchmark/laut/kaluza/281/sink.smt2,0,0.022907
benchmark/laut/kaluza/1757/sink.smt2,0,0.019378
benchmark/laut/kaluza/545/sink.smt2,0,0.018062
benchmark/laut/kaluza/1183/sink.smt2,1,0.037282
benchmark/laut/kaluza/1350/sink.smt2,1,0.036609
benchmark/laut/kaluza/1482/sink.smt2,0,0.009253
benchmark/laut/kaluza/836/sink.smt2,0,0.017864
benchmark/laut/kaluza/283/sink.smt2,0,0.009419
benchmark/laut/kaluza/950/sink.smt2,0,0.009106
benchmark/laut/kaluza/1451/sink.smt2,1,0.018591
benchmark/laut/kaluza/1089/sink.smt2,0,0.017007
benchmark/laut/kaluza/1815/sink.smt2,0,0.008923
benchmark/laut/kaluza/1823/sink.smt2,0,0.008404
benchmark/laut/kaluza/1358/sink.smt2,0,0.009426
benchmark/laut/kaluza/1155/sink.smt2,1,0.072183
benchmark/laut/kaluza/1738/sink.smt2,0,0.008511
benchmark/laut/kaluza/835/sink.smt2,1,0.035977
benchmark/laut/kaluza/117/sink.smt2,0,0.008716
benchmark/laut/kaluza/1573/sink.smt2,1,0.018905
benchmark/laut/kaluza/739/sink.smt2,0,0.036780
benchmark/laut/kaluza/1352/sink.smt2,0,0.033846
benchmark/laut/kaluza/766/sink.smt2,1,0.017498
benchmark/laut/kaluza/862/sink.smt2,1,0.019528
benchmark/laut/kaluza/1648/sink.smt2,1,0.019156
benchmark/laut/kaluza/640/sink.smt2,1,0.018387
benchmark/laut/kaluza/66/sink.smt2,0,0.016886
benchmark/laut/kaluza/1374/sink.smt2,1,0.042394
benchmark/laut/kaluza/434/sink.smt2,0,0.067241
benchmark/laut/kaluza/1652/sink.smt2,1,0.065571
benchmark/laut/kaluza/1755/sink.smt2,0,0.017720
benchmark/laut/kaluza/1869/sink.smt2,0,0.018746
benchmark/laut/kaluza/106/sink.smt2,1,0.035626
benchmark/laut/kaluza/371/sink.smt2,1,0.019294
benchmark/laut/kaluza/910/sink.smt2,1,0.018546
benchmark/laut/kaluza/1639/sink.smt2,1,0.278503
benchmark/laut/kaluza/180/sink.smt2,1,0.033246
benchmark/laut/kaluza/680/sink.smt2,0,0.017663
benchmark/laut/kaluza/882/sink.smt2,0,0.009070
benchmark/laut/kaluza/256/sink.smt2,1,0.034657
benchmark/laut/kaluza/1962/sink.smt2,0,0.018609
benchmark/laut/kaluza/1907/sink.smt2,0,0.008897
benchmark/laut/kaluza/1107/sink.smt2,0,0.018333
benchmark/laut/kaluza/395/sink.smt2,0,0.017539
benchmark/laut/kaluza/1898/sink.smt2,0,0.017093
benchmark/laut/kaluza/1678/sink.smt2,1,0.033793
benchmark/laut/kaluza/1274/sink.smt2,0,0.020180
benchmark/laut/kaluza/162/sink.smt2,1,0.035610
benchmark/laut/kaluza/27/sink.smt2,0,0.009595
benchmark/laut/kaluza/891/sink.smt2,0,0.065953
benchmark/laut/kaluza/378/sink.smt2,0,0.021312
benchmark/laut/kaluza/1830/sink.smt2,1,0.019397
benchmark/laut/kaluza/1178/sink.smt2,1,0.017454
benchmark/laut/kaluza/1142/sink.smt2,1,0.016561
benchmark/laut/kaluza/1932/sink.smt2,1,0.016173
benchmark/laut/kaluza/1151/sink.smt2,1,0.015927
benchmark/laut/kaluza/1813/sink.smt2,1,0.017216
benchmark/laut/kaluza/591/sink.smt2,1,0.017853
benchmark/laut/kaluza/1922/sink.smt2,0,0.020638
benchmark/laut/kaluza/1588/sink.smt2,0,0.016777
benchmark/laut/kaluza/1074/sink.smt2,1,0.017057
benchmark/laut/kaluza/1862/sink.smt2,0,0.009001
benchmark/laut/kaluza/274/sink.smt2,1,0.018750
benchmark/laut/kaluza/1816/sink.smt2,0,0.009484
benchmark/laut/kaluza/1931/sink.smt2,1,0.017214
benchmark/laut/kaluza/1480/sink.smt2,1,0.017626
benchmark/laut/kaluza/1909/sink.smt2,0,0.008672
benchmark/laut/kaluza/1940/sink.smt2,1,0.018404
benchmark/laut/kaluza/1841/sink.smt2,0,0.010207
benchmark/laut/kaluza/649/sink.smt2,0,0.016798
benchmark/laut/kaluza/1526/sink.smt2,0,0.017551
benchmark/laut/kaluza/59/sink.smt2,0,0.017521
benchmark/laut/kaluza/875/sink.smt2,0,0.036180
benchmark/laut/kaluza/1855/sink.smt2,0,0.008777
benchmark/laut/kaluza/1805/sink.smt2,1,0.039190
benchmark/laut/kaluza/165/sink.smt2,1,0.019973
benchmark/laut/kaluza/275/sink.smt2,1,0.016962
benchmark/laut/kaluza/128/sink.smt2,1,0.018092
benchmark/laut/kaluza/217/sink.smt2,1,0.008957
benchmark/laut/kaluza/1301/sink.smt2,0,0.009504
benchmark/laut/kaluza/830/sink.smt2,0,0.018056
benchmark/laut/kaluza/157/sink.smt2,1,0.016282
benchmark/laut/kaluza/1502/sink.smt2,0,0.016697
benchmark/laut/kaluza/1233/sink.smt2,1,0.033497
benchmark/laut/kaluza/1704/sink.smt2,0,0.033362
benchmark/laut/kaluza/1328/sink.smt2,0,0.017329
benchmark/laut/kaluza/1981/sink.smt2,1,0.034086
benchmark/laut/kaluza/1104/sink.smt2,1,0.018173
benchmark/laut/kaluza/1626/sink.smt2,0,0.016794
benchmark/laut/kaluza/1614/sink.smt2,1,0.018326
benchmark/laut/kaluza/1956/sink.smt2,1,0.018169
benchmark/laut/kaluza/532/sink.smt2,0,0.020851
benchmark/laut/kaluza/1093/sink.smt2,1,0.010493
benchmark/laut/kaluza/1769/sink.smt2,1,0.019369
benchmark/laut/kaluza/76/sink.smt2,1,0.017664
benchmark/laut/kaluza/269/sink.smt2,1,0.008678
benchmark/laut/kaluza/554/sink.smt2,1,0.016015
benchmark/laut/kaluza/1344/sink.smt2,0,0.115919
benchmark/laut/kaluza/447/sink.smt2,0,0.035923
benchmark/laut/kaluza/573/sink.smt2,1,0.033512
benchmark/laut/kaluza/398/sink.smt2,0,0.040313
benchmark/laut/kaluza/329/sink.smt2,1,0.018734
benchmark/laut/kaluza/1624/sink.smt2,0,0.019327
benchmark/laut/kaluza/71/sink.smt2,1,0.034150
benchmark/laut/kaluza/1627/sink.smt2,0,0.009261
benchmark/laut/kaluza/1171/sink.smt2,1,0.016251
benchmark/laut/kaluza/1278/sink.smt2,0,0.018155
benchmark/laut/kaluza/993/sink.smt2,1,0.009483
benchmark/laut/kaluza/668/sink.smt2,1,0.016888
benchmark/laut/kaluza/827/sink.smt2,1,0.017423
benchmark/laut/kaluza/787/sink.smt2,0,0.033096
benchmark/laut/kaluza/1267/sink.smt2,1,0.032807
benchmark/laut/kaluza/1386/sink.smt2,0,0.019669
benchmark/laut/kaluza/1511/sink.smt2,1,0.018105
benchmark/laut/kaluza/608/sink.smt2,1,0.018049
benchmark/laut/kaluza/69/sink.smt2,1,0.019997
benchmark/laut/kaluza/21/sink.smt2,1,0.010542
benchmark/laut/kaluza/1721/sink.smt2,1,0.035673
benchmark/laut/kaluza/1240/sink.smt2,0,0.033327
benchmark/laut/kaluza/837/sink.smt2,0,0.016811
benchmark/laut/kaluza/366/sink.smt2,0,0.016869
benchmark/laut/kaluza/1268/sink.smt2,1,0.018143
benchmark/laut/kaluza/1510/sink.smt2,1,0.032682
benchmark/laut/kaluza/1036/sink.smt2,1,0.017866
benchmark/laut/kaluza/313/sink.smt2,1,0.016957
benchmark/laut/kaluza/978/sink.smt2,0,0.018339
benchmark/laut/kaluza/1625/sink.smt2,0,0.016805
benchmark/laut/kaluza/1945/sink.smt2,0,0.037634
benchmark/laut/kaluza/661/sink.smt2,0,0.034759
benchmark/laut/kaluza/577/sink.smt2,1,0.033071
benchmark/laut/kaluza/364/sink.smt2,1,0.010678
benchmark/laut/kaluza/599/sink.smt2,0,0.010154
benchmark/laut/kaluza/1425/sink.smt2,0,0.032737
benchmark/laut/kaluza/1138/sink.smt2,1,0.017819
benchmark/laut/kaluza/1543/sink.smt2,1,0.032966
benchmark/laut/kaluza/232/sink.smt2,1,0.016620
benchmark/laut/kaluza/1112/sink.smt2,1,0.016611
benchmark/laut/kaluza/1363/sink.smt2,1,0.017658
benchmark/laut/kaluza/201/sink.smt2,1,0.016918
benchmark/laut/kaluza/36/sink.smt2,1,0.016999
benchmark/laut/kaluza/1750/sink.smt2,1,0.018304
benchmark/laut/kaluza/1293/sink.smt2,1,0.017645
benchmark/laut/kaluza/855/sink.smt2,1,0.020390
benchmark/laut/kaluza/1330/sink.smt2,0,0.010074
benchmark/laut/kaluza/816/sink.smt2,1,0.017352
benchmark/laut/kaluza/588/sink.smt2,0,0.018339
benchmark/laut/kaluza/20/sink.smt2,0,0.008845
benchmark/laut/kaluza/413/sink.smt2,1,0.034915
benchmark/laut/kaluza/15/sink.smt2,1,0.020600
benchmark/laut/kaluza/1791/sink.smt2,1,0.016155
benchmark/laut/kaluza/120/sink.smt2,1,0.067438
benchmark/laut/kaluza/1390/sink.smt2,0,0.035982
benchmark/laut/kaluza/1495/sink.smt2,0,0.009426
benchmark/laut/kaluza/1871/sink.smt2,0,0.009423
benchmark/laut/kaluza/116/sink.smt2,1,0.033735
benchmark/laut/kaluza/240/sink.smt2,0,0.033167
benchmark/laut/kaluza/261/sink.smt2,0,0.067662
benchmark/laut/kaluza/613/sink.smt2,0,0.016309
benchmark/laut/kaluza/77/sink.smt2,1,0.009248
benchmark/laut/kaluza/1135/sink.smt2,0,0.034002
benchmark/laut/kaluza/1593/sink.smt2,0,0.008512
benchmark/laut/kaluza/403/sink.smt2,0,0.007497
benchmark/laut/kaluza/1335/sink.smt2,0,0.009100
benchmark/laut/kaluza/456/sink.smt2,0,0.009495
benchmark/laut/kaluza/361/sink.smt2,1,0.008609
benchmark/laut/kaluza/148/sink.smt2,1,0.016922
benchmark/laut/kaluza/1867/sink.smt2,0,0.012448
benchmark/laut/kaluza/347/sink.smt2,1,0.010004
benchmark/laut/kaluza/546/sink.smt2,1,0.008460
benchmark/laut/kaluza/374/sink.smt2,1,0.013336
benchmark/laut/kaluza/1231/sink.smt2,0,0.034047
benchmark/laut/kaluza/1203/sink.smt2,0,0.073274
benchmark/laut/kaluza/594/sink.smt2,1,0.020044
benchmark/laut/kaluza/865/sink.smt2,0,0.016821
benchmark/laut/kaluza/1849/sink.smt2,1,0.018027
benchmark/laut/kaluza/921/sink.smt2,0,0.011348
benchmark/laut/kaluza/1021/sink.smt2,0,0.009687
benchmark/laut/kaluza/1005/sink.smt2,0,0.009483
benchmark/laut/kaluza/1361/sink.smt2,1,0.012474
benchmark/laut/kaluza/861/sink.smt2,1,0.010720
benchmark/laut/kaluza/300/sink.smt2,1,0.017151
benchmark/laut/kaluza/1843/sink.smt2,1,0.011208
benchmark/laut/kaluza/192/sink.smt2,0,0.008771
benchmark/laut/kaluza/1893/sink.smt2,1,0.009171
benchmark/laut/kaluza/627/sink.smt2,1,0.034812
benchmark/laut/kaluza/516/sink.smt2,1,0.017093
benchmark/laut/kaluza/33/sink.smt2,1,0.009645
benchmark/laut/kaluza/1685/sink.smt2,0,0.009389
benchmark/laut/kaluza/377/sink.smt2,1,0.009364
benchmark/laut/kaluza/535/sink.smt2,0,0.009990
benchmark/laut/kaluza/1436/sink.smt2,0,0.017890
benchmark/laut/kaluza/1327/sink.smt2,0,0.034159
benchmark/laut/kaluza/166/sink.smt2,1,0.018061
benchmark/laut/kaluza/1992/sink.smt2,0,0.010554
benchmark/laut/kaluza/11/sink.smt2,0,0.009358
benchmark/laut/kaluza/1960/sink.smt2,0,0.009547
benchmark/laut/kaluza/1032/sink.smt2,0,0.008792
benchmark/laut/kaluza/626/sink.smt2,1,0.068570
benchmark/laut/kaluza/1111/sink.smt2,1,0.016532
benchmark/laut/kaluza/438/sink.smt2,0,0.007942
benchmark/laut/kaluza/391/sink.smt2,0,0.009243
benchmark/laut/kaluza/1161/sink.smt2,0,0.016835
benchmark/laut/kaluza/1387/sink.smt2,1,0.018751
benchmark/laut/kaluza/1378/sink.smt2,1,0.017331
benchmark/laut/kaluza/1311/sink.smt2,1,0.033925
benchmark/laut/kaluza/52/sink.smt2,1,0.016133
benchmark/laut/kaluza/481/sink.smt2,0,0.009727
benchmark/laut/kaluza/1275/sink.smt2,0,0.017309
benchmark/laut/kaluza/1854/sink.smt2,0,0.009745
benchmark/laut/kaluza/1068/sink.smt2,1,0.018427
benchmark/laut/kaluza/46/sink.smt2,0,0.015747
benchmark/laut/kaluza/538/sink.smt2,1,0.009560
benchmark/laut/kaluza/83/sink.smt2,1,0.008250
benchmark/laut/kaluza/431/sink.smt2,1,0.018614
benchmark/laut/kaluza/1669/sink.smt2,1,0.035778
benchmark/laut/kaluza/664/sink.smt2,0,0.008286
benchmark/laut/kaluza/221/sink.smt2,0,0.009468
benchmark/laut/kaluza/10/sink.smt2,1,0.016931
benchmark/laut/kaluza/732/sink.smt2,0,0.013977
benchmark/laut/kaluza/1280/sink.smt2,0,0.009142
benchmark/laut/kaluza/389/sink.smt2,0,0.009344
benchmark/laut/kaluza/999/sink.smt2,0,0.008666
benchmark/laut/kaluza/936/sink.smt2,0,0.009180
benchmark/laut/kaluza/1575/sink.smt2,0,0.008620
benchmark/laut/kaluza/1201/sink.smt2,1,0.017156
benchmark/laut/kaluza/145/sink.smt2,1,0.009931
benchmark/laut/kaluza/1191/sink.smt2,0,0.009610
benchmark/laut/kaluza/1175/sink.smt2,1,0.009723
benchmark/laut/kaluza/1152/sink.smt2,0,0.009222
benchmark/laut/kaluza/1348/sink.smt2,0,0.066238
benchmark/laut/kaluza/802/sink.smt2,1,0.019781
benchmark/laut/kaluza/1638/sink.smt2,0,0.008503
benchmark/laut/kaluza/654/sink.smt2,1,0.017999
benchmark/laut/kaluza/1052/sink.smt2,1,0.034304
benchmark/laut/kaluza/1720/sink.smt2,1,0.321764
benchmark/laut/kaluza/142/sink.smt2,0,0.068271
benchmark/laut/kaluza/601/sink.smt2,0,0.035581
benchmark/laut/kaluza/336/sink.smt2,1,0.035714
benchmark/laut/kaluza/1512/sink.smt2,0,0.018317
benchmark/laut/kaluza/550/sink.smt2,0,0.017690
benchmark/laut/kaluza/894/sink.smt2,0,0.034397
benchmark/laut/kaluza/1432/sink.smt2,1,0.033058
benchmark/laut/kaluza/302/sink.smt2,1,0.009584
benchmark/laut/kaluza/1282/sink.smt2,0,0.009855
benchmark/laut/kaluza/1710/sink.smt2,0,0.009047
benchmark/laut/kaluza/1086/sink.smt2,0,0.010646
benchmark/laut/kaluza/65/sink.smt2,1,0.069156
benchmark/laut/kaluza/1887/sink.smt2,0,0.008623
benchmark/laut/kaluza/813/sink.smt2,1,0.021874
benchmark/laut/kaluza/1649/sink.smt2,0,0.008576
benchmark/laut/kaluza/1024/sink.smt2,0,0.008978
benchmark/laut/kaluza/1870/sink.smt2,1,0.009565
benchmark/laut/kaluza/134/sink.smt2,0,0.067327
benchmark/laut/kaluza/805/sink.smt2,1,0.018398
benchmark/laut/kaluza/1329/sink.smt2,0,0.008877
benchmark/laut/kaluza/1963/sink.smt2,0,0.018356
benchmark/laut/kaluza/1542/sink.smt2,0,0.034741
benchmark/laut/kaluza/846/sink.smt2,0,0.017567
benchmark/laut/kaluza/1567/sink.smt2,0,0.013480
benchmark/laut/kaluza/1709/sink.smt2,0,0.008894
benchmark/laut/kaluza/533/sink.smt2,0,0.010262
benchmark/laut/kaluza/1069/sink.smt2,1,0.018138
benchmark/laut/kaluza/1751/sink.smt2,1,0.016511
benchmark/laut/kaluza/311/sink.smt2,1,0.008412
benchmark/laut/kaluza/979/sink.smt2,0,0.010572
benchmark/laut/kaluza/466/sink.smt2,0,0.008773
benchmark/laut/kaluza/1262/sink.smt2,0,0.034396
benchmark/laut/kaluza/714/sink.smt2,0,0.009402
benchmark/laut/kaluza/1256/sink.smt2,1,0.068256
benchmark/laut/kaluza/168/sink.smt2,0,0.011043
benchmark/laut/kaluza/913/sink.smt2,1,0.010316
benchmark/laut/kaluza/1058/sink.smt2,1,0.070540
benchmark/laut/kaluza/820/sink.smt2,1,0.038485
benchmark/laut/kaluza/1062/sink.smt2,1,0.035983
benchmark/laut/kaluza/1819/sink.smt2,1,0.033370
benchmark/laut/kaluza/1117/sink.smt2,0,0.033732
benchmark/laut/kaluza/1244/sink.smt2,0,0.009476
benchmark/laut/kaluza/1109/sink.smt2,1,0.020840
benchmark/laut/kaluza/1853/sink.smt2,1,0.009453
benchmark/laut/kaluza/672/sink.smt2,0,0.035001
benchmark/laut/kaluza/522/sink.smt2,1,0.009417
benchmark/laut/kaluza/1030/sink.smt2,1,0.010443
benchmark/laut/kaluza/924/sink.smt2,0,0.009338
benchmark/laut/kaluza/1137/sink.smt2,0,0.008555
benchmark/laut/kaluza/1641/sink.smt2,0,0.035027
benchmark/laut/kaluza/1568/sink.smt2,0,0.007970
benchmark/laut/kaluza/153/sink.smt2,1,0.033614
benchmark/laut/kaluza/285/sink.smt2,0,0.066999
benchmark/laut/kaluza/631/sink.smt2,1,0.017804
benchmark/laut/kaluza/62/sink.smt2,0,0.017604
benchmark/laut/kaluza/1079/sink.smt2,0,0.008221
benchmark/laut/kaluza/1185/sink.smt2,0,0.011510
benchmark/laut/kaluza/689/sink.smt2,1,0.065818
benchmark/laut/kaluza/1228/sink.smt2,1,0.011128
benchmark/laut/kaluza/1199/sink.smt2,1,0.017240
benchmark/laut/kaluza/1847/sink.smt2,1,0.017438
benchmark/laut/kaluza/1895/sink.smt2,0,0.008752
benchmark/laut/kaluza/1237/sink.smt2,0,0.008685
benchmark/laut/kaluza/461/sink.smt2,0,0.009099
benchmark/laut/kaluza/1829/sink.smt2,1,0.017412
benchmark/laut/kaluza/1147/sink.smt2,0,0.017032
benchmark/laut/kaluza/1438/sink.smt2,0,0.008516
benchmark/laut/kaluza/1651/sink.smt2,0,0.017663
benchmark/laut/kaluza/717/sink.smt2,0,0.009319
benchmark/laut/kaluza/109/sink.smt2,1,0.018296
benchmark/laut/kaluza/1304/sink.smt2,0,0.017549
benchmark/laut/kaluza/646/sink.smt2,0,0.010130
benchmark/laut/kaluza/176/sink.smt2,1,0.018311
benchmark/laut/kaluza/1398/sink.smt2,0,0.034634
benchmark/laut/kaluza/126/sink.smt2,1,0.033298
benchmark/laut/kaluza/379/sink.smt2,1,0.016365
benchmark/laut/kaluza/1674/sink.smt2,1,0.008587
benchmark/laut/kaluza/1004/sink.smt2,1,0.017526
benchmark/laut/kaluza/505/sink.smt2,1,0.017235
benchmark/laut/kaluza/1959/sink.smt2,0,0.008996
benchmark/laut/kaluza/452/sink.smt2,1,0.008303
benchmark/laut/kaluza/949/sink.smt2,0,0.017833
benchmark/laut/kaluza/1105/sink.smt2,1,0.035133
benchmark/laut/kaluza/498/sink.smt2,1,0.020554
benchmark/laut/kaluza/734/sink.smt2,1,0.019538
benchmark/laut/kaluza/1281/sink.smt2,1,0.017627
benchmark/laut/kaluza/1477/sink.smt2,0,0.010751
benchmark/laut/kaluza/1549/sink.smt2,0,0.016853
benchmark/laut/kaluza/1031/sink.smt2,0,0.019290
benchmark/laut/kaluza/1310/sink.smt2,1,0.035219
benchmark/laut/kaluza/1166/sink.smt2,0,0.010423
benchmark/laut/kaluza/1781/sink.smt2,1,0.017479
benchmark/laut/kaluza/1372/sink.smt2,0,0.036131
benchmark/laut/kaluza/1603/sink.smt2,0,0.017239
benchmark/laut/kaluza/1572/sink.smt2,1,0.008283
benchmark/laut/kaluza/98/sink.smt2,1,0.017799
benchmark/laut/kaluza/197/sink.smt2,1,0.010754
benchmark/laut/kaluza/517/sink.smt2,0,0.010843
benchmark/laut/kaluza/1226/sink.smt2,0,0.017874
benchmark/laut/kaluza/1230/sink.smt2,0,0.009149
benchmark/laut/kaluza/1435/sink.smt2,1,0.035066
benchmark/laut/kaluza/328/sink.smt2,1,0.010361
benchmark/laut/kaluza/1713/sink.smt2,1,0.010733
benchmark/laut/kaluza/1634/sink.smt2,0,0.009318
benchmark/laut/kaluza/299/sink.smt2,1,0.011135
benchmark/laut/kaluza/559/sink.smt2,0,0.010648
benchmark/laut/kaluza/322/sink.smt2,0,0.017406
benchmark/laut/kaluza/478/sink.smt2,1,0.010543
benchmark/laut/kaluza/1444/sink.smt2,1,0.036219
benchmark/laut/kaluza/107/sink.smt2,1,0.009251
benchmark/laut/kaluza/1474/sink.smt2,0,0.016968
benchmark/laut/kaluza/1722/sink.smt2,0,0.009930
benchmark/laut/kaluza/896/sink.smt2,1,0.018294
benchmark/laut/kaluza/1632/sink.smt2,0,0.033245
benchmark/laut/kaluza/1507/sink.smt2,1,0.017884
benchmark/laut/kaluza/1838/sink.smt2,0,0.008987
benchmark/laut/kaluza/1619/sink.smt2,1,0.017717
benchmark/laut/kaluza/1629/sink.smt2,0,0.016608
benchmark/laut/kaluza/1761/sink.smt2,1,0.018002
benchmark/laut/kaluza/1442/sink.smt2,0,0.034719
benchmark/laut/kaluza/1820/sink.smt2,0,0.009352
benchmark/laut/kaluza/207/sink.smt2,1,0.018147
benchmark/laut/kaluza/958/sink.smt2,1,0.018244
benchmark/laut/kaluza/1373/sink.smt2,1,0.017181
benchmark/laut/kaluza/457/sink.smt2,1,0.017207
benchmark/laut/kaluza/227/sink.smt2,1,0.035615
benchmark/laut/kaluza/1053/sink.smt2,0,0.008675
benchmark/laut/kaluza/1581/sink.smt2,0,0.010752
benchmark/laut/kaluza/1467/sink.smt2,0,0.035261
benchmark/laut/kaluza/1169/sink.smt2,1,0.008982
benchmark/laut/kaluza/701/sink.smt2,1,0.009697
benchmark/laut/kaluza/998/sink.smt2,1,0.009863
benchmark/laut/kaluza/394/sink.smt2,0,0.009088
benchmark/laut/kaluza/973/sink.smt2,0,0.008334
benchmark/laut/kaluza/898/sink.smt2,1,0.067145
benchmark/laut/kaluza/659/sink.smt2,0,0.018620
benchmark/laut/kaluza/1283/sink.smt2,1,0.017816
benchmark/laut/kaluza/422/sink.smt2,1,0.017730
benchmark/laut/kaluza/1094/sink.smt2,1,0.018223
benchmark/laut/kaluza/445/sink.smt2,1,0.017807
benchmark/laut/kaluza/1431/sink.smt2,0,0.016350
benchmark/laut/kaluza/1343/sink.smt2,0,0.039664
benchmark/laut/kaluza/430/sink.smt2,0,0.033168
benchmark/laut/kaluza/693/sink.smt2,0,0.036726
benchmark/laut/kaluza/333/sink.smt2,1,0.009649
benchmark/laut/kaluza/1414/sink.smt2,0,0.018382
benchmark/laut/kaluza/1285/sink.smt2,1,0.021103
benchmark/laut/kaluza/888/sink.smt2,1,0.017112
benchmark/laut/kaluza/688/sink.smt2,1,0.035157
benchmark/laut/kaluza/879/sink.smt2,1,0.017863
benchmark/laut/kaluza/486/sink.smt2,1,0.008969
benchmark/laut/kaluza/710/sink.smt2,0,0.009394
benchmark/laut/kaluza/1530/sink.smt2,1,0.008941
benchmark/laut/kaluza/1148/sink.smt2,0,0.009149
benchmark/laut/kaluza/1711/sink.smt2,0,0.009471
benchmark/laut/kaluza/954/sink.smt2,0,0.010570
benchmark/laut/kaluza/892/sink.smt2,0,0.035056
benchmark/laut/kaluza/901/sink.smt2,0,0.017052
benchmark/laut/kaluza/1133/sink.smt2,1,0.036148
benchmark/laut/kaluza/754/sink.smt2,0,0.009582
benchmark/laut/kaluza/1212/sink.smt2,1,0.008372
benchmark/laut/kaluza/224/sink.smt2,1,0.016904
benchmark/laut/kaluza/1901/sink.smt2,1,0.016279
benchmark/laut/kaluza/1207/sink.smt2,1,0.016599
benchmark/laut/kaluza/1952/sink.smt2,0,0.008115
benchmark/laut/kaluza/905/sink.smt2,0,0.033266
benchmark/laut/kaluza/1523/sink.smt2,1,0.010387
benchmark/laut/kaluza/337/sink.smt2,0,0.008876
benchmark/laut/kaluza/860/sink.smt2,1,0.034362
benchmark/laut/kaluza/539/sink.smt2,1,0.017526
benchmark/laut/kaluza/1218/sink.smt2,1,0.008305
benchmark/laut/kaluza/1392/sink.smt2,1,0.019250
benchmark/laut/kaluza/417/sink.smt2,1,0.018999
benchmark/laut/kaluza/424/sink.smt2,0,0.011298
benchmark/laut/kaluza/915/sink.smt2,0,0.033042
benchmark/laut/kaluza/1324/sink.smt2,1,0.018553
benchmark/laut/kaluza/286/sink.smt2,0,0.009306
benchmark/laut/kaluza/635/sink.smt2,0,0.017109
benchmark/laut/kaluza/268/sink.smt2,1,0.017096
benchmark/laut/kaluza/1254/sink.smt2,1,0.035104
benchmark/laut/kaluza/1585/sink.smt2,1,0.011903
benchmark/laut/kaluza/662/sink.smt2,1,0.018500
benchmark/laut/kaluza/1025/sink.smt2,1,0.020603
benchmark/laut/kaluza/983/sink.smt2,0,0.009344
benchmark/laut/kaluza/175/sink.smt2,0,0.009308
benchmark/laut/kaluza/353/sink.smt2,1,0.019696
benchmark/laut/kaluza/1509/sink.smt2,0,0.016553
benchmark/laut/kaluza/1550/sink.smt2,1,0.017376
benchmark/laut/kaluza/1740/sink.smt2,1,0.036021
benchmark/laut/kaluza/1574/sink.smt2,1,0.018718
benchmark/laut/kaluza/1182/sink.smt2,0,0.018888
benchmark/laut/kaluza/1407/sink.smt2,1,0.033467
benchmark/laut/kaluza/1983/sink.smt2,0,0.008648
benchmark/laut/kaluza/1498/sink.smt2,0,0.016673
benchmark/laut/kaluza/352/sink.smt2,0,0.275930
benchmark/laut/kaluza/1644/sink.smt2,0,0.067952
benchmark/laut/kaluza/17/sink.smt2,1,0.020320
benchmark/laut/kaluza/22/sink.smt2,1,0.021174
benchmark/laut/kaluza/1597/sink.smt2,0,0.019224
benchmark/laut/kaluza/1727/sink.smt2,1,0.035302
benchmark/laut/kaluza/775/sink.smt2,1,0.033799
benchmark/laut/kaluza/99/sink.smt2,1,0.016519
benchmark/laut/kaluza/1991/sink.smt2,0,0.018355
benchmark/laut/kaluza/1878/sink.smt2,0,0.033293
benchmark/laut/kaluza/726/sink.smt2,1,0.018530
benchmark/laut/kaluza/1106/sink.smt2,1,0.066010
benchmark/laut/kaluza/1951/sink.smt2,1,0.036359
benchmark/laut/kaluza/25/sink.smt2,1,0.034919
benchmark/laut/kaluza/1434/sink.smt2,1,0.020722
benchmark/laut/kaluza/75/sink.smt2,1,0.035355
benchmark/laut/kaluza/1252/sink.smt2,0,0.017243
benchmark/laut/kaluza/1332/sink.smt2,1,0.071464
benchmark/laut/kaluza/1219/sink.smt2,1,0.067721
benchmark/laut/kaluza/1822/sink.smt2,1,0.069068
benchmark/laut/kaluza/1654/sink.smt2,1,0.071675
benchmark/laut/kaluza/1466/sink.smt2,1,0.021099
benchmark/laut/kaluza/639/sink.smt2,1,0.069552
benchmark/laut/kaluza/1172/sink.smt2,0,0.032084
benchmark/laut/kaluza/1788/sink.smt2,0,0.034151
benchmark/laut/kaluza/1916/sink.smt2,1,0.015768
benchmark/laut/kaluza/41/sink.smt2,0,0.007469
benchmark/laut/kaluza/243/sink.smt2,1,0.016675
benchmark/laut/kaluza/604/sink.smt2,0,0.008869
benchmark/laut/kaluza/1081/sink.smt2,0,0.008861
benchmark/laut/kaluza/715/sink.smt2,0,0.034725
benchmark/laut/kaluza/784/sink.smt2,0,0.017935
benchmark/laut/kaluza/1719/sink.smt2,0,0.011937
benchmark/laut/kaluza/1666/sink.smt2,1,0.033027
benchmark/laut/kaluza/1047/sink.smt2,0,0.011027
benchmark/laut/kaluza/1415/sink.smt2,0,0.017241
benchmark/laut/kaluza/1780/sink.smt2,1,0.010333
benchmark/laut/kaluza/428/sink.smt2,0,0.017450
benchmark/laut/kaluza/1066/sink.smt2,0,0.016282
benchmark/laut/kaluza/1768/sink.smt2,0,0.017655
benchmark/laut/kaluza/736/sink.smt2,1,0.073820
benchmark/laut/kaluza/1269/sink.smt2,0,0.017179
benchmark/laut/kaluza/421/sink.smt2,0,0.019965
benchmark/laut/kaluza/1555/sink.smt2,1,0.020001
benchmark/laut/kaluza/1433/sink.smt2,0,0.036858
benchmark/laut/kaluza/1877/sink.smt2,1,0.017767
benchmark/laut/kaluza/397/sink.smt2,0,0.009899
benchmark/laut/kaluza/725/sink.smt2,1,0.017594
benchmark/laut/kaluza/524/sink.smt2,0,0.034489
benchmark/laut/kaluza/73/sink.smt2,1,0.019841
benchmark/laut/kaluza/1092/sink.smt2,0,0.019896
benchmark/laut/kaluza/100/sink.smt2,1,0.017479
benchmark/laut/kaluza/96/sink.smt2,0,0.034642
benchmark/laut/kaluza/141/sink.smt2,1,0.071253
benchmark/laut/kaluza/890/sink.smt2,0,0.073035
benchmark/laut/kaluza/1881/sink.smt2,0,0.036635
benchmark/laut/kaluza/324/sink.smt2,1,0.017268
benchmark/laut/kaluza/834/sink.smt2,0,0.017784
benchmark/laut/kaluza/595/sink.smt2,0,0.016393
benchmark/laut/kaluza/317/sink.smt2,1,0.036551
benchmark/laut/kaluza/1529/sink.smt2,0,0.035494
benchmark/laut/kaluza/1944/sink.smt2,1,0.035544
benchmark/laut/kaluza/652/sink.smt2,0,0.016157
benchmark/laut/kaluza/1292/sink.smt2,1,0.019693
benchmark/laut/kaluza/1501/sink.smt2,0,0.018603
benchmark/laut/kaluza/557/sink.smt2,0,0.018103
benchmark/laut/kaluza/893/sink.smt2,0,0.036878
benchmark/laut/kaluza/570/sink.smt2,0,0.069667
benchmark/laut/kaluza/1206/sink.smt2,0,0.035995
benchmark/laut/kaluza/1290/sink.smt2,0,0.037322
benchmark/laut/kaluza/130/sink.smt2,1,0.016778
benchmark/laut/kaluza/1659/sink.smt2,1,0.010933
benchmark/laut/kaluza/210/sink.smt2,1,0.010661
benchmark/laut/kaluza/1706/sink.smt2,1,0.008977
benchmark/laut/kaluza/1379/sink.smt2,1,0.034682
benchmark/laut/kaluza/1009/sink.smt2,1,0.017457
benchmark/laut/kaluza/1235/sink.smt2,1,0.036407
benchmark/laut/kaluza/1317/sink.smt2,1,0.010381
benchmark/laut/kaluza/443/sink.smt2,1,0.008487
benchmark/laut/kaluza/1949/sink.smt2,0,0.009627
benchmark/laut/kaluza/1656/sink.smt2,0,0.009258
benchmark/laut/kaluza/992/sink.smt2,1,0.009952
benchmark/laut/kaluza/932/sink.smt2,0,0.010322
benchmark/laut/kaluza/1246/sink.smt2,1,0.017865
benchmark/laut/kaluza/1615/sink.smt2,0,0.012163
benchmark/laut/kaluza/385/sink.smt2,0,0.017785
benchmark/laut/kaluza/1440/sink.smt2,0,0.017996
benchmark/laut/kaluza/1812/sink.smt2,1,0.009501
benchmark/laut/kaluza/1730/sink.smt2,1,0.020231
benchmark/laut/kaluza/840/sink.smt2,1,0.016534
benchmark/laut/kaluza/367/sink.smt2,0,0.018198
benchmark/laut/kaluza/35/sink.smt2,1,0.008848
benchmark/laut/kaluza/1635/sink.smt2,1,0.016880
benchmark/laut/kaluza/1257/sink.smt2,1,0.032714
benchmark/laut/kaluza/31/sink.smt2,1,0.016368
benchmark/laut/kaluza/437/sink.smt2,1,0.017343
benchmark/laut/kaluza/48/sink.smt2,1,0.009380
benchmark/laut/kaluza/1385/sink.smt2,0,0.010058
benchmark/laut/kaluza/1826/sink.smt2,1,0.007672
benchmark/laut/kaluza/991/sink.smt2,1,0.008865
benchmark/laut/kaluza/1337/sink.smt2,0,0.017239
benchmark/laut/kaluza/1954/sink.smt2,1,0.011303
benchmark/laut/kaluza/1697/sink.smt2,0,0.009886
benchmark/laut/kaluza/229/sink.smt2,0,0.008709
benchmark/laut/kaluza/1515/sink.smt2,0,0.017905
benchmark/laut/kaluza/272/sink.smt2,1,0.018074
benchmark/laut/kaluza/704/sink.smt2,0,0.011956
benchmark/laut/kaluza/241/sink.smt2,1,0.018977
benchmark/laut/kaluza/1336/sink.smt2,0,0.011409
benchmark/laut/kaluza/1525/sink.smt2,0,0.008850
benchmark/laut/kaluza/423/sink.smt2,0,0.009291
benchmark/laut/kaluza/1994/sink.smt2,1,0.017449
benchmark/laut/kaluza/819/sink.smt2,1,0.034763
benchmark/laut/kaluza/346/sink.smt2,0,0.017876
benchmark/laut/kaluza/789/sink.smt2,0,0.020382
benchmark/laut/kaluza/1459/sink.smt2,0,0.008543
benchmark/laut/kaluza/801/sink.smt2,1,0.018631
benchmark/laut/kaluza/1532/sink.smt2,1,0.034472
benchmark/laut/kaluza/895/sink.smt2,1,0.034524
benchmark/laut/kaluza/111/sink.smt2,1,0.032271
benchmark/laut/kaluza/997/sink.smt2,1,0.017078
benchmark/laut/kaluza/1717/sink.smt2,1,0.067736
benchmark/laut/kaluza/731/sink.smt2,1,3.449193
benchmark/laut/kaluza/1783/sink.smt2,1,0.227778
benchmark/laut/kaluza/74/sink.smt2,1,0.065947
benchmark/laut/kaluza/1873/sink.smt2,0,0.174684
benchmark/laut/kaluza/234/sink.smt2,1,0.222872
benchmark/laut/kaluza/1197/sink.smt2,1,0.226565
benchmark/laut/kaluza/161/sink.smt2,1,0.118691
benchmark/laut/kaluza/1561/sink.smt2,1,0.038443
benchmark/laut/kaluza/1087/sink.smt2,1,0.065072
benchmark/laut/kaluza/799/sink.smt2,1,0.019499
benchmark/laut/kaluza/279/sink.smt2,1,0.017139
benchmark/laut/kaluza/990/sink.smt2,0,0.009799
benchmark/laut/kaluza/249/sink.smt2,0,0.033689
benchmark/laut/kaluza/215/sink.smt2,1,0.009052
benchmark/laut/kaluza/743/sink.smt2,0,0.009183
benchmark/laut/kaluza/677/sink.smt2,1,0.017241
benchmark/laut/kaluza/469/sink.smt2,1,0.019188
benchmark/laut/kaluza/459/sink.smt2,0,0.068440
benchmark/laut/kaluza/225/sink.smt2,0,0.068342
benchmark/laut/kaluza/686/sink.smt2,1,0.018307
benchmark/laut/kaluza/597/sink.smt2,0,0.010830
benchmark/laut/kaluza/1265/sink.smt2,0,0.036809
benchmark/laut/kaluza/97/sink.smt2,0,0.167073
benchmark/laut/kaluza/23/sink.smt2,1,0.009864
benchmark/laut/kaluza/1891/sink.smt2,0,0.009504
benchmark/laut/kaluza/696/sink.smt2,1,0.016663
benchmark/laut/kaluza/384/sink.smt2,0,0.009411
benchmark/laut/kaluza/292/sink.smt2,0,0.017292
benchmark/laut/kaluza/355/sink.smt2,1,0.034920
benchmark/laut/kaluza/1852/sink.smt2,0,0.017392
benchmark/laut/kaluza/1150/sink.smt2,1,0.017507
benchmark/laut/kaluza/1288/sink.smt2,1,0.011262
benchmark/laut/kaluza/1294/sink.smt2,1,0.017644
benchmark/laut/kaluza/617/sink.smt2,0,0.009450
benchmark/laut/kaluza/357/sink.smt2,0,0.018963
benchmark/laut/kaluza/190/sink.smt2,0,0.008412
benchmark/laut/kaluza/47/sink.smt2,0,0.066141
benchmark/laut/kaluza/387/sink.smt2,0,0.009589
benchmark/laut/kaluza/1043/sink.smt2,1,0.016001
benchmark/laut/kaluza/842/sink.smt2,1,0.017978
benchmark/laut/kaluza/502/sink.smt2,0,0.008570
benchmark/laut/kaluza/1388/sink.smt2,0,0.016949
benchmark/laut/kaluza/258/sink.smt2,1,0.020813
benchmark/laut/kaluza/1253/sink.smt2,0,0.036666
benchmark/laut/kaluza/656/sink.smt2,0,0.009384
benchmark/laut/kaluza/1831/sink.smt2,1,0.033150
benchmark/laut/kaluza/937/sink.smt2,0,0.036579
benchmark/laut/kaluza/289/sink.smt2,1,0.033267
benchmark/laut/kaluza/1671/sink.smt2,0,0.034031
benchmark/laut/kaluza/1016/sink.smt2,0,0.068861
benchmark/laut/kaluza/1885/sink.smt2,1,0.017269
benchmark/laut/kaluza/1506/sink.smt2,1,0.018216
benchmark/laut/kaluza/1250/sink.smt2,1,0.018181
benchmark/laut/kaluza/844/sink.smt2,0,0.018426
benchmark/laut/kaluza/1503/sink.smt2,1,0.017637
benchmark/laut/kaluza/1213/sink.smt2,1,0.021008
benchmark/laut/kaluza/1102/sink.smt2,1,0.035005
benchmark/laut/kaluza/509/sink.smt2,1,0.018219
benchmark/laut/kaluza/1368/sink.smt2,0,0.019138
benchmark/laut/kaluza/441/sink.smt2,0,0.018079
benchmark/laut/kaluza/877/sink.smt2,1,0.019450
benchmark/laut/kaluza/977/sink.smt2,0,0.008545
benchmark/laut/kaluza/695/sink.smt2,1,0.017679
benchmark/laut/kaluza/699/sink.smt2,0,0.008415
benchmark/laut/kaluza/1776/sink.smt2,0,0.033849
benchmark/laut/kaluza/666/sink.smt2,1,0.009549
benchmark/laut/kaluza/648/sink.smt2,1,0.017501
benchmark/laut/kaluza/1775/sink.smt2,0,0.016578
benchmark/laut/kaluza/1541/sink.smt2,1,0.016230
benchmark/laut/kaluza/566/sink.smt2,0,0.008844
benchmark/laut/kaluza/1470/sink.smt2,1,0.034087
benchmark/laut/kaluza/943/sink.smt2,0,0.009370
benchmark/laut/kaluza/1866/sink.smt2,0,0.007819
benchmark/laut/kaluza/1393/sink.smt2,0,0.034275
benchmark/laut/kaluza/769/sink.smt2,1,0.016922
benchmark/laut/kaluza/1865/sink.smt2,0,0.009221
benchmark/laut/kaluza/1964/sink.smt2,1,0.016263
benchmark/laut/kaluza/310/sink.smt2,1,0.009711
benchmark/laut/kaluza/1493/sink.smt2,0,0.008344
benchmark/laut/kaluza/181/sink.smt2,1,0.021316
benchmark/laut/kaluza/172/sink.smt2,1,0.017459
benchmark/laut/kaluza/412/sink.smt2,1,0.009491
benchmark/laut/kaluza/1658/sink.smt2,1,0.015888
benchmark/laut/kaluza/368/sink.smt2,1,0.017985
benchmark/laut/kaluza/558/sink.smt2,0,0.016042
benchmark/laut/kaluza/786/sink.smt2,1,0.017939
benchmark/laut/kaluza/146/sink.smt2,1,0.018936
benchmark/laut/kaluza/1429/sink.smt2,0,0.035292
benchmark/laut/kaluza/1023/sink.smt2,0,0.008828
benchmark/laut/kaluza/1827/sink.smt2,0,0.017180
benchmark/laut/kaluza/1571/sink.smt2,1,0.009672
benchmark/laut/kaluza/1598/sink.smt2,0,0.017103
benchmark/laut/kaluza/934/sink.smt2,0,0.035669
benchmark/laut/kaluza/690/sink.smt2,1,0.017871
benchmark/laut/kaluza/475/sink.smt2,0,0.011016
benchmark/laut/kaluza/1712/sink.smt2,0,0.008965
benchmark/laut/kaluza/307/sink.smt2,1,0.018485
benchmark/laut/kaluza/436/sink.smt2,1,0.018632
benchmark/laut/kaluza/1492/sink.smt2,1,0.008702
benchmark/laut/kaluza/1773/sink.smt2,0,0.009220
benchmark/laut/kaluza/687/sink.smt2,1,0.017170
benchmark/laut/kaluza/1196/sink.smt2,0,0.010954
benchmark/laut/kaluza/748/sink.smt2,1,0.009257
benchmark/laut/kaluza/1481/sink.smt2,1,0.009695
benchmark/laut/kaluza/1003/sink.smt2,0,0.008515
benchmark/laut/kaluza/1661/sink.smt2,1,0.009534
benchmark/laut/kaluza/727/sink.smt2,0,0.036423
benchmark/laut/kaluza/51/sink.smt2,0,0.008808
benchmark/laut/kaluza/1888/sink.smt2,1,0.009331
benchmark/laut/kaluza/904/sink.smt2,1,0.067215
benchmark/laut/kaluza/1299/sink.smt2,1,0.066779
benchmark/laut/kaluza/1075/sink.smt2,0,0.019746
benchmark/laut/kaluza/301/sink.smt2,0,0.018269
benchmark/laut/kaluza/465/sink.smt2,1,0.017495
benchmark/laut/kaluza/825/sink.smt2,0,0.018262
benchmark/laut/kaluza/624/sink.smt2,0,0.017127
benchmark/laut/kaluza/1045/sink.smt2,0,0.069227
benchmark/laut/kaluza/808/sink.smt2,0,0.019692
benchmark/laut/kaluza/1128/sink.smt2,0,0.034487
benchmark/laut/kaluza/185/sink.smt2,0,0.009152
benchmark/laut/kaluza/1558/sink.smt2,1,0.017395
benchmark/laut/kaluza/740/sink.smt2,0,0.008559
benchmark/laut/kaluza/587/sink.smt2,1,0.017808
benchmark/laut/kaluza/156/sink.smt2,1,0.017748
benchmark/laut/kaluza/1968/sink.smt2,0,0.009302
benchmark/laut/kaluza/1115/sink.smt2,0,0.010444
benchmark/laut/kaluza/1305/sink.smt2,0,0.009467
benchmark/laut/kaluza/771/sink.smt2,1,0.008710
benchmark/laut/kaluza/1737/sink.smt2,0,0.010294
benchmark/laut/kaluza/1908/sink.smt2,1,0.018769
benchmark/laut/kaluza/953/sink.smt2,0,0.018050
benchmark/laut/kaluza/323/sink.smt2,1,0.018185
benchmark/laut/kaluza/1041/sink.smt2,1,0.018070
benchmark/laut/kaluza/93/sink.smt2,1,0.016869
benchmark/laut/kaluza/1758/sink.smt2,1,0.034365
benchmark/laut/kaluza/1925/sink.smt2,0,0.009747
benchmark/laut/kaluza/831/sink.smt2,1,0.009219
benchmark/laut/kaluza/386/sink.smt2,1,0.009399
benchmark/laut/kaluza/1417/sink.smt2,0,0.008401
benchmark/laut/kaluza/1271/sink.smt2,0,0.017507
benchmark/laut/kaluza/1544/sink.smt2,0,0.008837
benchmark/laut/kaluza/1439/sink.smt2,1,3.389256
benchmark/laut/kaluza/1631/sink.smt2,1,0.069272
benchmark/laut/kaluza/711/sink.smt2,0,0.018128
benchmark/laut/kaluza/1101/sink.smt2,0,0.021118
benchmark/laut/kaluza/1173/sink.smt2,0,0.019506
benchmark/laut/kaluza/1604/sink.smt2,0,0.010011
benchmark/laut/kaluza/663/sink.smt2,0,0.009479
benchmark/laut/kaluza/1216/sink.smt2,0,0.008918
benchmark/laut/kaluza/567/sink.smt2,1,0.017735
benchmark/laut/kaluza/1055/sink.smt2,1,0.017251
benchmark/laut/kaluza/1179/sink.smt2,1,0.017740
benchmark/laut/kaluza/1576/sink.smt2,1,0.018823
benchmark/laut/kaluza/942/sink.smt2,0,0.008494
benchmark/laut/kaluza/1097/sink.smt2,0,0.008460
benchmark/laut/kaluza/520/sink.smt2,1,0.033266
benchmark/laut/kaluza/429/sink.smt2,0,0.033397
benchmark/laut/kaluza/878/sink.smt2,0,0.008943
benchmark/laut/kaluza/1195/sink.smt2,1,0.008976
benchmark/laut/kaluza/87/sink.smt2,1,0.032682
benchmark/laut/kaluza/709/sink.smt2,0,0.009096
benchmark/laut/kaluza/874/sink.smt2,0,0.009843
benchmark/laut/kaluza/785/sink.smt2,1,0.016683
benchmark/laut/kaluza/606/sink.smt2,0,0.016642
benchmark/laut/kaluza/88/sink.smt2,1,0.037799
benchmark/laut/kaluza/1647/sink.smt2,0,0.070794
benchmark/laut/kaluza/266/sink.smt2,1,0.072015
benchmark/laut/kaluza/1807/sink.smt2,1,0.066848
benchmark/laut/kaluza/1453/sink.smt2,0,0.017287
benchmark/laut/kaluza/1989/sink.smt2,1,0.037286
benchmark/laut/kaluza/965/sink.smt2,0,0.067595
benchmark/laut/kaluza/1140/sink.smt2,1,0.018998
benchmark/laut/kaluza/2000/sink.smt2,1,0.018779
benchmark/laut/kaluza/1552/sink.smt2,1,0.033766
benchmark/laut/kaluza/1795/sink.smt2,1,0.018460
benchmark/laut/kaluza/1937/sink.smt2,1,0.032917
benchmark/laut/kaluza/1612/sink.smt2,0,0.017437
benchmark/laut/kaluza/543/sink.smt2,0,0.035287
benchmark/laut/kaluza/470/sink.smt2,1,0.018598
benchmark/laut/kaluza/1747/sink.smt2,0,0.035791
benchmark/laut/kaluza/579/sink.smt2,0,0.071552
benchmark/laut/kaluza/1099/sink.smt2,1,0.038220
benchmark/laut/kaluza/1996/sink.smt2,0,0.019816
benchmark/laut/kaluza/1915/sink.smt2,1,0.017093
benchmark/laut/kaluza/996/sink.smt2,1,0.018490
benchmark/laut/kaluza/454/sink.smt2,1,0.016662
benchmark/laut/kaluza/214/sink.smt2,1,0.008754
benchmark/laut/kaluza/529/sink.smt2,0,0.036261
benchmark/laut/kaluza/738/sink.smt2,1,0.017314
benchmark/laut/kaluza/580/sink.smt2,0,0.033202
benchmark/laut/kaluza/947/sink.smt2,1,0.017564
benchmark/laut/kaluza/1533/sink.smt2,0,0.009476
benchmark/laut/kaluza/1906/sink.smt2,0,0.034187
benchmark/laut/kaluza/751/sink.smt2,0,0.008938
benchmark/laut/kaluza/1223/sink.smt2,0,0.033419
benchmark/laut/kaluza/1551/sink.smt2,1,0.019122
benchmark/laut/kaluza/204/sink.smt2,1,0.066922
benchmark/laut/kaluza/723/sink.smt2,1,0.018652
benchmark/laut/kaluza/325/sink.smt2,1,0.017409
benchmark/laut/kaluza/1546/sink.smt2,0,0.018735
benchmark/laut/kaluza/773/sink.smt2,0,0.008634
benchmark/laut/kaluza/1149/sink.smt2,0,0.009084
benchmark/laut/kaluza/152/sink.smt2,1,0.018780
benchmark/laut/kaluza/1955/sink.smt2,1,0.016922
benchmark/laut/kaluza/596/sink.smt2,0,0.008901
benchmark/laut/kaluza/615/sink.smt2,1,0.007727
benchmark/laut/kaluza/1517/sink.smt2,0,0.008299
benchmark/laut/kaluza/150/sink.smt2,1,0.009495
benchmark/laut/kaluza/136/sink.smt2,0,0.017456
benchmark/laut/kaluza/1798/sink.smt2,1,0.009461
benchmark/laut/kaluza/791/sink.smt2,0,0.009364
benchmark/laut/kaluza/1316/sink.smt2,1,0.009411
benchmark/laut/kaluza/1116/sink.smt2,1,0.017263
benchmark/laut/kaluza/1545/sink.smt2,0,0.008923
benchmark/laut/kaluza/694/sink.smt2,1,0.016706
benchmark/laut/kaluza/928/sink.smt2,0,0.008552
benchmark/laut/kaluza/78/sink.smt2,1,0.017768
benchmark/laut/kaluza/843/sink.smt2,0,0.017171
benchmark/laut/kaluza/1411/sink.smt2,1,0.040114
benchmark/laut/kaluza/1473/sink.smt2,0,0.018533
benchmark/laut/kaluza/1504/sink.smt2,1,0.017565
benchmark/laut/kaluza/188/sink.smt2,0,0.009548
benchmark/laut/kaluza/444/sink.smt2,0,0.010655
benchmark/laut/kaluza/1688/sink.smt2,1,0.008289
benchmark/laut/kaluza/501/sink.smt2,1,0.009824
benchmark/laut/kaluza/513/sink.smt2,1,0.010529
benchmark/laut/kaluza/1131/sink.smt2,1,0.017584
benchmark/laut/kaluza/621/sink.smt2,0,0.009361
benchmark/laut/kaluza/1583/sink.smt2,0,0.017857
benchmark/laut/kaluza/645/sink.smt2,1,0.034578
benchmark/laut/kaluza/1777/sink.smt2,1,0.017018
benchmark/laut/kaluza/1313/sink.smt2,0,0.033735
benchmark/laut/kaluza/948/sink.smt2,1,0.033881
benchmark/laut/kaluza/189/sink.smt2,1,0.036516
benchmark/laut/kaluza/724/sink.smt2,0,0.016935
benchmark/laut/kaluza/1741/sink.smt2,0,0.007747
benchmark/laut/kaluza/643/sink.smt2,0,0.017560
benchmark/laut/kaluza/79/sink.smt2,1,0.016644
benchmark/laut/kaluza/358/sink.smt2,0,0.008677
benchmark/laut/kaluza/929/sink.smt2,1,0.016456
benchmark/laut/kaluza/356/sink.smt2,0,0.008556
benchmark/laut/kaluza/84/sink.smt2,1,0.016687
benchmark/laut/kaluza/1070/sink.smt2,1,0.032077
benchmark/laut/kaluza/103/sink.smt2,1,0.008087
benchmark/laut/kaluza/719/sink.smt2,1,0.016845
benchmark/laut/kaluza/940/sink.smt2,0,0.008553
benchmark/laut/kaluza/1165/sink.smt2,0,0.017890
benchmark/laut/kaluza/1936/sink.smt2,1,0.008680
benchmark/laut/kaluza/409/sink.smt2,1,0.035197
benchmark/laut/kaluza/1072/sink.smt2,1,0.017058
benchmark/laut/kaluza/1419/sink.smt2,0,0.034607
benchmark/laut/kaluza/897/sink.smt2,1,0.035075
benchmark/laut/kaluza/1792/sink.smt2,1,0.016266
benchmark/laut/kaluza/480/sink.smt2,1,0.034150
benchmark/laut/kaluza/1705/sink.smt2,0,0.008741
benchmark/laut/kaluza/1154/sink.smt2,0,0.017037
benchmark/laut/kaluza/1298/sink.smt2,1,0.018376
benchmark/laut/kaluza/779/sink.smt2,0,0.008810
benchmark/laut/kaluza/1187/sink.smt2,1,0.008914
benchmark/laut/kaluza/1157/sink.smt2,1,0.016484
benchmark/laut/kaluza/1547/sink.smt2,0,0.011449
benchmark/laut/kaluza/1118/sink.smt2,1,0.034626
benchmark/laut/kaluza/1306/sink.smt2,0,0.019062
benchmark/laut/kaluza/1999/sink.smt2,0,0.008822
benchmark/laut/kaluza/568/sink.smt2,1,0.032394
benchmark/laut/kaluza/883/sink.smt2,0,0.008239
benchmark/laut/kaluza/1779/sink.smt2,0,0.008358
benchmark/laut/kaluza/1628/sink.smt2,1,0.018520
benchmark/laut/kaluza/332/sink.smt2,1,0.017911
benchmark/laut/kaluza/818/sink.smt2,1,0.017264
benchmark/laut/kaluza/957/sink.smt2,0,0.009733
benchmark/laut/kaluza/12/sink.smt2,0,0.008104
benchmark/laut/kaluza/1450/sink.smt2,1,0.018094
benchmark/laut/kaluza/425/sink.smt2,0,0.035070
benchmark/laut/kaluza/569/sink.smt2,0,0.019097
benchmark/laut/kaluza/1538/sink.smt2,0,0.009725
benchmark/laut/kaluza/1611/sink.smt2,0,0.017159
benchmark/laut/kaluza/43/sink.smt2,0,0.009255
benchmark/laut/kaluza/177/sink.smt2,1,0.066159
benchmark/laut/kaluza/1640/sink.smt2,1,0.069608
benchmark/laut/kaluza/82/sink.smt2,1,0.068475
benchmark/laut/kaluza/1284/sink.smt2,0,0.034403
benchmark/laut/kaluza/169/sink.smt2,1,0.016704
benchmark/laut/kaluza/1447/sink.smt2,0,0.016930
benchmark/laut/kaluza/1380/sink.smt2,1,0.017384
benchmark/laut/kaluza/1803/sink.smt2,1,0.017214
benchmark/laut/kaluza/1263/sink.smt2,0,0.035416
benchmark/laut/kaluza/191/sink.smt2,1,0.017589
benchmark/laut/kaluza/632/sink.smt2,1,0.016876
benchmark/laut/kaluza/610/sink.smt2,1,0.017255
benchmark/laut/kaluza/1345/sink.smt2,0,0.067630
benchmark/laut/kaluza/667/sink.smt2,1,0.018708
benchmark/laut/kaluza/1017/sink.smt2,1,0.019169
benchmark/laut/kaluza/426/sink.smt2,0,0.009649
benchmark/laut/kaluza/315/sink.smt2,1,0.018649
benchmark/laut/kaluza/916/sink.smt2,0,0.032334
benchmark/laut/kaluza/1570/sink.smt2,0,0.016696
benchmark/laut/kaluza/767/sink.smt2,1,0.020288
benchmark/laut/kaluza/1423/sink.smt2,1,0.034253
benchmark/laut/kaluza/531/sink.smt2,1,0.016940
benchmark/laut/kaluza/1657/sink.smt2,1,0.015127
benchmark/laut/kaluza/1860/sink.smt2,1,0.035953
benchmark/laut/kaluza/1731/sink.smt2,0,0.009855
benchmark/laut/kaluza/1012/sink.smt2,0,0.036045
benchmark/laut/kaluza/1914/sink.smt2,1,0.019025
benchmark/laut/kaluza/464/sink.smt2,1,0.017657
benchmark/laut/kaluza/614/sink.smt2,1,0.018533
benchmark/laut/kaluza/1579/sink.smt2,0,0.016859
benchmark/laut/kaluza/721/sink.smt2,0,0.008341
benchmark/laut/kaluza/871/sink.smt2,1,0.017583
benchmark/laut/kaluza/572/sink.smt2,1,0.018304
benchmark/laut/kaluza/755/sink.smt2,0,0.010549
benchmark/laut/kaluza/1483/sink.smt2,0,0.018006
benchmark/laut/kaluza/1967/sink.smt2,0,0.008801
benchmark/laut/kaluza/565/sink.smt2,0,0.010497
benchmark/laut/kaluza/504/sink.smt2,0,0.037048
benchmark/laut/kaluza/1718/sink.smt2,1,0.017539
benchmark/laut/kaluza/1421/sink.smt2,1,0.038039
benchmark/laut/kaluza/1910/sink.smt2,1,0.018996
benchmark/laut/kaluza/553/sink.smt2,0,0.019785
benchmark/laut/kaluza/1073/sink.smt2,1,0.022647
benchmark/laut/kaluza/334/sink.smt2,1,0.010678
benchmark/laut/kaluza/989/sink.smt2,1,0.017466
benchmark/laut/kaluza/1125/sink.smt2,0,0.008714
benchmark/laut/kaluza/641/sink.smt2,0,0.010887
benchmark/laut/kaluza/1856/sink.smt2,1,0.016345
benchmark/laut/kaluza/331/sink.smt2,1,0.017428
benchmark/laut/kaluza/1008/sink.smt2,1,0.016483
benchmark/laut/kaluza/560/sink.smt2,1,0.009350
benchmark/laut/kaluza/463/sink.smt2,0,0.009848
benchmark/laut/kaluza/541/sink.smt2,1,0.017462
benchmark/laut/kaluza/511/sink.smt2,1,0.020046
benchmark/laut/kaluza/1488/sink.smt2,1,0.016302
benchmark/laut/kaluza/1491/sink.smt2,0,0.008723
benchmark/laut/kaluza/1044/sink.smt2,0,0.034385
benchmark/laut/kaluza/433/sink.smt2,1,0.126172
benchmark/laut/kaluza/1088/sink.smt2,1,0.035059
benchmark/laut/kaluza/1059/sink.smt2,1,0.009829
benchmark/laut/kaluza/1912/sink.smt2,1,0.008808
benchmark/laut/kaluza/1535/sink.smt2,1,0.015855
benchmark/laut/kaluza/812/sink.smt2,1,0.016673
benchmark/laut/kaluza/1566/sink.smt2,0,0.009035
benchmark/laut/kaluza/139/sink.smt2,1,0.067077
benchmark/laut/kaluza/1326/sink.smt2,1,0.016988
benchmark/laut/kaluza/867/sink.smt2,1,0.033458
benchmark/laut/kaluza/260/sink.smt2,0,0.018002
benchmark/laut/kaluza/729/sink.smt2,1,0.034572
benchmark/laut/kaluza/772/sink.smt2,0,0.039023
benchmark/laut/kaluza/1938/sink.smt2,0,0.035731
benchmark/laut/kaluza/410/sink.smt2,1,0.017187
benchmark/laut/kaluza/1027/sink.smt2,0,0.018087
benchmark/laut/kaluza/1982/sink.smt2,0,0.016386
benchmark/laut/kaluza/642/sink.smt2,0,0.009521
benchmark/laut/kaluza/1993/sink.smt2,0,0.009332
benchmark/laut/kaluza/1238/sink.smt2,1,0.009745