benchmark=kaluza,solver=ic3ia,TO=20.000000
path,sat,time,step
benchmark/laut/kaluza/404/sink.vmt,1,0.724547,11
benchmark/laut/kaluza/1789/sink.vmt,0,0.069034,1
benchmark/laut/kaluza/1144/sink.vmt,0,0.121138,1
benchmark/laut/kaluza/1636/sink.vmt,0,0.166759,9
benchmark/laut/kaluza/405/sink.vmt,1,0.217883,19
benchmark/laut/kaluza/1800/sink.vmt,1,0.269553,21
benchmark/laut/kaluza/1211/sink.vmt,1,0.067451,1
benchmark/laut/kaluza/987/sink.vmt,0,0.032988,1
benchmark/laut/kaluza/968/sink.vmt,0,0.034567,1
benchmark/laut/kaluza/1484/sink.vmt,0,0.066890,1
benchmark/laut/kaluza/1514/sink.vmt,1,0.324773,11
benchmark/laut/kaluza/1799/sink.vmt,1,0.069420,4
benchmark/laut/kaluza/1065/sink.vmt,0,0.034118,1
benchmark/laut/kaluza/1382/sink.vmt,1,0.521038,6
benchmark/laut/kaluza/1836/sink.vmt,0,0.041520,1
benchmark/laut/kaluza/1508/sink.vmt,1,0.218004,19
benchmark/laut/kaluza/1725/sink.vmt,0,0.033471,1
benchmark/laut/kaluza/763/sink.vmt,1,0.270765,21
benchmark/laut/kaluza/1745/sink.vmt,1,0.034725,1
benchmark/laut/kaluza/1289/sink.vmt,1,0.219789,19
benchmark/laut/kaluza/811/sink.vmt,0,0.328701,19
benchmark/laut/kaluza/198/sink.vmt,0,0.016255,1
benchmark/laut/kaluza/765/sink.vmt,0,0.069305,1
benchmark/laut/kaluza/127/sink.vmt,1,0.033277,0
benchmark/laut/kaluza/647/sink.vmt,1,0.323219,20
benchmark/laut/kaluza/1241/sink.vmt,1,0.036877,1
benchmark/laut/kaluza/1969/sink.vmt,0,0.021842,1
benchmark/laut/kaluza/1460/sink.vmt,0,0.421678,19
benchmark/laut/kaluza/92/sink.vmt,1,0.067191,4
benchmark/laut/kaluza/1180/sink.vmt,0,0.316404,16
benchmark/laut/kaluza/1919/sink.vmt,1,0.317467,20
benchmark/laut/kaluza/135/sink.vmt,0,0.033648,1
benchmark/laut/kaluza/1894/sink.vmt,0,0.119865,4
benchmark/laut/kaluza/1613/sink.vmt,1,0.034219,1
benchmark/laut/kaluza/1590/sink.vmt,0,0.169288,9
benchmark/laut/kaluza/499/sink.vmt,1,0.269409,19
benchmark/laut/kaluza/512/sink.vmt,0,0.017910,1
benchmark/laut/kaluza/482/sink.vmt,1,0.319291,20
benchmark/laut/kaluza/585/sink.vmt,0,0.018125,1
benchmark/laut/kaluza/118/sink.vmt,0,0.023134,1
benchmark/laut/kaluza/1958/sink.vmt,0,0.118073,4
benchmark/laut/kaluza/1446/sink.vmt,1,0.066870,1
benchmark/laut/kaluza/886/sink.vmt,0,0.033558,1
benchmark/laut/kaluza/160/sink.vmt,1,0.067830,4
benchmark/laut/kaluza/1883/sink.vmt,0,0.318403,16
benchmark/laut/kaluza/1534/sink.vmt,0,0.066324,1
benchmark/laut/kaluza/814/sink.vmt,0,0.037538,1
benchmark/laut/kaluza/911/sink.vmt,0,0.033177,1
benchmark/laut/kaluza/1205/sink.vmt,0,0.022529,1
benchmark/laut/kaluza/388/sink.vmt,1,0.035453,1
benchmark/laut/kaluza/564/sink.vmt,1,0.034575,0
benchmark/laut/kaluza/1347/sink.vmt,0,0.371632,19
benchmark/laut/kaluza/1389/sink.vmt,1,0.275690,20
benchmark/laut/kaluza/1162/sink.vmt,1,0.271419,19
benchmark/laut/kaluza/487/sink.vmt,1,0.072149,0
benchmark/laut/kaluza/923/sink.vmt,0,0.118917,4
benchmark/laut/kaluza/702/sink.vmt,0,0.321731,16
benchmark/laut/kaluza/1351/sink.vmt,0,0.071420,1
benchmark/laut/kaluza/1002/sink.vmt,1,0.119858,11
benchmark/laut/kaluza/1564/sink.vmt,0,0.017326,1
benchmark/laut/kaluza/108/sink.vmt,0,0.022713,1
benchmark/laut/kaluza/381/sink.vmt,1,0.218496,19
benchmark/laut/kaluza/1824/sink.vmt,1,0.277234,20
benchmark/laut/kaluza/768/sink.vmt,0,0.035134,1
benchmark/laut/kaluza/295/sink.vmt,1,0.066572,4
benchmark/laut/kaluza/420/sink.vmt,0,0.023063,1
benchmark/laut/kaluza/823/sink.vmt,1,0.321841,11
benchmark/laut/kaluza/1752/sink.vmt,1,0.036953,1
benchmark/laut/kaluza/945/sink.vmt,1,0.321750,11
benchmark/laut/kaluza/64/sink.vmt,1,0.475092,6
benchmark/laut/kaluza/544/sink.vmt,1,0.035043,1
benchmark/laut/kaluza/80/sink.vmt,1,0.470053,6
benchmark/laut/kaluza/966/sink.vmt,1,0.066331,1
benchmark/laut/kaluza/1814/sink.vmt,0,0.376204,19
benchmark/laut/kaluza/561/sink.vmt,0,0.034456,1
benchmark/laut/kaluza/1602/sink.vmt,0,0.117298,4
benchmark/laut/kaluza/1333/sink.vmt,0,0.016572,1
benchmark/laut/kaluza/442/sink.vmt,1,0.037091,1
benchmark/laut/kaluza/186/sink.vmt,1,0.073126,4
benchmark/laut/kaluza/1848/sink.vmt,0,0.017917,1
benchmark/laut/kaluza/284/sink.vmt,1,0.064757,4
benchmark/laut/kaluza/53/sink.vmt,1,0.070447,8
benchmark/laut/kaluza/1868/sink.vmt,1,0.220884,19
benchmark/laut/kaluza/876/sink.vmt,1,0.035924,1
benchmark/laut/kaluza/411/sink.vmt,0,0.116575,4
benchmark/laut/kaluza/691/sink.vmt,1,0.266554,19
benchmark/laut/kaluza/1724/sink.vmt,1,0.037018,1
benchmark/laut/kaluza/759/sink.vmt,1,0.317281,11
benchmark/laut/kaluza/1420/sink.vmt,0,0.032265,1
benchmark/laut/kaluza/1765/sink.vmt,0,0.015939,1
benchmark/laut/kaluza/1876/sink.vmt,1,0.265970,20
benchmark/laut/kaluza/745/sink.vmt,0,0.167408,9
benchmark/laut/kaluza/121/sink.vmt,1,0.016923,0
benchmark/laut/kaluza/1835/sink.vmt,0,0.020863,1
benchmark/laut/kaluza/1122/sink.vmt,1,0.034209,1
benchmark/laut/kaluza/1200/sink.vmt,0,0.036757,1
benchmark/laut/kaluza/1437/sink.vmt,1,0.193843,19
benchmark/laut/kaluza/1334/sink.vmt,0,0.068276,1
benchmark/laut/kaluza/1913/sink.vmt,1,0.068041,1
benchmark/laut/kaluza/1174/sink.vmt,0,0.016830,1
benchmark/laut/kaluza/205/sink.vmt,0,0.022569,1
benchmark/laut/kaluza/149/sink.vmt,1,0.043646,4
benchmark/laut/kaluza/318/sink.vmt,1,0.020222,1
benchmark/laut/kaluza/1259/sink.vmt,1,0.321088,11
benchmark/laut/kaluza/1291/sink.vmt,1,0.319097,20
benchmark/laut/kaluza/1980/sink.vmt,0,0.066026,1
benchmark/laut/kaluza/174/sink.vmt,1,0.066634,4
benchmark/laut/kaluza/762/sink.vmt,1,0.170982,18
benchmark/laut/kaluza/30/sink.vmt,1,0.035121,4
benchmark/laut/kaluza/909/sink.vmt,1,0.068025,4
benchmark/laut/kaluza/316/sink.vmt,1,6.647966,59
benchmark/laut/kaluza/1077/sink.vmt,0,0.041102,1
benchmark/laut/kaluza/1742/sink.vmt,0,0.168652,9
benchmark/laut/kaluza/1156/sink.vmt,0,0.034448,1
benchmark/laut/kaluza/1668/sink.vmt,0,0.071074,1
benchmark/laut/kaluza/211/sink.vmt,1,0.040228,0
benchmark/laut/kaluza/167/sink.vmt,1,0.067644,4
benchmark/laut/kaluza/1689/sink.vmt,0,0.034090,1
benchmark/laut/kaluza/851/sink.vmt,0,0.022192,1
benchmark/laut/kaluza/1917/sink.vmt,0,0.037817,1
benchmark/laut/kaluza/839/sink.vmt,1,0.218989,19
benchmark/laut/kaluza/1471/sink.vmt,1,0.369514,11
benchmark/laut/kaluza/620/sink.vmt,1,0.070975,1
benchmark/laut/kaluza/1184/sink.vmt,1,0.216915,19
benchmark/laut/kaluza/1245/sink.vmt,1,0.266934,19
benchmark/laut/kaluza/873/sink.vmt,1,0.033678,1
benchmark/laut/kaluza/467/sink.vmt,0,0.036885,1
benchmark/laut/kaluza/1091/sink.vmt,1,0.268996,20
benchmark/laut/kaluza/1701/sink.vmt,1,0.324296,20
benchmark/laut/kaluza/489/sink.vmt,1,0.321595,20
benchmark/laut/kaluza/276/sink.vmt,1,0.034952,1
benchmark/laut/kaluza/1239/sink.vmt,1,0.269514,19
benchmark/laut/kaluza/1834/sink.vmt,0,0.037573,1
benchmark/laut/kaluza/605/sink.vmt,0,0.041608,1
benchmark/laut/kaluza/510/sink.vmt,1,0.273987,20
benchmark/laut/kaluza/1061/sink.vmt,1,0.034026,1
benchmark/laut/kaluza/1082/sink.vmt,0,0.015897,1
benchmark/laut/kaluza/1729/sink.vmt,0,0.036945,1
benchmark/laut/kaluza/13/sink.vmt,1,0.033434,1
benchmark/laut/kaluza/1518/sink.vmt,0,0.033899,1
benchmark/laut/kaluza/1455/sink.vmt,0,0.035963,1
benchmark/laut/kaluza/1686/sink.vmt,0,0.016859,1
benchmark/laut/kaluza/1978/sink.vmt,1,0.032799,1
benchmark/laut/kaluza/1699/sink.vmt,0,0.020410,1
benchmark/laut/kaluza/1905/sink.vmt,0,0.024695,1
benchmark/laut/kaluza/49/sink.vmt,1,0.065524,8
benchmark/laut/kaluza/1513/sink.vmt,1,0.034604,0
benchmark/laut/kaluza/1339/sink.vmt,0,0.037943,1
benchmark/laut/kaluza/1243/sink.vmt,1,0.037861,0
benchmark/laut/kaluza/770/sink.vmt,1,0.042977,1
benchmark/laut/kaluza/1318/sink.vmt,0,0.035730,1
benchmark/laut/kaluza/257/sink.vmt,1,0.065635,4
benchmark/laut/kaluza/390/sink.vmt,1,0.067485,1
benchmark/laut/kaluza/1426/sink.vmt,1,0.317376,11
benchmark/laut/kaluza/1039/sink.vmt,0,0.033397,1
benchmark/laut/kaluza/216/sink.vmt,1,14.381201,80
benchmark/laut/kaluza/607/sink.vmt,0,0.033750,1
benchmark/laut/kaluza/399/sink.vmt,0,0.172759,1
benchmark/laut/kaluza/1127/sink.vmt,0,0.035452,1
benchmark/laut/kaluza/1452/sink.vmt,0,0.018703,1
benchmark/laut/kaluza/735/sink.vmt,1,0.320996,11
benchmark/laut/kaluza/920/sink.vmt,0,0.033919,1
benchmark/laut/kaluza/1261/sink.vmt,0,0.067602,1
benchmark/laut/kaluza/348/sink.vmt,1,0.016816,0
benchmark/laut/kaluza/492/sink.vmt,1,0.322934,11
benchmark/laut/kaluza/670/sink.vmt,0,0.039921,1
benchmark/laut/kaluza/1449/sink.vmt,0,0.036845,1
benchmark/laut/kaluza/209/sink.vmt,1,0.065910,4
benchmark/laut/kaluza/776/sink.vmt,0,0.033660,1
benchmark/laut/kaluza/1067/sink.vmt,0,0.035200,1
benchmark/laut/kaluza/797/sink.vmt,0,0.069262,1
benchmark/laut/kaluza/1276/sink.vmt,1,0.225218,19
benchmark/laut/kaluza/1369/sink.vmt,1,0.381003,11
benchmark/laut/kaluza/1430/sink.vmt,1,0.035154,0
benchmark/laut/kaluza/338/sink.vmt,1,0.270781,20
benchmark/laut/kaluza/653/sink.vmt,1,0.320023,11
benchmark/laut/kaluza/1577/sink.vmt,0,0.033611,1
benchmark/laut/kaluza/344/sink.vmt,1,0.222520,19
benchmark/laut/kaluza/1961/sink.vmt,0,0.034920,1
benchmark/laut/kaluza/611/sink.vmt,1,0.023358,0
benchmark/laut/kaluza/1586/sink.vmt,1,0.268554,19
benchmark/laut/kaluza/184/sink.vmt,1,0.037581,0
benchmark/laut/kaluza/1341/sink.vmt,0,0.045791,1
benchmark/laut/kaluza/1808/sink.vmt,0,0.020318,1
benchmark/laut/kaluza/994/sink.vmt,0,0.018111,1
benchmark/laut/kaluza/406/sink.vmt,0,0.032911,1
benchmark/laut/kaluza/880/sink.vmt,0,0.019806,1
benchmark/laut/kaluza/551/sink.vmt,0,0.021418,1
benchmark/laut/kaluza/1026/sink.vmt,0,0.118584,4
benchmark/laut/kaluza/449/sink.vmt,0,0.018226,1
benchmark/laut/kaluza/1060/sink.vmt,0,0.038143,1
benchmark/laut/kaluza/1850/sink.vmt,1,0.034024,1
benchmark/laut/kaluza/1817/sink.vmt,0,0.033659,1
benchmark/laut/kaluza/884/sink.vmt,0,0.033368,1
benchmark/laut/kaluza/42/sink.vmt,1,0.034152,4
benchmark/laut/kaluza/67/sink.vmt,1,0.035542,4
benchmark/laut/kaluza/1202/sink.vmt,1,0.273329,20
benchmark/laut/kaluza/102/sink.vmt,1,0.070166,4
benchmark/laut/kaluza/1918/sink.vmt,0,0.033303,1
benchmark/laut/kaluza/1892/sink.vmt,1,0.318673,21
benchmark/laut/kaluza/700/sink.vmt,1,0.276304,21
benchmark/laut/kaluza/826/sink.vmt,1,0.117546,11
benchmark/laut/kaluza/28/sink.vmt,1,0.032858,4
benchmark/laut/kaluza/854/sink.vmt,1,0.320757,20
benchmark/laut/kaluza/1950/sink.vmt,0,0.034241,1
benchmark/laut/kaluza/925/sink.vmt,1,0.273078,20
benchmark/laut/kaluza/326/sink.vmt,0,0.017217,1
benchmark/laut/kaluza/1443/sink.vmt,0,0.082074,1
benchmark/laut/kaluza/213/sink.vmt,1,0.067626,4
benchmark/laut/kaluza/1314/sink.vmt,0,0.318379,16
benchmark/laut/kaluza/705/sink.vmt,1,0.269853,20
benchmark/laut/kaluza/455/sink.vmt,0,0.324315,19
benchmark/laut/kaluza/491/sink.vmt,0,0.036369,1
benchmark/laut/kaluza/685/sink.vmt,1,0.325774,21
benchmark/laut/kaluza/1034/sink.vmt,1,0.322173,20
benchmark/laut/kaluza/81/sink.vmt,1,0.474724,6
benchmark/laut/kaluza/460/sink.vmt,0,0.037607,1
benchmark/laut/kaluza/414/sink.vmt,1,0.266631,20
benchmark/laut/kaluza/1609/sink.vmt,0,0.032987,1
benchmark/laut/kaluza/147/sink.vmt,1,0.168936,5
benchmark/laut/kaluza/1714/sink.vmt,0,0.065542,1
benchmark/laut/kaluza/1248/sink.vmt,0,0.033565,1
benchmark/laut/kaluza/1864/sink.vmt,0,0.034442,1
benchmark/laut/kaluza/713/sink.vmt,1,0.032838,0
benchmark/laut/kaluza/362/sink.vmt,0,0.035012,1
benchmark/laut/kaluza/728/sink.vmt,0,0.032614,1
benchmark/laut/kaluza/1684/sink.vmt,1,0.035973,1
benchmark/laut/kaluza/1270/sink.vmt,0,0.035800,1
benchmark/laut/kaluza/1770/sink.vmt,t,0.0,0
benchmark/laut/kaluza/1700/sink.vmt,1,0.218875,19
benchmark/laut/kaluza/1784/sink.vmt,0,0.019759,1
benchmark/laut/kaluza/446/sink.vmt,0,0.038606,1
benchmark/laut/kaluza/1965/sink.vmt,1,0.519418,24
benchmark/laut/kaluza/822/sink.vmt,1,0.217177,19
benchmark/laut/kaluza/1048/sink.vmt,1,0.318711,20
benchmark/laut/kaluza/3/sink.vmt,0,0.034870,1
benchmark/laut/kaluza/1168/sink.vmt,0,0.315566,16
benchmark/laut/kaluza/515/sink.vmt,0,0.117956,1
benchmark/laut/kaluza/1594/sink.vmt,0,0.068581,1
benchmark/laut/kaluza/1188/sink.vmt,0,0.032822,1
benchmark/laut/kaluza/1190/sink.vmt,0,0.016200,1
benchmark/laut/kaluza/1056/sink.vmt,1,0.037630,1
benchmark/laut/kaluza/1608/sink.vmt,0,0.037325,1
benchmark/laut/kaluza/179/sink.vmt,1,0.036424,0
benchmark/laut/kaluza/931/sink.vmt,1,0.267777,19
benchmark/laut/kaluza/1189/sink.vmt,0,0.036042,1
benchmark/laut/kaluza/1664/sink.vmt,1,0.036801,1
benchmark/laut/kaluza/1923/sink.vmt,1,0.033257,1
benchmark/laut/kaluza/1478/sink.vmt,0,0.035158,1
benchmark/laut/kaluza/985/sink.vmt,0,0.035163,1
benchmark/laut/kaluza/1694/sink.vmt,0,0.016939,1
benchmark/laut/kaluza/628/sink.vmt,1,0.229394,19
benchmark/laut/kaluza/375/sink.vmt,1,0.034668,1
benchmark/laut/kaluza/407/sink.vmt,0,0.036132,1
benchmark/laut/kaluza/16/sink.vmt,1,0.039265,4
benchmark/laut/kaluza/1726/sink.vmt,1,0.070144,9
benchmark/laut/kaluza/1556/sink.vmt,0,0.035676,1
benchmark/laut/kaluza/1277/sink.vmt,0,0.068071,1
benchmark/laut/kaluza/609/sink.vmt,1,0.118900,11
benchmark/laut/kaluza/506/sink.vmt,1,0.123198,11
benchmark/laut/kaluza/598/sink.vmt,1,0.116507,11
benchmark/laut/kaluza/742/sink.vmt,1,0.267369,20
benchmark/laut/kaluza/427/sink.vmt,1,0.318349,11
benchmark/laut/kaluza/235/sink.vmt,0,0.034536,1
benchmark/laut/kaluza/1663/sink.vmt,1,0.066544,4
benchmark/laut/kaluza/756/sink.vmt,1,0.224045,19
benchmark/laut/kaluza/238/sink.vmt,1,0.032730,1
benchmark/laut/kaluza/833/sink.vmt,1,0.018105,0
benchmark/laut/kaluza/1771/sink.vmt,1,0.269687,20
benchmark/laut/kaluza/750/sink.vmt,0,0.033547,1
benchmark/laut/kaluza/960/sink.vmt,0,0.324181,16
benchmark/laut/kaluza/129/sink.vmt,1,0.672906,6
benchmark/laut/kaluza/980/sink.vmt,1,0.329435,20
benchmark/laut/kaluza/1559/sink.vmt,0,0.066133,1
benchmark/laut/kaluza/1974/sink.vmt,1,0.066156,1
benchmark/laut/kaluza/273/sink.vmt,1,0.037330,0
benchmark/laut/kaluza/1054/sink.vmt,0,0.323602,16
benchmark/laut/kaluza/278/sink.vmt,1,0.041613,1
benchmark/laut/kaluza/549/sink.vmt,0,0.034056,1
benchmark/laut/kaluza/1716/sink.vmt,1,0.268151,19
benchmark/laut/kaluza/619/sink.vmt,0,0.034021,1
benchmark/laut/kaluza/242/sink.vmt,1,0.041979,0
benchmark/laut/kaluza/995/sink.vmt,0,0.018761,1
benchmark/laut/kaluza/85/sink.vmt,1,0.040460,2
benchmark/laut/kaluza/122/sink.vmt,0,0.017431,1
benchmark/laut/kaluza/757/sink.vmt,1,0.269664,20
benchmark/laut/kaluza/1667/sink.vmt,0,0.017371,1
benchmark/laut/kaluza/1995/sink.vmt,1,0.370186,20
benchmark/laut/kaluza/1810/sink.vmt,1,0.069184,1
benchmark/laut/kaluza/1406/sink.vmt,1,0.118915,11
benchmark/laut/kaluza/125/sink.vmt,1,0.471045,6
benchmark/laut/kaluza/343/sink.vmt,0,0.036282,1
benchmark/laut/kaluza/703/sink.vmt,0,0.015882,1
benchmark/laut/kaluza/503/sink.vmt,1,0.230923,19
benchmark/laut/kaluza/1973/sink.vmt,0,0.017520,1
benchmark/laut/kaluza/1297/sink.vmt,0,0.040587,1
benchmark/laut/kaluza/280/sink.vmt,0,0.266826,1
benchmark/laut/kaluza/1307/sink.vmt,0,0.017109,1
benchmark/laut/kaluza/1766/sink.vmt,0,0.033059,1
benchmark/laut/kaluza/1315/sink.vmt,0,0.038117,1
benchmark/laut/kaluza/590/sink.vmt,1,0.266954,19
benchmark/laut/kaluza/526/sink.vmt,0,0.327626,16
benchmark/laut/kaluza/1786/sink.vmt,1,0.069398,1
benchmark/laut/kaluza/788/sink.vmt,1,0.320482,11
benchmark/laut/kaluza/1782/sink.vmt,0,0.186566,9
benchmark/laut/kaluza/708/sink.vmt,1,0.318920,11
benchmark/laut/kaluza/674/sink.vmt,1,0.033684,1
benchmark/laut/kaluza/887/sink.vmt,0,0.038114,1
benchmark/laut/kaluza/220/sink.vmt,1,0.017446,0
benchmark/laut/kaluza/1227/sink.vmt,0,0.033971,1
benchmark/laut/kaluza/1163/sink.vmt,0,0.016630,1
benchmark/laut/kaluza/733/sink.vmt,0,0.035439,1
benchmark/laut/kaluza/1448/sink.vmt,0,0.069382,1
benchmark/laut/kaluza/164/sink.vmt,1,0.065857,4
benchmark/laut/kaluza/829/sink.vmt,0,0.033389,1
benchmark/laut/kaluza/253/sink.vmt,t,0.0,0
benchmark/laut/kaluza/1040/sink.vmt,0,0.226909,13
benchmark/laut/kaluza/112/sink.vmt,1,0.066948,3
benchmark/laut/kaluza/963/sink.vmt,1,0.117877,11
benchmark/laut/kaluza/600/sink.vmt,0,0.017290,1
benchmark/laut/kaluza/1683/sink.vmt,t,0.0,0
benchmark/laut/kaluza/939/sink.vmt,1,0.318853,18
benchmark/laut/kaluza/1642/sink.vmt,0,0.033179,1
benchmark/laut/kaluza/838/sink.vmt,0,0.043095,1
benchmark/laut/kaluza/832/sink.vmt,0,0.035222,1
benchmark/laut/kaluza/490/sink.vmt,0,0.035756,1
benchmark/laut/kaluza/223/sink.vmt,0,0.035722,1
benchmark/laut/kaluza/681/sink.vmt,1,0.319395,11
benchmark/laut/kaluza/1935/sink.vmt,1,0.368259,11
benchmark/laut/kaluza/415/sink.vmt,1,0.522653,6
benchmark/laut/kaluza/477/sink.vmt,1,0.066235,9
benchmark/laut/kaluza/764/sink.vmt,1,0.115809,11
benchmark/laut/kaluza/1897/sink.vmt,0,0.032774,1
benchmark/laut/kaluza/622/sink.vmt,0,0.019157,1
benchmark/laut/kaluza/233/sink.vmt,1,0.771072,49
benchmark/laut/kaluza/1018/sink.vmt,1,0.033048,1
benchmark/laut/kaluza/418/sink.vmt,1,0.035929,1
benchmark/laut/kaluza/1349/sink.vmt,1,0.319073,20
benchmark/laut/kaluza/657/sink.vmt,1,0.033846,1
benchmark/laut/kaluza/244/sink.vmt,0,0.033137,1
benchmark/laut/kaluza/1972/sink.vmt,0,0.035523,1
benchmark/laut/kaluza/1637/sink.vmt,0,0.017113,1
benchmark/laut/kaluza/847/sink.vmt,1,0.033349,1
benchmark/laut/kaluza/1234/sink.vmt,1,0.037676,1
benchmark/laut/kaluza/60/sink.vmt,1,0.034634,0
benchmark/laut/kaluza/1461/sink.vmt,1,0.115929,11
benchmark/laut/kaluza/795/sink.vmt,1,0.519535,6
benchmark/laut/kaluza/1690/sink.vmt,1,0.320084,20
benchmark/laut/kaluza/1049/sink.vmt,0,0.318399,16
benchmark/laut/kaluza/131/sink.vmt,0,0.032592,1
benchmark/laut/kaluza/26/sink.vmt,0,0.018549,1
benchmark/laut/kaluza/37/sink.vmt,1,0.037679,4
benchmark/laut/kaluza/1121/sink.vmt,0,0.040774,1
benchmark/laut/kaluza/1366/sink.vmt,0,0.317141,16
benchmark/laut/kaluza/1986/sink.vmt,1,0.371479,11
benchmark/laut/kaluza/271/sink.vmt,1,0.520019,6
benchmark/laut/kaluza/1528/sink.vmt,1,0.267297,19
benchmark/laut/kaluza/1516/sink.vmt,1,0.036234,1
benchmark/laut/kaluza/777/sink.vmt,0,0.018075,1
benchmark/laut/kaluza/267/sink.vmt,1,0.019289,0
benchmark/laut/kaluza/1308/sink.vmt,0,0.017808,1
benchmark/laut/kaluza/137/sink.vmt,1,0.032824,1
benchmark/laut/kaluza/548/sink.vmt,0,0.034602,1
benchmark/laut/kaluza/1408/sink.vmt,0,0.018562,1
benchmark/laut/kaluza/1300/sink.vmt,1,0.214965,19
benchmark/laut/kaluza/586/sink.vmt,0,0.065279,1
benchmark/laut/kaluza/523/sink.vmt,1,0.034466,1
benchmark/laut/kaluza/1232/sink.vmt,0,0.021324,1
benchmark/laut/kaluza/1926/sink.vmt,0,0.018642,1
benchmark/laut/kaluza/962/sink.vmt,1,0.269497,20
benchmark/laut/kaluza/1859/sink.vmt,1,0.274321,19
benchmark/laut/kaluza/974/sink.vmt,0,0.034209,1
benchmark/laut/kaluza/1464/sink.vmt,0,0.017447,1
benchmark/laut/kaluza/922/sink.vmt,0,0.033390,1
benchmark/laut/kaluza/1167/sink.vmt,1,0.318584,21
benchmark/laut/kaluza/1476/sink.vmt,1,0.033102,1
benchmark/laut/kaluza/419/sink.vmt,1,0.271201,21
benchmark/laut/kaluza/1643/sink.vmt,0,0.017188,1
benchmark/laut/kaluza/1469/sink.vmt,0,0.018593,1
benchmark/laut/kaluza/5/sink.vmt,0,0.022478,1
benchmark/laut/kaluza/351/sink.vmt,0,0.372249,19
benchmark/laut/kaluza/462/sink.vmt,1,0.318127,20
benchmark/laut/kaluza/349/sink.vmt,1,0.034293,1
benchmark/laut/kaluza/540/sink.vmt,1,0.316760,20
benchmark/laut/kaluza/123/sink.vmt,1,0.033520,0
benchmark/laut/kaluza/636/sink.vmt,0,0.036208,1
benchmark/laut/kaluza/1557/sink.vmt,0,0.071580,1
benchmark/laut/kaluza/4/sink.vmt,1,0.119121,10
benchmark/laut/kaluza/744/sink.vmt,0,0.032895,1
benchmark/laut/kaluza/132/sink.vmt,1,0.033201,4
benchmark/laut/kaluza/914/sink.vmt,0,0.034788,1
benchmark/laut/kaluza/380/sink.vmt,1,0.037921,1
benchmark/laut/kaluza/1427/sink.vmt,1,0.269181,20
benchmark/laut/kaluza/1057/sink.vmt,0,0.036402,1
benchmark/laut/kaluza/1749/sink.vmt,1,0.074089,0
benchmark/laut/kaluza/1353/sink.vmt,0,0.032098,1
benchmark/laut/kaluza/866/sink.vmt,0,0.021364,1
benchmark/laut/kaluza/669/sink.vmt,0,0.034537,1
benchmark/laut/kaluza/1553/sink.vmt,1,0.037897,1
benchmark/laut/kaluza/1279/sink.vmt,0,0.033479,1
benchmark/laut/kaluza/1759/sink.vmt,0,0.069305,1
benchmark/laut/kaluza/603/sink.vmt,1,0.319270,11
benchmark/laut/kaluza/1728/sink.vmt,0,0.116202,4
benchmark/laut/kaluza/354/sink.vmt,1,0.016171,0
benchmark/laut/kaluza/1391/sink.vmt,0,0.022494,1
benchmark/laut/kaluza/582/sink.vmt,0,0.035471,1
benchmark/laut/kaluza/1272/sink.vmt,1,0.033041,1
benchmark/laut/kaluza/1879/sink.vmt,1,0.418477,11
benchmark/laut/kaluza/1186/sink.vmt,0,0.033649,1
benchmark/laut/kaluza/448/sink.vmt,1,0.216261,19
benchmark/laut/kaluza/722/sink.vmt,1,0.216467,19
benchmark/laut/kaluza/794/sink.vmt,0,0.017177,1
benchmark/laut/kaluza/881/sink.vmt,1,0.025099,1
benchmark/laut/kaluza/941/sink.vmt,1,0.276439,20
benchmark/laut/kaluza/86/sink.vmt,1,3.038119,88
benchmark/laut/kaluza/24/sink.vmt,0,0.037760,1
benchmark/laut/kaluza/630/sink.vmt,0,0.120047,1
benchmark/laut/kaluza/583/sink.vmt,0,0.033218,1
benchmark/laut/kaluza/1802/sink.vmt,0,0.068224,1
benchmark/laut/kaluza/706/sink.vmt,0,0.032888,1
benchmark/laut/kaluza/1670/sink.vmt,1,0.267210,19
benchmark/laut/kaluza/1861/sink.vmt,0,0.016657,1
benchmark/laut/kaluza/1767/sink.vmt,1,0.217084,19
benchmark/laut/kaluza/1015/sink.vmt,0,0.038679,1
benchmark/laut/kaluza/1063/sink.vmt,0,0.216007,13
benchmark/laut/kaluza/1633/sink.vmt,1,0.033863,1
benchmark/laut/kaluza/1548/sink.vmt,0,0.033692,1
benchmark/laut/kaluza/859/sink.vmt,1,0.222324,19
benchmark/laut/kaluza/856/sink.vmt,1,0.318108,20
benchmark/laut/kaluza/495/sink.vmt,0,0.032637,1
benchmark/laut/kaluza/206/sink.vmt,1,0.517393,6
benchmark/laut/kaluza/1312/sink.vmt,1,0.032993,1
benchmark/laut/kaluza/1772/sink.vmt,0,0.035667,1
benchmark/laut/kaluza/1921/sink.vmt,1,0.065906,1
benchmark/laut/kaluza/1209/sink.vmt,1,0.033366,1
benchmark/laut/kaluza/912/sink.vmt,0,0.039043,1
benchmark/laut/kaluza/956/sink.vmt,0,0.034719,1
benchmark/laut/kaluza/1584/sink.vmt,0,0.033682,1
benchmark/laut/kaluza/1846/sink.vmt,0,0.016119,1
benchmark/laut/kaluza/1696/sink.vmt,1,0.116003,11
benchmark/laut/kaluza/474/sink.vmt,1,0.033135,1
benchmark/laut/kaluza/140/sink.vmt,0,0.037889,1
benchmark/laut/kaluza/1490/sink.vmt,1,0.520385,6
benchmark/laut/kaluza/1486/sink.vmt,0,0.035088,1
benchmark/laut/kaluza/1682/sink.vmt,0,0.032855,1
benchmark/laut/kaluza/1367/sink.vmt,1,0.527027,6
benchmark/laut/kaluza/439/sink.vmt,0,0.033903,1
benchmark/laut/kaluza/918/sink.vmt,0,0.032850,1
benchmark/laut/kaluza/50/sink.vmt,0,0.036520,1
benchmark/laut/kaluza/1198/sink.vmt,0,0.032278,1
benchmark/laut/kaluza/519/sink.vmt,0,0.034237,1
benchmark/laut/kaluza/758/sink.vmt,1,0.570147,24
benchmark/laut/kaluza/90/sink.vmt,1,0.033778,1
benchmark/laut/kaluza/312/sink.vmt,0,0.017451,1
benchmark/laut/kaluza/1589/sink.vmt,0,0.033710,1
benchmark/laut/kaluza/1785/sink.vmt,0,0.033659,1
benchmark/laut/kaluza/1998/sink.vmt,0,0.033188,1
benchmark/laut/kaluza/1396/sink.vmt,1,0.217086,19
benchmark/laut/kaluza/1703/sink.vmt,1,0.017188,0
benchmark/laut/kaluza/1522/sink.vmt,0,0.021074,1
benchmark/laut/kaluza/970/sink.vmt,0,0.064386,1
benchmark/laut/kaluza/1375/sink.vmt,1,0.216738,19
benchmark/laut/kaluza/1176/sink.vmt,0,0.017123,1
benchmark/laut/kaluza/1064/sink.vmt,1,0.065362,0
benchmark/laut/kaluza/171/sink.vmt,1,0.525707,6
benchmark/laut/kaluza/1763/sink.vmt,0,0.115341,4
benchmark/laut/kaluza/1083/sink.vmt,0,0.016560,1
benchmark/laut/kaluza/1797/sink.vmt,0,0.038335,1
benchmark/laut/kaluza/1078/sink.vmt,1,0.032942,0
benchmark/laut/kaluza/1266/sink.vmt,0,0.032613,1
benchmark/laut/kaluza/1790/sink.vmt,1,0.217464,19
benchmark/laut/kaluza/488/sink.vmt,0,0.116977,1
benchmark/laut/kaluza/363/sink.vmt,1,0.034713,1
benchmark/laut/kaluza/1839/sink.vmt,0,0.046629,1
benchmark/laut/kaluza/1565/sink.vmt,0,0.036116,1
benchmark/laut/kaluza/8/sink.vmt,1,0.033509,1
benchmark/laut/kaluza/1941/sink.vmt,0,0.033177,1
benchmark/laut/kaluza/373/sink.vmt,1,0.032566,1
benchmark/laut/kaluza/1970/sink.vmt,0,0.214823,13
benchmark/laut/kaluza/1208/sink.vmt,1,0.316959,20
benchmark/laut/kaluza/1487/sink.vmt,0,0.066305,1
benchmark/laut/kaluza/94/sink.vmt,1,0.032954,0
benchmark/laut/kaluza/935/sink.vmt,0,0.369437,19
benchmark/laut/kaluza/1193/sink.vmt,0,0.116384,4
benchmark/laut/kaluza/58/sink.vmt,0,0.016844,1
benchmark/laut/kaluza/1764/sink.vmt,0,0.042853,1
benchmark/laut/kaluza/1811/sink.vmt,0,0.017211,1
benchmark/laut/kaluza/1354/sink.vmt,0,0.033244,1
benchmark/laut/kaluza/1519/sink.vmt,0,0.166981,9
benchmark/laut/kaluza/369/sink.vmt,1,0.032710,1
benchmark/laut/kaluza/1592/sink.vmt,0,0.032727,1
benchmark/laut/kaluza/119/sink.vmt,0,0.016545,1
benchmark/laut/kaluza/1120/sink.vmt,0,0.016792,1
benchmark/laut/kaluza/1090/sink.vmt,0,0.170101,9
benchmark/laut/kaluza/1360/sink.vmt,1,0.218096,19
benchmark/laut/kaluza/1600/sink.vmt,0,0.016639,1
benchmark/laut/kaluza/1428/sink.vmt,1,0.272987,20
benchmark/laut/kaluza/402/sink.vmt,0,0.317701,16
benchmark/laut/kaluza/1979/sink.vmt,0,0.017567,1
benchmark/laut/kaluza/1110/sink.vmt,0,0.034592,1
benchmark/laut/kaluza/930/sink.vmt,0,0.115595,4
benchmark/laut/kaluza/870/sink.vmt,1,0.032609,1
benchmark/laut/kaluza/1554/sink.vmt,1,0.036969,1
benchmark/laut/kaluza/228/sink.vmt,1,0.528819,6
benchmark/laut/kaluza/815/sink.vmt,0,0.034200,1
benchmark/laut/kaluza/782/sink.vmt,1,0.270941,20
benchmark/laut/kaluza/1287/sink.vmt,0,0.032617,1
benchmark/laut/kaluza/1129/sink.vmt,1,0.033425,1
benchmark/laut/kaluza/678/sink.vmt,1,0.033511,1
benchmark/laut/kaluza/1732/sink.vmt,1,0.266571,20
benchmark/laut/kaluza/1524/sink.vmt,1,0.370476,20
benchmark/laut/kaluza/382/sink.vmt,0,0.316802,19
benchmark/laut/kaluza/1296/sink.vmt,0,0.035106,1
benchmark/laut/kaluza/471/sink.vmt,0,0.033156,1
benchmark/laut/kaluza/277/sink.vmt,1,0.065419,4
benchmark/laut/kaluza/1204/sink.vmt,1,0.266251,19
benchmark/laut/kaluza/1170/sink.vmt,0,0.033199,1
benchmark/laut/kaluza/1035/sink.vmt,1,0.020080,0
benchmark/laut/kaluza/1698/sink.vmt,0,0.032190,1
benchmark/laut/kaluza/804/sink.vmt,1,0.271987,19
benchmark/laut/kaluza/339/sink.vmt,0,0.323197,16
benchmark/laut/kaluza/972/sink.vmt,0,0.032173,1
benchmark/laut/kaluza/1014/sink.vmt,1,0.370285,11
benchmark/laut/kaluza/485/sink.vmt,1,0.217209,19
benchmark/laut/kaluza/1748/sink.vmt,1,0.033642,1
benchmark/laut/kaluza/1395/sink.vmt,1,0.026625,1
benchmark/laut/kaluza/1399/sink.vmt,1,0.318253,20
benchmark/laut/kaluza/1833/sink.vmt,0,0.016627,1
benchmark/laut/kaluza/1580/sink.vmt,0,0.033064,1
benchmark/laut/kaluza/845/sink.vmt,1,0.034880,1
benchmark/laut/kaluza/401/sink.vmt,0,0.065989,1
benchmark/laut/kaluza/14/sink.vmt,1,0.034433,0
benchmark/laut/kaluza/658/sink.vmt,0,0.367542,19
benchmark/laut/kaluza/254/sink.vmt,0,0.017530,1
benchmark/laut/kaluza/255/sink.vmt,1,0.524445,6
benchmark/laut/kaluza/1022/sink.vmt,1,0.516066,6
benchmark/laut/kaluza/602/sink.vmt,1,0.032688,1
benchmark/laut/kaluza/1990/sink.vmt,0,0.034240,1
benchmark/laut/kaluza/1100/sink.vmt,0,0.065082,1
benchmark/laut/kaluza/1192/sink.vmt,1,0.317220,20
benchmark/laut/kaluza/1882/sink.vmt,1,0.032106,1
benchmark/laut/kaluza/1948/sink.vmt,1,0.518934,24
benchmark/laut/kaluza/1646/sink.vmt,0,0.034708,1
benchmark/laut/kaluza/697/sink.vmt,0,0.116439,4
benchmark/laut/kaluza/927/sink.vmt,0,0.067822,1
benchmark/laut/kaluza/1886/sink.vmt,1,0.521966,6
benchmark/laut/kaluza/304/sink.vmt,1,0.073895,4
benchmark/laut/kaluza/1236/sink.vmt,0,0.032641,1
benchmark/laut/kaluza/1076/sink.vmt,0,0.117437,4
benchmark/laut/kaluza/1376/sink.vmt,1,0.165971,5
benchmark/laut/kaluza/1540/sink.vmt,0,0.017639,1
benchmark/laut/kaluza/440/sink.vmt,0,0.072450,1
benchmark/laut/kaluza/151/sink.vmt,1,0.523499,6
benchmark/laut/kaluza/1454/sink.vmt,0,0.032740,1
benchmark/laut/kaluza/342/sink.vmt,1,0.021262,0
benchmark/laut/kaluza/1560/sink.vmt,0,0.033070,1
benchmark/laut/kaluza/365/sink.vmt,1,0.070532,8
benchmark/laut/kaluza/1394/sink.vmt,1,0.032793,1
benchmark/laut/kaluza/1562/sink.vmt,0,0.033092,1
benchmark/laut/kaluza/101/sink.vmt,1,0.065538,4
benchmark/laut/kaluza/400/sink.vmt,0,0.017202,1
benchmark/laut/kaluza/294/sink.vmt,1,0.069163,4
benchmark/laut/kaluza/675/sink.vmt,0,0.036557,1
benchmark/laut/kaluza/1837/sink.vmt,1,0.319277,20
benchmark/laut/kaluza/54/sink.vmt,0,0.016177,1
benchmark/laut/kaluza/1840/sink.vmt,1,0.271111,19
benchmark/laut/kaluza/247/sink.vmt,0,0.017444,1
benchmark/laut/kaluza/110/sink.vmt,0,0.045900,1
benchmark/laut/kaluza/476/sink.vmt,1,0.316967,20
benchmark/laut/kaluza/45/sink.vmt,0,0.018202,1
benchmark/laut/kaluza/853/sink.vmt,1,0.318473,21
benchmark/laut/kaluza/1095/sink.vmt,1,0.032716,1
benchmark/laut/kaluza/1370/sink.vmt,1,0.323051,20
benchmark/laut/kaluza/1630/sink.vmt,1,0.215561,19
benchmark/laut/kaluza/1655/sink.vmt,0,0.016993,1
benchmark/laut/kaluza/1734/sink.vmt,0,0.040362,1
benchmark/laut/kaluza/521/sink.vmt,0,0.064332,1
benchmark/laut/kaluza/484/sink.vmt,1,0.064831,1
benchmark/laut/kaluza/944/sink.vmt,0,0.033181,1
benchmark/laut/kaluza/527/sink.vmt,0,0.116539,4
benchmark/laut/kaluza/902/sink.vmt,0,0.016545,1
benchmark/laut/kaluza/193/sink.vmt,1,0.165607,5
benchmark/laut/kaluza/1595/sink.vmt,0,0.016572,1
benchmark/laut/kaluza/291/sink.vmt,0,0.020827,1
benchmark/laut/kaluza/528/sink.vmt,1,0.033122,1
benchmark/laut/kaluza/824/sink.vmt,1,0.033491,1
benchmark/laut/kaluza/493/sink.vmt,0,0.016559,1
benchmark/laut/kaluza/1924/sink.vmt,0,0.017882,1
benchmark/laut/kaluza/1746/sink.vmt,0,0.032256,1
benchmark/laut/kaluza/1708/sink.vmt,1,0.033761,1
benchmark/laut/kaluza/1084/sink.vmt,0,0.318730,16
benchmark/laut/kaluza/1050/sink.vmt,0,0.033531,1
benchmark/laut/kaluza/432/sink.vmt,0,0.033873,1
benchmark/laut/kaluza/1692/sink.vmt,1,0.216095,19
benchmark/laut/kaluza/154/sink.vmt,1,0.065616,4
benchmark/laut/kaluza/105/sink.vmt,1,0.064749,4
benchmark/laut/kaluza/95/sink.vmt,1,0.522031,6
benchmark/laut/kaluza/1650/sink.vmt,1,0.268525,19
benchmark/laut/kaluza/1013/sink.vmt,0,0.168183,9
benchmark/laut/kaluza/1160/sink.vmt,0,0.017484,1
benchmark/laut/kaluza/1896/sink.vmt,1,0.324523,19
benchmark/laut/kaluza/1221/sink.vmt,0,0.070740,1
benchmark/laut/kaluza/250/sink.vmt,1,0.041075,4
benchmark/laut/kaluza/1405/sink.vmt,0,0.037604,1
benchmark/laut/kaluza/1457/sink.vmt,0,0.117923,4
benchmark/laut/kaluza/774/sink.vmt,0,0.033223,1
benchmark/laut/kaluza/1215/sink.vmt,0,0.117483,4
benchmark/laut/kaluza/1143/sink.vmt,0,0.370491,19
benchmark/laut/kaluza/104/sink.vmt,1,0.033846,1
benchmark/laut/kaluza/1675/sink.vmt,1,0.267134,19
benchmark/laut/kaluza/933/sink.vmt,0,0.033351,1
benchmark/laut/kaluza/303/sink.vmt,1,0.021674,1
benchmark/laut/kaluza/864/sink.vmt,1,0.318891,20
benchmark/laut/kaluza/237/sink.vmt,1,0.065820,4
benchmark/laut/kaluza/1412/sink.vmt,0,0.016145,1
benchmark/laut/kaluza/330/sink.vmt,0,0.371705,19
benchmark/laut/kaluza/1181/sink.vmt,0,0.116430,4
benchmark/laut/kaluza/1331/sink.vmt,1,0.316905,20
benchmark/laut/kaluza/1695/sink.vmt,1,0.367216,11
benchmark/laut/kaluza/1194/sink.vmt,1,0.033047,1
benchmark/laut/kaluza/1818/sink.vmt,1,0.055274,1
benchmark/laut/kaluza/450/sink.vmt,0,0.032776,1
benchmark/laut/kaluza/747/sink.vmt,0,0.032049,1
benchmark/laut/kaluza/1409/sink.vmt,1,0.870936,8
benchmark/laut/kaluza/138/sink.vmt,1,0.065236,1
benchmark/laut/kaluza/1809/sink.vmt,1,0.518832,6
benchmark/laut/kaluza/1987/sink.vmt,0,0.032109,1
benchmark/laut/kaluza/1159/sink.vmt,0,0.034624,1
benchmark/laut/kaluza/900/sink.vmt,0,0.068662,1
benchmark/laut/kaluza/534/sink.vmt,0,0.065439,1
benchmark/laut/kaluza/183/sink.vmt,0,0.016376,1
benchmark/laut/kaluza/1462/sink.vmt,0,0.033400,1
benchmark/laut/kaluza/1456/sink.vmt,1,0.069423,4
benchmark/laut/kaluza/683/sink.vmt,0,0.033142,1
benchmark/laut/kaluza/1681/sink.vmt,0,0.037546,1
benchmark/laut/kaluza/208/sink.vmt,1,0.069389,4
benchmark/laut/kaluza/760/sink.vmt,0,0.017097,1
benchmark/laut/kaluza/612/sink.vmt,0,0.123435,4
benchmark/laut/kaluza/753/sink.vmt,0,0.034164,1
benchmark/laut/kaluza/575/sink.vmt,1,0.166994,18
benchmark/laut/kaluza/1222/sink.vmt,1,0.267566,19
benchmark/laut/kaluza/1844/sink.vmt,1,0.267404,19
benchmark/laut/kaluza/1458/sink.vmt,0,0.319926,1
benchmark/laut/kaluza/1825/sink.vmt,1,0.215663,16
benchmark/laut/kaluza/144/sink.vmt,1,0.017360,0
benchmark/laut/kaluza/1760/sink.vmt,1,0.033525,0
benchmark/laut/kaluza/1821/sink.vmt,1,0.033077,1
benchmark/laut/kaluza/1214/sink.vmt,1,0.367697,11
benchmark/laut/kaluza/1984/sink.vmt,1,0.318856,20
benchmark/laut/kaluza/1537/sink.vmt,1,0.519789,6
benchmark/laut/kaluza/655/sink.vmt,1,0.016476,0
benchmark/laut/kaluza/1801/sink.vmt,0,0.322602,16
benchmark/laut/kaluza/961/sink.vmt,0,0.033875,1
benchmark/laut/kaluza/1401/sink.vmt,0,0.034080,1
benchmark/laut/kaluza/964/sink.vmt,1,0.032505,1
benchmark/laut/kaluza/1485/sink.vmt,1,0.367531,20
benchmark/laut/kaluza/1325/sink.vmt,0,0.034125,1
benchmark/laut/kaluza/453/sink.vmt,0,0.176884,9
benchmark/laut/kaluza/262/sink.vmt,t,0.0,0
benchmark/laut/kaluza/692/sink.vmt,1,0.523815,6
benchmark/laut/kaluza/1985/sink.vmt,0,0.117808,1
benchmark/laut/kaluza/589/sink.vmt,0,0.117907,4
benchmark/laut/kaluza/1475/sink.vmt,0,0.367676,19
benchmark/laut/kaluza/187/sink.vmt,0,0.034548,1
benchmark/laut/kaluza/514/sink.vmt,0,0.033714,1
benchmark/laut/kaluza/917/sink.vmt,0,0.117697,4
benchmark/laut/kaluza/1977/sink.vmt,1,0.518990,24
benchmark/laut/kaluza/314/sink.vmt,0,0.021162,1
benchmark/laut/kaluza/976/sink.vmt,0,0.036682,1
benchmark/laut/kaluza/1756/sink.vmt,0,0.035198,1
benchmark/laut/kaluza/38/sink.vmt,0,0.017629,1
benchmark/laut/kaluza/202/sink.vmt,1,0.068868,4
benchmark/laut/kaluza/1342/sink.vmt,1,0.368385,11
benchmark/laut/kaluza/555/sink.vmt,1,0.273310,20
benchmark/laut/kaluza/1933/sink.vmt,0,0.032566,1
benchmark/laut/kaluza/1397/sink.vmt,1,0.218124,5
benchmark/laut/kaluza/1605/sink.vmt,0,0.016795,1
benchmark/laut/kaluza/889/sink.vmt,1,0.317822,21
benchmark/laut/kaluza/6/sink.vmt,1,0.032122,4
benchmark/laut/kaluza/173/sink.vmt,1,0.518902,6
benchmark/laut/kaluza/1880/sink.vmt,1,0.033515,1
benchmark/laut/kaluza/199/sink.vmt,0,0.019513,1
benchmark/laut/kaluza/578/sink.vmt,1,0.065089,1
benchmark/laut/kaluza/1743/sink.vmt,1,0.315906,20
benchmark/laut/kaluza/571/sink.vmt,1,0.266667,19
benchmark/laut/kaluza/1679/sink.vmt,1,0.035777,1
benchmark/laut/kaluza/124/sink.vmt,0,0.032675,1
benchmark/laut/kaluza/335/sink.vmt,1,0.065176,1
benchmark/laut/kaluza/1997/sink.vmt,0,0.017376,1
benchmark/laut/kaluza/778/sink.vmt,0,0.018515,1
benchmark/laut/kaluza/1247/sink.vmt,1,0.324478,11
benchmark/laut/kaluza/1587/sink.vmt,0,0.017641,1
benchmark/laut/kaluza/1617/sink.vmt,0,0.041775,1
benchmark/laut/kaluza/113/sink.vmt,1,0.069303,4
benchmark/laut/kaluza/270/sink.vmt,0,0.017659,1
benchmark/laut/kaluza/1920/sink.vmt,0,0.038410,1
benchmark/laut/kaluza/507/sink.vmt,0,0.032727,1
benchmark/laut/kaluza/393/sink.vmt,0,0.033046,1
benchmark/laut/kaluza/1020/sink.vmt,0,0.021751,1
benchmark/laut/kaluza/1322/sink.vmt,0,0.318189,16
benchmark/laut/kaluza/660/sink.vmt,1,0.265645,19
benchmark/laut/kaluza/1441/sink.vmt,1,0.032739,1
benchmark/laut/kaluza/1007/sink.vmt,0,0.037550,1
benchmark/laut/kaluza/1000/sink.vmt,0,0.033197,1
benchmark/laut/kaluza/1911/sink.vmt,1,0.032770,1
benchmark/laut/kaluza/1251/sink.vmt,1,0.034675,5
benchmark/laut/kaluza/1479/sink.vmt,1,0.033041,0
benchmark/laut/kaluza/849/sink.vmt,1,0.032742,1
benchmark/laut/kaluza/673/sink.vmt,1,0.220268,19
benchmark/laut/kaluza/306/sink.vmt,0,0.018559,1
benchmark/laut/kaluza/637/sink.vmt,0,0.116981,4
benchmark/laut/kaluza/982/sink.vmt,0,0.017155,1
benchmark/laut/kaluza/143/sink.vmt,1,0.050044,4
benchmark/laut/kaluza/1071/sink.vmt,1,0.036470,1
benchmark/laut/kaluza/1939/sink.vmt,0,0.016952,1
benchmark/laut/kaluza/321/sink.vmt,1,0.035811,4
benchmark/laut/kaluza/327/sink.vmt,1,0.033802,1
benchmark/laut/kaluza/761/sink.vmt,1,0.266610,20
benchmark/laut/kaluza/1723/sink.vmt,0,0.032632,1
benchmark/laut/kaluza/1884/sink.vmt,0,0.167560,9
benchmark/laut/kaluza/542/sink.vmt,0,0.032701,1
benchmark/laut/kaluza/903/sink.vmt,1,0.115930,11
benchmark/laut/kaluza/592/sink.vmt,1,0.267571,20
benchmark/laut/kaluza/1953/sink.vmt,0,0.033694,1
benchmark/laut/kaluza/1051/sink.vmt,1,0.216556,19
benchmark/laut/kaluza/1623/sink.vmt,0,0.034294,1
benchmark/laut/kaluza/248/sink.vmt,1,0.521486,6
benchmark/laut/kaluza/265/sink.vmt,1,0.017468,0
benchmark/laut/kaluza/359/sink.vmt,0,0.374383,19
benchmark/laut/kaluza/61/sink.vmt,0,0.066295,1
benchmark/laut/kaluza/821/sink.vmt,1,0.035659,1
benchmark/laut/kaluza/68/sink.vmt,1,0.531214,6
benchmark/laut/kaluza/340/sink.vmt,1,0.118563,10
benchmark/laut/kaluza/1744/sink.vmt,1,0.033330,1
benchmark/laut/kaluza/858/sink.vmt,0,0.218145,13
benchmark/laut/kaluza/1126/sink.vmt,1,0.520185,6
benchmark/laut/kaluza/468/sink.vmt,0,0.033750,1
benchmark/laut/kaluza/1863/sink.vmt,0,0.034625,1
benchmark/laut/kaluza/682/sink.vmt,0,0.170610,9
benchmark/laut/kaluza/1601/sink.vmt,0,0.033028,1
benchmark/laut/kaluza/473/sink.vmt,1,0.518701,6
benchmark/laut/kaluza/360/sink.vmt,1,0.266317,19
benchmark/laut/kaluza/1011/sink.vmt,1,0.268302,18
benchmark/laut/kaluza/1691/sink.vmt,0,0.036595,1
benchmark/laut/kaluza/155/sink.vmt,1,0.115402,4
benchmark/laut/kaluza/1591/sink.vmt,0,0.017708,1
benchmark/laut/kaluza/1680/sink.vmt,0,0.022610,1
benchmark/laut/kaluza/200/sink.vmt,0,0.019435,1
benchmark/laut/kaluza/967/sink.vmt,0,0.033072,1
benchmark/laut/kaluza/574/sink.vmt,1,0.216285,16
benchmark/laut/kaluza/741/sink.vmt,1,0.217231,19
benchmark/laut/kaluza/1309/sink.vmt,1,0.033563,1
benchmark/laut/kaluza/1365/sink.vmt,0,0.033708,1
benchmark/laut/kaluza/1359/sink.vmt,1,0.218243,19
benchmark/laut/kaluza/803/sink.vmt,0,0.018027,1
benchmark/laut/kaluza/1521/sink.vmt,1,0.066321,1
benchmark/laut/kaluza/1618/sink.vmt,0,0.034296,1
benchmark/laut/kaluza/1531/sink.vmt,1,0.268331,19
benchmark/laut/kaluza/1472/sink.vmt,0,0.115858,4
benchmark/laut/kaluza/1381/sink.vmt,1,0.033014,1
benchmark/laut/kaluza/707/sink.vmt,0,0.034125,1
benchmark/laut/kaluza/159/sink.vmt,0,0.033047,1
benchmark/laut/kaluza/908/sink.vmt,0,0.117406,4
benchmark/laut/kaluza/1465/sink.vmt,0,0.032477,1
benchmark/laut/kaluza/790/sink.vmt,0,0.016699,1
benchmark/laut/kaluza/1/sink.vmt,0,0.017802,1
benchmark/laut/kaluza/1845/sink.vmt,1,0.266057,19
benchmark/laut/kaluza/752/sink.vmt,1,0.016470,0
benchmark/laut/kaluza/1672/sink.vmt,0,0.322697,16
benchmark/laut/kaluza/1677/sink.vmt,0,0.032673,1
benchmark/laut/kaluza/376/sink.vmt,0,0.367470,19
benchmark/laut/kaluza/1539/sink.vmt,0,0.317922,16
benchmark/laut/kaluza/1857/sink.vmt,0,0.017103,1
benchmark/laut/kaluza/1255/sink.vmt,1,0.038310,1
benchmark/laut/kaluza/1286/sink.vmt,0,0.033639,1
benchmark/laut/kaluza/1323/sink.vmt,0,0.034281,1
benchmark/laut/kaluza/1338/sink.vmt,1,0.569545,24
benchmark/laut/kaluza/975/sink.vmt,1,0.216952,19
benchmark/laut/kaluza/1422/sink.vmt,0,0.064935,1
benchmark/laut/kaluza/1702/sink.vmt,0,0.016469,1
benchmark/laut/kaluza/263/sink.vmt,1,0.039558,4
benchmark/laut/kaluza/1851/sink.vmt,0,0.322994,16
benchmark/laut/kaluza/479/sink.vmt,1,0.322455,20
benchmark/laut/kaluza/952/sink.vmt,1,0.116866,11
benchmark/laut/kaluza/1596/sink.vmt,1,0.065243,4
benchmark/laut/kaluza/1210/sink.vmt,1,0.265887,21
benchmark/laut/kaluza/218/sink.vmt,1,0.065829,4
benchmark/laut/kaluza/158/sink.vmt,1,0.970215,54
benchmark/laut/kaluza/1505/sink.vmt,1,0.266788,20
benchmark/laut/kaluza/483/sink.vmt,0,0.066584,1
benchmark/laut/kaluza/1774/sink.vmt,1,0.033200,1
benchmark/laut/kaluza/1653/sink.vmt,0,0.032660,1
benchmark/laut/kaluza/746/sink.vmt,1,0.267301,19
benchmark/laut/kaluza/716/sink.vmt,0,0.032577,1
benchmark/laut/kaluza/792/sink.vmt,1,0.033186,0
benchmark/laut/kaluza/305/sink.vmt,1,0.016839,0
benchmark/laut/kaluza/1828/sink.vmt,0,0.018567,1
benchmark/laut/kaluza/1042/sink.vmt,0,0.067865,1
benchmark/laut/kaluza/1028/sink.vmt,1,0.032124,1
benchmark/laut/kaluza/806/sink.vmt,1,0.373342,11
benchmark/laut/kaluza/1927/sink.vmt,0,0.033256,1
benchmark/laut/kaluza/556/sink.vmt,1,0.271095,20
benchmark/laut/kaluza/494/sink.vmt,0,0.016474,1
benchmark/laut/kaluza/89/sink.vmt,1,0.069408,0
benchmark/laut/kaluza/222/sink.vmt,0,0.018192,1
benchmark/laut/kaluza/1497/sink.vmt,1,0.037991,1
benchmark/laut/kaluza/1943/sink.vmt,1,0.368064,11
benchmark/laut/kaluza/581/sink.vmt,1,0.016561,0
benchmark/laut/kaluza/1875/sink.vmt,1,0.033737,1
benchmark/laut/kaluza/72/sink.vmt,1,0.523435,6
benchmark/laut/kaluza/1520/sink.vmt,1,0.033063,1
benchmark/laut/kaluza/1001/sink.vmt,1,0.266400,20
benchmark/laut/kaluza/1080/sink.vmt,1,0.267008,18
benchmark/laut/kaluza/1930/sink.vmt,1,0.033240,1
benchmark/laut/kaluza/408/sink.vmt,1,0.115828,11
benchmark/laut/kaluza/230/sink.vmt,1,0.065717,4
benchmark/laut/kaluza/416/sink.vmt,0,0.066281,1
benchmark/laut/kaluza/297/sink.vmt,1,0.067820,4
benchmark/laut/kaluza/1947/sink.vmt,1,0.041227,1
benchmark/laut/kaluza/1858/sink.vmt,0,0.034205,1
benchmark/laut/kaluza/1957/sink.vmt,0,0.065679,1
benchmark/laut/kaluza/1242/sink.vmt,0,0.032645,1
benchmark/laut/kaluza/1499/sink.vmt,0,0.319520,16
benchmark/laut/kaluza/1942/sink.vmt,0,0.019361,1
benchmark/laut/kaluza/634/sink.vmt,1,0.267212,19
benchmark/laut/kaluza/1739/sink.vmt,1,0.218224,19
benchmark/laut/kaluza/1355/sink.vmt,1,0.317742,20
benchmark/laut/kaluza/1319/sink.vmt,1,0.315599,11
benchmark/laut/kaluza/1113/sink.vmt,1,0.065684,1
benchmark/laut/kaluza/1988/sink.vmt,1,0.166023,18
benchmark/laut/kaluza/309/sink.vmt,0,0.017562,1
benchmark/laut/kaluza/1362/sink.vmt,1,0.069975,0
benchmark/laut/kaluza/1356/sink.vmt,0,0.033093,1
benchmark/laut/kaluza/1295/sink.vmt,1,0.368073,11
benchmark/laut/kaluza/1364/sink.vmt,1,0.316066,20
benchmark/laut/kaluza/1832/sink.vmt,0,0.033632,1
benchmark/laut/kaluza/1033/sink.vmt,1,0.033189,1
benchmark/laut/kaluza/1676/sink.vmt,1,0.317787,20
benchmark/laut/kaluza/781/sink.vmt,0,0.033177,1
benchmark/laut/kaluza/396/sink.vmt,1,0.065775,1
benchmark/laut/kaluza/1804/sink.vmt,1,0.524046,6
benchmark/laut/kaluza/1976/sink.vmt,1,0.065490,1
benchmark/laut/kaluza/547/sink.vmt,0,0.032962,1
benchmark/laut/kaluza/981/sink.vmt,1,0.520235,6
benchmark/laut/kaluza/9/sink.vmt,1,0.033567,4
benchmark/laut/kaluza/1934/sink.vmt,1,0.318200,20
benchmark/laut/kaluza/1158/sink.vmt,0,0.034353,1
benchmark/laut/kaluza/676/sink.vmt,0,0.022756,1
benchmark/laut/kaluza/1762/sink.vmt,1,0.033266,1
benchmark/laut/kaluza/32/sink.vmt,0,0.018104,1
benchmark/laut/kaluza/1123/sink.vmt,1,0.037722,1
benchmark/laut/kaluza/1578/sink.vmt,1,0.222802,19
benchmark/laut/kaluza/1303/sink.vmt,0,0.066771,1
benchmark/laut/kaluza/1404/sink.vmt,1,0.267115,19
benchmark/laut/kaluza/63/sink.vmt,1,0.033464,0
benchmark/laut/kaluza/1489/sink.vmt,0,0.065480,1
benchmark/laut/kaluza/1403/sink.vmt,0,0.033931,1
benchmark/laut/kaluza/1971/sink.vmt,1,0.326059,11
benchmark/laut/kaluza/1037/sink.vmt,0,0.033223,1
benchmark/laut/kaluza/308/sink.vmt,0,0.033283,1
benchmark/laut/kaluza/623/sink.vmt,0,0.318863,19
benchmark/laut/kaluza/1010/sink.vmt,1,0.034177,1
benchmark/laut/kaluza/576/sink.vmt,0,0.067245,1
benchmark/laut/kaluza/1346/sink.vmt,0,0.167482,9
benchmark/laut/kaluza/1410/sink.vmt,0,0.037263,1
benchmark/laut/kaluza/1606/sink.vmt,0,0.032395,1
benchmark/laut/kaluza/70/sink.vmt,1,0.066538,3
benchmark/laut/kaluza/1707/sink.vmt,0,0.033152,1
benchmark/laut/kaluza/282/sink.vmt,1,0.518706,6
benchmark/laut/kaluza/1899/sink.vmt,0,0.017502,1
benchmark/laut/kaluza/287/sink.vmt,1,0.030348,1
benchmark/laut/kaluza/182/sink.vmt,1,0.069537,4
benchmark/laut/kaluza/1402/sink.vmt,0,0.018544,1
benchmark/laut/kaluza/644/sink.vmt,0,0.020173,1
benchmark/laut/kaluza/1249/sink.vmt,0,0.037191,1
benchmark/laut/kaluza/252/sink.vmt,1,0.073836,1
benchmark/laut/kaluza/828/sink.vmt,0,0.033864,1
benchmark/laut/kaluza/508/sink.vmt,0,0.023834,1
benchmark/laut/kaluza/1320/sink.vmt,0,0.035363,1
benchmark/laut/kaluza/907/sink.vmt,0,0.017163,1
benchmark/laut/kaluza/194/sink.vmt,1,0.033835,0
benchmark/laut/kaluza/1620/sink.vmt,1,0.065203,4
benchmark/laut/kaluza/1098/sink.vmt,0,0.037693,1
benchmark/laut/kaluza/19/sink.vmt,0,0.032194,1
benchmark/laut/kaluza/1872/sink.vmt,0,0.032212,1
benchmark/laut/kaluza/170/sink.vmt,1,0.035298,1
benchmark/laut/kaluza/1340/sink.vmt,0,0.034642,1
benchmark/laut/kaluza/246/sink.vmt,1,0.033172,1
benchmark/laut/kaluza/684/sink.vmt,1,0.220356,16
benchmark/laut/kaluza/1660/sink.vmt,1,0.067229,1
benchmark/laut/kaluza/458/sink.vmt,0,0.033704,1
benchmark/laut/kaluza/245/sink.vmt,1,0.073703,4
benchmark/laut/kaluza/435/sink.vmt,1,0.318450,20
benchmark/laut/kaluza/341/sink.vmt,0,0.018530,1
benchmark/laut/kaluza/698/sink.vmt,1,0.323948,20
benchmark/laut/kaluza/1177/sink.vmt,0,0.017610,1
benchmark/laut/kaluza/1371/sink.vmt,1,0.272485,20
benchmark/laut/kaluza/1673/sink.vmt,1,0.319172,20
benchmark/laut/kaluza/1132/sink.vmt,1,0.518566,6
benchmark/laut/kaluza/91/sink.vmt,1,0.067041,4
benchmark/laut/kaluza/1264/sink.vmt,0,0.017197,1
benchmark/laut/kaluza/1793/sink.vmt,0,0.123908,4
benchmark/laut/kaluza/1794/sink.vmt,0,0.316995,16
benchmark/laut/kaluza/1889/sink.vmt,0,0.035540,1
benchmark/laut/kaluza/1141/sink.vmt,0,0.065224,1
benchmark/laut/kaluza/1260/sink.vmt,0,0.018299,1
benchmark/laut/kaluza/1693/sink.vmt,1,0.266351,19
benchmark/laut/kaluza/451/sink.vmt,0,0.033121,1
benchmark/laut/kaluza/848/sink.vmt,1,0.317946,20
benchmark/laut/kaluza/749/sink.vmt,1,0.033078,1
benchmark/laut/kaluza/1124/sink.vmt,0,0.119199,4
benchmark/laut/kaluza/1536/sink.vmt,0,0.032518,1
benchmark/laut/kaluza/796/sink.vmt,0,0.034892,1
benchmark/laut/kaluza/633/sink.vmt,1,0.033089,1
benchmark/laut/kaluza/1563/sink.vmt,1,0.367763,11
benchmark/laut/kaluza/810/sink.vmt,0,0.427188,19
benchmark/laut/kaluza/955/sink.vmt,1,0.268138,21
benchmark/laut/kaluza/1153/sink.vmt,0,0.033259,1
benchmark/laut/kaluza/1616/sink.vmt,1,0.325536,21
benchmark/laut/kaluza/562/sink.vmt,1,3.293723,26
benchmark/laut/kaluza/530/sink.vmt,0,0.115441,1
benchmark/laut/kaluza/2/sink.vmt,1,0.070201,4
benchmark/laut/kaluza/1929/sink.vmt,0,0.032712,1
benchmark/laut/kaluza/593/sink.vmt,0,0.035049,1
benchmark/laut/kaluza/629/sink.vmt,1,0.267103,20
benchmark/laut/kaluza/1715/sink.vmt,1,0.265879,20
benchmark/laut/kaluza/885/sink.vmt,0,0.033609,1
benchmark/laut/kaluza/500/sink.vmt,1,0.317918,20
benchmark/laut/kaluza/671/sink.vmt,1,0.369913,11
benchmark/laut/kaluza/472/sink.vmt,1,0.033564,1
benchmark/laut/kaluza/1145/sink.vmt,1,0.116883,11
benchmark/laut/kaluza/1445/sink.vmt,1,0.321974,20
benchmark/laut/kaluza/44/sink.vmt,1,0.066145,4
benchmark/laut/kaluza/264/sink.vmt,1,0.065812,4
benchmark/laut/kaluza/133/sink.vmt,1,0.520561,6
benchmark/laut/kaluza/863/sink.vmt,1,0.043812,1
benchmark/laut/kaluza/984/sink.vmt,0,0.021797,1
benchmark/laut/kaluza/800/sink.vmt,0,0.033257,1
benchmark/laut/kaluza/1527/sink.vmt,1,0.568785,24
benchmark/laut/kaluza/1665/sink.vmt,1,0.215652,19
benchmark/laut/kaluza/178/sink.vmt,1,0.518998,6
benchmark/laut/kaluza/1108/sink.vmt,0,0.016519,1
benchmark/laut/kaluza/616/sink.vmt,0,0.020668,1
benchmark/laut/kaluza/959/sink.vmt,0,0.033735,1
benchmark/laut/kaluza/1400/sink.vmt,1,0.216842,19
benchmark/laut/kaluza/1778/sink.vmt,0,0.116374,4
benchmark/laut/kaluza/1569/sink.vmt,0,0.033703,1
benchmark/laut/kaluza/537/sink.vmt,0,0.034668,1
benchmark/laut/kaluza/370/sink.vmt,0,0.165972,8
benchmark/laut/kaluza/1842/sink.vmt,0,0.017309,1
benchmark/laut/kaluza/251/sink.vmt,1,0.517452,6
benchmark/laut/kaluza/114/sink.vmt,1,0.065708,0
benchmark/laut/kaluza/1413/sink.vmt,0,0.032225,1
benchmark/laut/kaluza/18/sink.vmt,0,0.027547,1
benchmark/laut/kaluza/1975/sink.vmt,0,0.028219,1
benchmark/laut/kaluza/55/sink.vmt,1,0.034331,1
benchmark/laut/kaluza/852/sink.vmt,0,0.322029,16
benchmark/laut/kaluza/29/sink.vmt,1,0.066858,10
benchmark/laut/kaluza/496/sink.vmt,0,0.033543,1
benchmark/laut/kaluza/1164/sink.vmt,0,0.022875,1
benchmark/laut/kaluza/298/sink.vmt,0,0.268318,1
benchmark/laut/kaluza/1645/sink.vmt,0,0.032576,1
benchmark/laut/kaluza/1229/sink.vmt,0,0.033720,1
benchmark/laut/kaluza/345/sink.vmt,1,0.028138,1
benchmark/laut/kaluza/319/sink.vmt,1,0.774069,49
benchmark/laut/kaluza/1224/sink.vmt,1,0.216286,19
benchmark/laut/kaluza/1687/sink.vmt,1,0.218188,18
benchmark/laut/kaluza/625/sink.vmt,1,0.034158,1
benchmark/laut/kaluza/1966/sink.vmt,0,0.034108,1
benchmark/laut/kaluza/536/sink.vmt,1,0.170694,5
benchmark/laut/kaluza/1136/sink.vmt,0,0.034733,1
benchmark/laut/kaluza/1146/sink.vmt,1,0.281824,20
benchmark/laut/kaluza/1928/sink.vmt,0,0.032827,1
benchmark/laut/kaluza/718/sink.vmt,0,0.032707,1
benchmark/laut/kaluza/793/sink.vmt,1,0.038090,0
benchmark/laut/kaluza/926/sink.vmt,1,0.265889,19
benchmark/laut/kaluza/1096/sink.vmt,0,0.017025,1
benchmark/laut/kaluza/236/sink.vmt,1,3.079973,88
benchmark/laut/kaluza/1494/sink.vmt,1,0.268035,21
benchmark/laut/kaluza/780/sink.vmt,0,0.317089,16
benchmark/laut/kaluza/1496/sink.vmt,0,0.033095,1
benchmark/laut/kaluza/320/sink.vmt,1,0.620158,6
benchmark/laut/kaluza/798/sink.vmt,0,0.037253,1
benchmark/laut/kaluza/946/sink.vmt,1,0.217770,19
benchmark/laut/kaluza/1302/sink.vmt,1,0.032656,1
benchmark/laut/kaluza/1085/sink.vmt,0,0.017697,1
benchmark/laut/kaluza/679/sink.vmt,1,0.269455,21
benchmark/laut/kaluza/651/sink.vmt,0,0.035117,1
benchmark/laut/kaluza/1874/sink.vmt,0,0.016526,1
benchmark/laut/kaluza/1134/sink.vmt,1,0.117077,11
benchmark/laut/kaluza/1662/sink.vmt,1,0.266589,19
benchmark/laut/kaluza/1903/sink.vmt,0,0.065347,1
benchmark/laut/kaluza/809/sink.vmt,1,0.265430,19
benchmark/laut/kaluza/290/sink.vmt,0,0.017514,1
benchmark/laut/kaluza/563/sink.vmt,0,0.048546,1
benchmark/laut/kaluza/872/sink.vmt,0,0.033576,1
benchmark/laut/kaluza/1357/sink.vmt,1,0.533864,6
benchmark/laut/kaluza/1225/sink.vmt,0,0.368299,19
benchmark/laut/kaluza/1384/sink.vmt,1,0.033130,1
benchmark/laut/kaluza/720/sink.vmt,1,0.266842,20
benchmark/laut/kaluza/34/sink.vmt,1,0.116360,10
benchmark/laut/kaluza/1904/sink.vmt,0,0.033785,1
benchmark/laut/kaluza/212/sink.vmt,0,0.021980,1
benchmark/laut/kaluza/899/sink.vmt,1,0.318411,20
benchmark/laut/kaluza/1599/sink.vmt,0,0.033390,1
benchmark/laut/kaluza/857/sink.vmt,0,0.317775,16
benchmark/laut/kaluza/372/sink.vmt,1,0.267584,20
benchmark/laut/kaluza/807/sink.vmt,0,0.032642,1
benchmark/laut/kaluza/1796/sink.vmt,1,0.267917,19
benchmark/laut/kaluza/1103/sink.vmt,0,0.017443,1
benchmark/laut/kaluza/203/sink.vmt,1,0.069272,4
benchmark/laut/kaluza/919/sink.vmt,1,0.374100,11
benchmark/laut/kaluza/1416/sink.vmt,1,0.266474,21
benchmark/laut/kaluza/1735/sink.vmt,1,0.032484,1
benchmark/laut/kaluza/971/sink.vmt,0,0.032248,1
benchmark/laut/kaluza/1806/sink.vmt,0,0.029995,1
benchmark/laut/kaluza/195/sink.vmt,1,0.020856,1
benchmark/laut/kaluza/226/sink.vmt,0,0.018263,1
benchmark/laut/kaluza/638/sink.vmt,0,0.321841,16
benchmark/laut/kaluza/1610/sink.vmt,1,0.322678,20
benchmark/laut/kaluza/1424/sink.vmt,1,0.116323,11
benchmark/laut/kaluza/988/sink.vmt,0,0.033188,1
benchmark/laut/kaluza/1130/sink.vmt,1,0.367024,11
benchmark/laut/kaluza/57/sink.vmt,0,0.035206,1
benchmark/laut/kaluza/1006/sink.vmt,0,0.019202,1
benchmark/laut/kaluza/293/sink.vmt,0,0.032972,1
benchmark/laut/kaluza/1377/sink.vmt,0,0.019550,1
benchmark/laut/kaluza/730/sink.vmt,1,0.270810,20
benchmark/laut/kaluza/737/sink.vmt,1,0.316042,11
benchmark/laut/kaluza/1787/sink.vmt,1,0.065545,4
benchmark/laut/kaluza/1902/sink.vmt,1,0.066048,4
benchmark/laut/kaluza/1258/sink.vmt,0,0.034170,1
benchmark/laut/kaluza/1890/sink.vmt,1,0.266730,20
benchmark/laut/kaluza/288/sink.vmt,0,0.316857,1
benchmark/laut/kaluza/938/sink.vmt,0,0.036746,1
benchmark/laut/kaluza/525/sink.vmt,0,0.034498,1
benchmark/laut/kaluza/1621/sink.vmt,0,0.034220,1
benchmark/laut/kaluza/1220/sink.vmt,1,0.317994,20
benchmark/laut/kaluza/1139/sink.vmt,0,0.032536,1
benchmark/laut/kaluza/1217/sink.vmt,0,0.033785,1
benchmark/laut/kaluza/1607/sink.vmt,0,0.018352,1
benchmark/laut/kaluza/350/sink.vmt,1,0.017936,1
benchmark/laut/kaluza/1733/sink.vmt,0,0.036251,1
benchmark/laut/kaluza/1754/sink.vmt,0,0.065516,1
benchmark/laut/kaluza/650/sink.vmt,0,0.033698,1
benchmark/laut/kaluza/1114/sink.vmt,1,0.269454,20
benchmark/laut/kaluza/1946/sink.vmt,0,0.319034,16
benchmark/laut/kaluza/906/sink.vmt,0,0.032651,1
benchmark/laut/kaluza/219/sink.vmt,1,0.521195,6
benchmark/laut/kaluza/1046/sink.vmt,1,0.266558,19
benchmark/laut/kaluza/1383/sink.vmt,1,0.317387,20
benchmark/laut/kaluza/618/sink.vmt,1,0.033063,1
benchmark/laut/kaluza/552/sink.vmt,0,0.032776,1
benchmark/laut/kaluza/868/sink.vmt,0,0.020672,1
benchmark/laut/kaluza/1463/sink.vmt,0,0.065951,1
benchmark/laut/kaluza/1582/sink.vmt,0,0.021519,1
benchmark/laut/kaluza/1019/sink.vmt,0,0.168635,9
benchmark/laut/kaluza/40/sink.vmt,0,0.033045,1
benchmark/laut/kaluza/196/sink.vmt,1,0.019672,0
benchmark/laut/kaluza/969/sink.vmt,1,0.270457,21
benchmark/laut/kaluza/869/sink.vmt,0,0.033595,1
benchmark/laut/kaluza/383/sink.vmt,1,0.241249,20
benchmark/laut/kaluza/7/sink.vmt,0,0.016548,1
benchmark/laut/kaluza/850/sink.vmt,0,0.034016,1
benchmark/laut/kaluza/296/sink.vmt,0,0.017938,1
benchmark/laut/kaluza/1622/sink.vmt,1,0.318832,11
benchmark/laut/kaluza/1119/sink.vmt,1,0.034608,1
benchmark/laut/kaluza/584/sink.vmt,0,0.064761,1
benchmark/laut/kaluza/39/sink.vmt,0,0.021581,1
benchmark/laut/kaluza/1468/sink.vmt,1,0.266737,20
benchmark/laut/kaluza/1500/sink.vmt,0,0.065146,1
benchmark/laut/kaluza/1753/sink.vmt,0,0.316514,16
benchmark/laut/kaluza/1029/sink.vmt,1,0.165185,18
benchmark/laut/kaluza/115/sink.vmt,1,0.064818,4
benchmark/laut/kaluza/1900/sink.vmt,0,0.033456,1
benchmark/laut/kaluza/951/sink.vmt,0,0.016147,1
benchmark/laut/kaluza/1321/sink.vmt,0,0.019055,1
benchmark/laut/kaluza/1273/sink.vmt,0,0.033340,1
benchmark/laut/kaluza/817/sink.vmt,0,0.036234,1
benchmark/laut/kaluza/518/sink.vmt,1,0.570262,24
benchmark/laut/kaluza/497/sink.vmt,1,0.520430,6
benchmark/laut/kaluza/56/sink.vmt,t,0.0,0
benchmark/laut/kaluza/163/sink.vmt,1,0.120519,0
benchmark/laut/kaluza/712/sink.vmt,0,0.032234,1
benchmark/laut/kaluza/841/sink.vmt,0,0.020122,1
benchmark/laut/kaluza/986/sink.vmt,0,0.036819,1
benchmark/laut/kaluza/259/sink.vmt,1,0.529115,6
benchmark/laut/kaluza/239/sink.vmt,1,0.518840,6
benchmark/laut/kaluza/1038/sink.vmt,0,0.017506,1
benchmark/laut/kaluza/1418/sink.vmt,1,0.271235,19
benchmark/laut/kaluza/392/sink.vmt,0,0.366305,19
benchmark/laut/kaluza/783/sink.vmt,0,0.032588,1
benchmark/laut/kaluza/665/sink.vmt,1,0.024701,1
benchmark/laut/kaluza/1736/sink.vmt,1,0.218752,19
benchmark/laut/kaluza/231/sink.vmt,1,0.016563,0
benchmark/laut/kaluza/281/sink.vmt,0,0.018302,1
benchmark/laut/kaluza/1757/sink.vmt,0,0.034426,1
benchmark/laut/kaluza/545/sink.vmt,0,0.120452,4
benchmark/laut/kaluza/1183/sink.vmt,1,0.270374,20
benchmark/laut/kaluza/1350/sink.vmt,1,0.034106,0
benchmark/laut/kaluza/1482/sink.vmt,0,0.170331,9
benchmark/laut/kaluza/836/sink.vmt,0,0.033236,1
benchmark/laut/kaluza/283/sink.vmt,0,0.034563,1
benchmark/laut/kaluza/950/sink.vmt,0,0.034167,1
benchmark/laut/kaluza/1451/sink.vmt,1,0.117435,1
benchmark/laut/kaluza/1089/sink.vmt,0,0.033206,1
benchmark/laut/kaluza/1815/sink.vmt,0,0.033200,1
benchmark/laut/kaluza/1823/sink.vmt,0,0.016818,1
benchmark/laut/kaluza/1358/sink.vmt,0,0.070803,1
benchmark/laut/kaluza/1155/sink.vmt,1,0.033659,1
benchmark/laut/kaluza/1738/sink.vmt,0,0.039674,1
benchmark/laut/kaluza/835/sink.vmt,1,0.318848,11
benchmark/laut/kaluza/117/sink.vmt,0,0.019119,1
benchmark/laut/kaluza/1573/sink.vmt,1,0.371231,11
benchmark/laut/kaluza/739/sink.vmt,0,0.023033,1
benchmark/laut/kaluza/1352/sink.vmt,0,0.067809,1
benchmark/laut/kaluza/766/sink.vmt,1,0.266853,19
benchmark/laut/kaluza/862/sink.vmt,1,0.317432,20
benchmark/laut/kaluza/1648/sink.vmt,1,0.367334,11
benchmark/laut/kaluza/640/sink.vmt,1,0.016969,0
benchmark/laut/kaluza/66/sink.vmt,0,0.034343,1
benchmark/laut/kaluza/1374/sink.vmt,1,0.039240,1
benchmark/laut/kaluza/434/sink.vmt,0,0.064620,1
benchmark/laut/kaluza/1652/sink.vmt,1,0.519095,6
benchmark/laut/kaluza/1755/sink.vmt,0,0.033689,1
benchmark/laut/kaluza/1869/sink.vmt,0,0.016550,1
benchmark/laut/kaluza/106/sink.vmt,1,0.066190,4
benchmark/laut/kaluza/371/sink.vmt,1,0.017228,0
benchmark/laut/kaluza/910/sink.vmt,1,0.318278,20
benchmark/laut/kaluza/1639/sink.vmt,1,0.267300,20
benchmark/laut/kaluza/180/sink.vmt,1,0.016989,0
benchmark/laut/kaluza/680/sink.vmt,0,0.117550,4
benchmark/laut/kaluza/882/sink.vmt,0,0.033150,1
benchmark/laut/kaluza/256/sink.vmt,1,0.036237,4
benchmark/laut/kaluza/1962/sink.vmt,0,0.128647,4
benchmark/laut/kaluza/1907/sink.vmt,0,0.066178,1
benchmark/laut/kaluza/1107/sink.vmt,0,0.032104,1
benchmark/laut/kaluza/395/sink.vmt,0,0.022945,1
benchmark/laut/kaluza/1898/sink.vmt,0,0.032956,1
benchmark/laut/kaluza/1678/sink.vmt,1,0.467299,24
benchmark/laut/kaluza/1274/sink.vmt,0,0.017249,1
benchmark/laut/kaluza/162/sink.vmt,1,0.040642,1
benchmark/laut/kaluza/27/sink.vmt,0,0.036742,1
benchmark/laut/kaluza/891/sink.vmt,0,0.016580,1
benchmark/laut/kaluza/378/sink.vmt,0,0.032874,1
benchmark/laut/kaluza/1830/sink.vmt,1,0.371315,20
benchmark/laut/kaluza/1178/sink.vmt,1,0.266821,20
benchmark/laut/kaluza/1142/sink.vmt,1,0.366108,11
benchmark/laut/kaluza/1932/sink.vmt,1,0.318538,11
benchmark/laut/kaluza/1151/sink.vmt,1,0.520340,6
benchmark/laut/kaluza/1813/sink.vmt,1,0.266952,20
benchmark/laut/kaluza/591/sink.vmt,1,0.517148,6
benchmark/laut/kaluza/1922/sink.vmt,0,0.117332,4
benchmark/laut/kaluza/1588/sink.vmt,0,0.067654,1
benchmark/laut/kaluza/1074/sink.vmt,1,0.367264,11
benchmark/laut/kaluza/1862/sink.vmt,0,0.032987,1
benchmark/laut/kaluza/274/sink.vmt,1,0.018715,0
benchmark/laut/kaluza/1816/sink.vmt,0,0.032340,1
benchmark/laut/kaluza/1931/sink.vmt,1,0.270442,20
benchmark/laut/kaluza/1480/sink.vmt,1,0.033585,1
benchmark/laut/kaluza/1909/sink.vmt,0,0.068447,1
benchmark/laut/kaluza/1940/sink.vmt,1,0.116360,11
benchmark/laut/kaluza/1841/sink.vmt,0,0.023531,1
benchmark/laut/kaluza/649/sink.vmt,0,0.172034,9
benchmark/laut/kaluza/1526/sink.vmt,0,0.065092,1
benchmark/laut/kaluza/59/sink.vmt,0,0.016190,1
benchmark/laut/kaluza/875/sink.vmt,0,0.127478,4
benchmark/laut/kaluza/1855/sink.vmt,0,0.033979,1
benchmark/laut/kaluza/1805/sink.vmt,1,0.215431,19
benchmark/laut/kaluza/165/sink.vmt,1,0.115268,4
benchmark/laut/kaluza/275/sink.vmt,1,0.518819,6
benchmark/laut/kaluza/128/sink.vmt,1,0.033181,0
benchmark/laut/kaluza/217/sink.vmt,1,0.065457,4
benchmark/laut/kaluza/1301/sink.vmt,0,0.034080,1
benchmark/laut/kaluza/830/sink.vmt,0,0.033245,1
benchmark/laut/kaluza/157/sink.vmt,1,0.517533,6
benchmark/laut/kaluza/1502/sink.vmt,0,0.033135,1
benchmark/laut/kaluza/1233/sink.vmt,1,0.034156,0
benchmark/laut/kaluza/1704/sink.vmt,0,0.035208,1
benchmark/laut/kaluza/1328/sink.vmt,0,0.315598,16
benchmark/laut/kaluza/1981/sink.vmt,1,0.170191,18
benchmark/laut/kaluza/1104/sink.vmt,1,0.032744,1
benchmark/laut/kaluza/1626/sink.vmt,0,0.119345,4
benchmark/laut/kaluza/1614/sink.vmt,1,0.066304,4
benchmark/laut/kaluza/1956/sink.vmt,1,0.065693,1
benchmark/laut/kaluza/532/sink.vmt,0,0.032660,1
benchmark/laut/kaluza/1093/sink.vmt,1,0.033253,1
benchmark/laut/kaluza/1769/sink.vmt,1,0.033289,1
benchmark/laut/kaluza/76/sink.vmt,1,0.216759,5
benchmark/laut/kaluza/269/sink.vmt,1,0.033219,2
benchmark/laut/kaluza/554/sink.vmt,1,0.122466,11
benchmark/laut/kaluza/1344/sink.vmt,0,0.120475,4
benchmark/laut/kaluza/447/sink.vmt,0,0.032718,1
benchmark/laut/kaluza/573/sink.vmt,1,0.317597,11
benchmark/laut/kaluza/398/sink.vmt,0,0.033062,1
benchmark/laut/kaluza/329/sink.vmt,1,0.040812,1
benchmark/laut/kaluza/1624/sink.vmt,0,0.017373,1
benchmark/laut/kaluza/71/sink.vmt,1,0.521423,6
benchmark/laut/kaluza/1627/sink.vmt,0,0.373598,19
benchmark/laut/kaluza/1171/sink.vmt,1,0.033624,1
benchmark/laut/kaluza/1278/sink.vmt,0,0.319070,16
benchmark/laut/kaluza/993/sink.vmt,1,0.033768,1
benchmark/laut/kaluza/668/sink.vmt,1,0.268626,19
benchmark/laut/kaluza/827/sink.vmt,1,0.033676,1
benchmark/laut/kaluza/787/sink.vmt,0,0.034185,1
benchmark/laut/kaluza/1267/sink.vmt,1,0.066353,4
benchmark/laut/kaluza/1386/sink.vmt,0,0.017313,1
benchmark/laut/kaluza/1511/sink.vmt,1,0.270497,19
benchmark/laut/kaluza/608/sink.vmt,1,0.065625,1
benchmark/laut/kaluza/69/sink.vmt,1,0.032676,0
benchmark/laut/kaluza/21/sink.vmt,1,0.181001,13
benchmark/laut/kaluza/1721/sink.vmt,1,0.320094,21
benchmark/laut/kaluza/1240/sink.vmt,0,0.018469,1
benchmark/laut/kaluza/837/sink.vmt,0,0.033309,1
benchmark/laut/kaluza/366/sink.vmt,0,0.368698,19
benchmark/laut/kaluza/1268/sink.vmt,1,0.317092,20
benchmark/laut/kaluza/1510/sink.vmt,1,0.872884,8
benchmark/laut/kaluza/1036/sink.vmt,1,0.018027,1
benchmark/laut/kaluza/313/sink.vmt,1,0.525046,6
benchmark/laut/kaluza/978/sink.vmt,0,0.033771,1
benchmark/laut/kaluza/1625/sink.vmt,0,0.033639,1
benchmark/laut/kaluza/1945/sink.vmt,0,0.016276,1
benchmark/laut/kaluza/661/sink.vmt,0,0.369609,19
benchmark/laut/kaluza/577/sink.vmt,1,0.116929,11
benchmark/laut/kaluza/364/sink.vmt,1,0.033185,1
benchmark/laut/kaluza/599/sink.vmt,0,0.016624,1
benchmark/laut/kaluza/1425/sink.vmt,0,0.037695,1
benchmark/laut/kaluza/1138/sink.vmt,1,0.032946,1
benchmark/laut/kaluza/1543/sink.vmt,1,0.220145,19
benchmark/laut/kaluza/232/sink.vmt,1,0.524921,6
benchmark/laut/kaluza/1112/sink.vmt,1,0.268330,20
benchmark/laut/kaluza/1363/sink.vmt,1,0.271410,19
benchmark/laut/kaluza/201/sink.vmt,1,0.516748,6
benchmark/laut/kaluza/36/sink.vmt,1,0.166996,9
benchmark/laut/kaluza/1750/sink.vmt,1,0.369898,11
benchmark/laut/kaluza/1293/sink.vmt,1,0.033082,1
benchmark/laut/kaluza/855/sink.vmt,1,0.037014,0
benchmark/laut/kaluza/1330/sink.vmt,0,0.217346,13
benchmark/laut/kaluza/816/sink.vmt,1,0.671733,6
benchmark/laut/kaluza/588/sink.vmt,0,0.034210,1
benchmark/laut/kaluza/20/sink.vmt,0,0.019725,1
benchmark/laut/kaluza/413/sink.vmt,1,0.215915,19
benchmark/laut/kaluza/15/sink.vmt,1,0.120240,10
benchmark/laut/kaluza/1791/sink.vmt,1,0.033376,1
benchmark/laut/kaluza/120/sink.vmt,t,0.0,0
benchmark/laut/kaluza/1390/sink.vmt,0,0.118256,1
benchmark/laut/kaluza/1495/sink.vmt,0,0.016682,1
benchmark/laut/kaluza/1871/sink.vmt,0,0.025664,1
benchmark/laut/kaluza/116/sink.vmt,t,0.0,0
benchmark/laut/kaluza/240/sink.vmt,0,0.019958,1
benchmark/laut/kaluza/261/sink.vmt,0,0.429574,1
benchmark/laut/kaluza/613/sink.vmt,0,0.033580,1
benchmark/laut/kaluza/77/sink.vmt,1,0.067442,1
benchmark/laut/kaluza/1135/sink.vmt,0,0.032995,1
benchmark/laut/kaluza/1593/sink.vmt,0,0.323654,16
benchmark/laut/kaluza/403/sink.vmt,0,0.038165,1
benchmark/laut/kaluza/1335/sink.vmt,0,0.017215,1
benchmark/laut/kaluza/456/sink.vmt,0,0.032140,1
benchmark/laut/kaluza/361/sink.vmt,1,0.033227,1
benchmark/laut/kaluza/148/sink.vmt,1,0.525183,6
benchmark/laut/kaluza/1867/sink.vmt,0,0.017995,1
benchmark/laut/kaluza/347/sink.vmt,1,0.032735,1
benchmark/laut/kaluza/546/sink.vmt,1,0.028227,0
benchmark/laut/kaluza/374/sink.vmt,1,0.023087,0
benchmark/laut/kaluza/1231/sink.vmt,0,0.036177,1
benchmark/laut/kaluza/1203/sink.vmt,0,0.119567,4
benchmark/laut/kaluza/594/sink.vmt,1,0.036755,1
benchmark/laut/kaluza/865/sink.vmt,0,0.168108,9
benchmark/laut/kaluza/1849/sink.vmt,1,0.316376,20
benchmark/laut/kaluza/921/sink.vmt,0,0.039156,1
benchmark/laut/kaluza/1021/sink.vmt,0,0.019275,1
benchmark/laut/kaluza/1005/sink.vmt,0,0.318647,16
benchmark/laut/kaluza/1361/sink.vmt,1,0.219867,19
benchmark/laut/kaluza/861/sink.vmt,1,0.034679,1
benchmark/laut/kaluza/300/sink.vmt,1,0.017922,0
benchmark/laut/kaluza/1843/sink.vmt,1,0.216344,19
benchmark/laut/kaluza/192/sink.vmt,0,0.017296,1
benchmark/laut/kaluza/1893/sink.vmt,1,0.019457,1
benchmark/laut/kaluza/627/sink.vmt,1,0.321305,21
benchmark/laut/kaluza/516/sink.vmt,1,0.569138,24
benchmark/laut/kaluza/33/sink.vmt,1,0.371061,23
benchmark/laut/kaluza/1685/sink.vmt,0,0.167135,9
benchmark/laut/kaluza/377/sink.vmt,1,0.032545,1
benchmark/laut/kaluza/535/sink.vmt,0,0.035231,1
benchmark/laut/kaluza/1436/sink.vmt,0,0.166454,9
benchmark/laut/kaluza/1327/sink.vmt,0,0.033158,1
benchmark/laut/kaluza/166/sink.vmt,1,0.527049,6
benchmark/laut/kaluza/1992/sink.vmt,0,0.033692,1
benchmark/laut/kaluza/11/sink.vmt,0,0.032840,1
benchmark/laut/kaluza/1960/sink.vmt,0,0.023533,1
benchmark/laut/kaluza/1032/sink.vmt,0,0.169212,9
benchmark/laut/kaluza/626/sink.vmt,1,0.315791,20
benchmark/laut/kaluza/1111/sink.vmt,1,0.271649,20
benchmark/laut/kaluza/438/sink.vmt,0,0.369627,19
benchmark/laut/kaluza/391/sink.vmt,0,0.033071,1
benchmark/laut/kaluza/1161/sink.vmt,0,0.033702,1
benchmark/laut/kaluza/1387/sink.vmt,1,0.317660,20
benchmark/laut/kaluza/1378/sink.vmt,t,0.0,0
benchmark/laut/kaluza/1311/sink.vmt,1,0.320801,20
benchmark/laut/kaluza/52/sink.vmt,1,0.034637,4
benchmark/laut/kaluza/481/sink.vmt,0,0.035737,1
benchmark/laut/kaluza/1275/sink.vmt,0,0.368756,4
benchmark/laut/kaluza/1854/sink.vmt,0,0.033028,1
benchmark/laut/kaluza/1068/sink.vmt,1,0.117033,11
benchmark/laut/kaluza/46/sink.vmt,0,0.016717,1
benchmark/laut/kaluza/538/sink.vmt,1,0.317850,21
benchmark/laut/kaluza/83/sink.vmt,1,0.065752,1
benchmark/laut/kaluza/431/sink.vmt,1,0.065218,1
benchmark/laut/kaluza/1669/sink.vmt,1,0.318057,20
benchmark/laut/kaluza/664/sink.vmt,0,0.021243,1
benchmark/laut/kaluza/221/sink.vmt,0,0.034549,1
benchmark/laut/kaluza/10/sink.vmt,1,0.033169,1
benchmark/laut/kaluza/732/sink.vmt,0,0.017644,1
benchmark/laut/kaluza/1280/sink.vmt,0,0.035258,1
benchmark/laut/kaluza/389/sink.vmt,0,0.123096,8
benchmark/laut/kaluza/999/sink.vmt,0,0.035632,1
benchmark/laut/kaluza/936/sink.vmt,0,0.035884,1
benchmark/laut/kaluza/1575/sink.vmt,0,0.033983,1
benchmark/laut/kaluza/1201/sink.vmt,1,0.266680,20
benchmark/laut/kaluza/145/sink.vmt,1,0.065250,3
benchmark/laut/kaluza/1191/sink.vmt,0,0.032617,1
benchmark/laut/kaluza/1175/sink.vmt,1,0.316734,21
benchmark/laut/kaluza/1152/sink.vmt,0,0.017674,1
benchmark/laut/kaluza/1348/sink.vmt,0,0.171707,9
benchmark/laut/kaluza/802/sink.vmt,1,0.032094,1
benchmark/laut/kaluza/1638/sink.vmt,0,0.020811,1
benchmark/laut/kaluza/654/sink.vmt,1,0.038278,4
benchmark/laut/kaluza/1052/sink.vmt,1,0.267719,19
benchmark/laut/kaluza/1720/sink.vmt,1,0.265809,20
benchmark/laut/kaluza/142/sink.vmt,0,0.016661,1
benchmark/laut/kaluza/601/sink.vmt,0,0.019082,1
benchmark/laut/kaluza/336/sink.vmt,1,0.032700,0
benchmark/laut/kaluza/1512/sink.vmt,0,0.034712,1
benchmark/laut/kaluza/550/sink.vmt,0,0.215248,13
benchmark/laut/kaluza/894/sink.vmt,0,0.116094,4
benchmark/laut/kaluza/1432/sink.vmt,1,0.033665,1
benchmark/laut/kaluza/302/sink.vmt,1,0.018805,0
benchmark/laut/kaluza/1282/sink.vmt,0,0.034794,1
benchmark/laut/kaluza/1710/sink.vmt,0,0.318030,16
benchmark/laut/kaluza/1086/sink.vmt,0,0.032139,1
benchmark/laut/kaluza/65/sink.vmt,t,0.0,0
benchmark/laut/kaluza/1887/sink.vmt,0,0.022682,1
benchmark/laut/kaluza/813/sink.vmt,1,0.467367,6
benchmark/laut/kaluza/1649/sink.vmt,0,0.033040,1
benchmark/laut/kaluza/1024/sink.vmt,0,0.034857,1
benchmark/laut/kaluza/1870/sink.vmt,1,0.272897,20
benchmark/laut/kaluza/134/sink.vmt,0,0.371006,1
benchmark/laut/kaluza/805/sink.vmt,1,0.034083,1
benchmark/laut/kaluza/1329/sink.vmt,0,0.120571,4
benchmark/laut/kaluza/1963/sink.vmt,0,0.317485,16
benchmark/laut/kaluza/1542/sink.vmt,0,0.069784,1
benchmark/laut/kaluza/846/sink.vmt,0,0.069288,1
benchmark/laut/kaluza/1567/sink.vmt,0,0.019179,1
benchmark/laut/kaluza/1709/sink.vmt,0,0.021760,1
benchmark/laut/kaluza/533/sink.vmt,0,0.033688,1
benchmark/laut/kaluza/1069/sink.vmt,1,0.323231,11
benchmark/laut/kaluza/1751/sink.vmt,1,0.319461,20
benchmark/laut/kaluza/311/sink.vmt,1,0.017978,1
benchmark/laut/kaluza/979/sink.vmt,0,0.022287,1
benchmark/laut/kaluza/466/sink.vmt,0,0.166221,9
benchmark/laut/kaluza/1262/sink.vmt,0,0.068034,1
benchmark/laut/kaluza/714/sink.vmt,0,0.017963,1
benchmark/laut/kaluza/1256/sink.vmt,1,0.472595,6
benchmark/laut/kaluza/168/sink.vmt,0,0.034033,1
benchmark/laut/kaluza/913/sink.vmt,1,0.034579,1
benchmark/laut/kaluza/1058/sink.vmt,1,0.238430,19
benchmark/laut/kaluza/820/sink.vmt,1,0.038591,0
benchmark/laut/kaluza/1062/sink.vmt,1,0.216998,19
benchmark/laut/kaluza/1819/sink.vmt,1,0.017771,0
benchmark/laut/kaluza/1117/sink.vmt,0,0.033726,1
benchmark/laut/kaluza/1244/sink.vmt,0,0.021094,1
benchmark/laut/kaluza/1109/sink.vmt,1,0.028341,0
benchmark/laut/kaluza/1853/sink.vmt,1,0.220896,19
benchmark/laut/kaluza/672/sink.vmt,0,0.025826,1
benchmark/laut/kaluza/522/sink.vmt,1,0.066000,1
benchmark/laut/kaluza/1030/sink.vmt,1,0.218535,19
benchmark/laut/kaluza/924/sink.vmt,0,0.043112,1
benchmark/laut/kaluza/1137/sink.vmt,0,0.033726,1
benchmark/laut/kaluza/1641/sink.vmt,0,0.065560,1
benchmark/laut/kaluza/1568/sink.vmt,0,0.018644,1
benchmark/laut/kaluza/153/sink.vmt,1,0.517657,6
benchmark/laut/kaluza/285/sink.vmt,0,0.034922,1
benchmark/laut/kaluza/631/sink.vmt,1,0.217213,19
benchmark/laut/kaluza/62/sink.vmt,0,0.034846,1
benchmark/laut/kaluza/1079/sink.vmt,0,0.043381,1
benchmark/laut/kaluza/1185/sink.vmt,0,0.219821,13
benchmark/laut/kaluza/689/sink.vmt,1,0.316039,20
benchmark/laut/kaluza/1228/sink.vmt,1,0.034366,1
benchmark/laut/kaluza/1199/sink.vmt,1,0.316088,11
benchmark/laut/kaluza/1847/sink.vmt,1,0.268751,19
benchmark/laut/kaluza/1895/sink.vmt,0,0.016546,1
benchmark/laut/kaluza/1237/sink.vmt,0,0.379668,19
benchmark/laut/kaluza/461/sink.vmt,0,0.039992,1
benchmark/laut/kaluza/1829/sink.vmt,1,0.321306,20
benchmark/laut/kaluza/1147/sink.vmt,0,0.116307,4
benchmark/laut/kaluza/1438/sink.vmt,0,0.034315,1
benchmark/laut/kaluza/1651/sink.vmt,0,0.034783,1
benchmark/laut/kaluza/717/sink.vmt,0,0.035961,1
benchmark/laut/kaluza/109/sink.vmt,1,0.016747,0
benchmark/laut/kaluza/1304/sink.vmt,0,0.116749,4
benchmark/laut/kaluza/646/sink.vmt,0,0.183610,9
benchmark/laut/kaluza/176/sink.vmt,1,0.729607,45
benchmark/laut/kaluza/1398/sink.vmt,0,1.085797,1
benchmark/laut/kaluza/126/sink.vmt,1,1.636207,54
benchmark/laut/kaluza/379/sink.vmt,1,0.116232,1
benchmark/laut/kaluza/1674/sink.vmt,1,0.319169,19
benchmark/laut/kaluza/1004/sink.vmt,1,0.423794,11
benchmark/laut/kaluza/505/sink.vmt,1,0.173422,1
benchmark/laut/kaluza/1959/sink.vmt,0,0.034463,1
benchmark/laut/kaluza/452/sink.vmt,1,0.033938,1
benchmark/laut/kaluza/949/sink.vmt,0,0.017060,1
benchmark/laut/kaluza/1105/sink.vmt,1,0.218336,19
benchmark/laut/kaluza/498/sink.vmt,1,0.368856,11
benchmark/laut/kaluza/734/sink.vmt,1,0.315244,21
benchmark/laut/kaluza/1281/sink.vmt,1,0.033443,1
benchmark/laut/kaluza/1477/sink.vmt,0,0.065087,1
benchmark/laut/kaluza/1549/sink.vmt,0,0.033502,1
benchmark/laut/kaluza/1031/sink.vmt,0,0.033605,1
benchmark/laut/kaluza/1310/sink.vmt,1,0.316440,11
benchmark/laut/kaluza/1166/sink.vmt,0,0.034066,1
benchmark/laut/kaluza/1781/sink.vmt,1,0.033476,1
benchmark/laut/kaluza/1372/sink.vmt,0,0.034305,1
benchmark/laut/kaluza/1603/sink.vmt,0,0.316739,16
benchmark/laut/kaluza/1572/sink.vmt,1,0.034359,1
benchmark/laut/kaluza/98/sink.vmt,1,0.822889,8
benchmark/laut/kaluza/197/sink.vmt,1,0.033671,1
benchmark/laut/kaluza/517/sink.vmt,0,0.032984,1
benchmark/laut/kaluza/1226/sink.vmt,0,0.119459,4
benchmark/laut/kaluza/1230/sink.vmt,0,0.033078,1
benchmark/laut/kaluza/1435/sink.vmt,1,0.036740,1
benchmark/laut/kaluza/328/sink.vmt,1,0.066718,0
benchmark/laut/kaluza/1713/sink.vmt,1,0.267091,20
benchmark/laut/kaluza/1634/sink.vmt,0,0.038998,1
benchmark/laut/kaluza/299/sink.vmt,1,0.027381,1
benchmark/laut/kaluza/559/sink.vmt,0,0.065188,1
benchmark/laut/kaluza/322/sink.vmt,0,0.020367,1
benchmark/laut/kaluza/478/sink.vmt,1,0.027741,1
benchmark/laut/kaluza/1444/sink.vmt,1,0.269876,20
benchmark/laut/kaluza/107/sink.vmt,1,0.016908,1
benchmark/laut/kaluza/1474/sink.vmt,0,0.033247,1
benchmark/laut/kaluza/1722/sink.vmt,0,0.034171,1
benchmark/laut/kaluza/896/sink.vmt,1,0.022827,1
benchmark/laut/kaluza/1632/sink.vmt,0,0.017003,1
benchmark/laut/kaluza/1507/sink.vmt,1,0.368752,11
benchmark/laut/kaluza/1838/sink.vmt,0,0.033289,1
benchmark/laut/kaluza/1619/sink.vmt,1,0.366933,11
benchmark/laut/kaluza/1629/sink.vmt,0,0.315775,16
benchmark/laut/kaluza/1761/sink.vmt,1,0.270685,20
benchmark/laut/kaluza/1442/sink.vmt,0,0.067889,1
benchmark/laut/kaluza/1820/sink.vmt,0,0.032902,1
benchmark/laut/kaluza/207/sink.vmt,1,0.033516,0
benchmark/laut/kaluza/958/sink.vmt,1,0.316207,20
benchmark/laut/kaluza/1373/sink.vmt,1,0.034341,1
benchmark/laut/kaluza/457/sink.vmt,1,0.319740,20
benchmark/laut/kaluza/227/sink.vmt,1,0.070645,4
benchmark/laut/kaluza/1053/sink.vmt,0,0.019991,1
benchmark/laut/kaluza/1581/sink.vmt,0,0.019537,1
benchmark/laut/kaluza/1467/sink.vmt,0,0.068142,1
benchmark/laut/kaluza/1169/sink.vmt,1,0.116700,14
benchmark/laut/kaluza/701/sink.vmt,1,0.369399,11
benchmark/laut/kaluza/998/sink.vmt,1,0.034446,0
benchmark/laut/kaluza/394/sink.vmt,0,0.367790,19
benchmark/laut/kaluza/973/sink.vmt,0,0.033044,1
benchmark/laut/kaluza/898/sink.vmt,1,0.116281,11
benchmark/laut/kaluza/659/sink.vmt,0,0.033728,1
benchmark/laut/kaluza/1283/sink.vmt,1,0.065261,4
benchmark/laut/kaluza/422/sink.vmt,1,0.267207,19
benchmark/laut/kaluza/1094/sink.vmt,1,0.369594,11
benchmark/laut/kaluza/445/sink.vmt,1,0.567699,24
benchmark/laut/kaluza/1431/sink.vmt,0,0.119908,4
benchmark/laut/kaluza/1343/sink.vmt,0,0.037022,1
benchmark/laut/kaluza/430/sink.vmt,0,0.016892,1
benchmark/laut/kaluza/693/sink.vmt,0,0.033464,1
benchmark/laut/kaluza/333/sink.vmt,1,0.033673,1
benchmark/laut/kaluza/1414/sink.vmt,0,0.032666,1
benchmark/laut/kaluza/1285/sink.vmt,1,0.070757,1
benchmark/laut/kaluza/888/sink.vmt,1,0.671513,6
benchmark/laut/kaluza/688/sink.vmt,1,0.269699,20
benchmark/laut/kaluza/879/sink.vmt,1,0.032770,1
benchmark/laut/kaluza/486/sink.vmt,1,0.267744,19
benchmark/laut/kaluza/710/sink.vmt,0,0.376747,1
benchmark/laut/kaluza/1530/sink.vmt,1,0.679277,1
benchmark/laut/kaluza/1148/sink.vmt,0,0.322830,13
benchmark/laut/kaluza/1711/sink.vmt,0,0.017165,1
benchmark/laut/kaluza/954/sink.vmt,0,0.321260,13
benchmark/laut/kaluza/892/sink.vmt,0,0.678390,1
benchmark/laut/kaluza/901/sink.vmt,0,0.035174,1
benchmark/laut/kaluza/1133/sink.vmt,1,1.145715,1
benchmark/laut/kaluza/754/sink.vmt,0,1.189871,1
benchmark/laut/kaluza/1212/sink.vmt,1,0.166431,1
benchmark/laut/kaluza/224/sink.vmt,1,0.166771,4
benchmark/laut/kaluza/1901/sink.vmt,1,0.267903,19
benchmark/laut/kaluza/1207/sink.vmt,1,0.268807,20
benchmark/laut/kaluza/1952/sink.vmt,0,0.116911,1
benchmark/laut/kaluza/905/sink.vmt,0,0.066330,1
benchmark/laut/kaluza/1523/sink.vmt,1,0.065243,1
benchmark/laut/kaluza/337/sink.vmt,0,0.420241,19
benchmark/laut/kaluza/860/sink.vmt,1,0.220468,1
benchmark/laut/kaluza/539/sink.vmt,1,0.824833,6
benchmark/laut/kaluza/1218/sink.vmt,1,0.035448,1
benchmark/laut/kaluza/1392/sink.vmt,1,0.220200,20
benchmark/laut/kaluza/417/sink.vmt,1,0.217405,16
benchmark/laut/kaluza/424/sink.vmt,0,0.034049,1
benchmark/laut/kaluza/915/sink.vmt,0,0.016932,1
benchmark/laut/kaluza/1324/sink.vmt,1,0.219036,19
benchmark/laut/kaluza/286/sink.vmt,0,0.035482,1
benchmark/laut/kaluza/635/sink.vmt,0,0.069999,1
benchmark/laut/kaluza/268/sink.vmt,1,0.469461,6
benchmark/laut/kaluza/1254/sink.vmt,1,0.216502,19
benchmark/laut/kaluza/1585/sink.vmt,1,0.217509,19
benchmark/laut/kaluza/662/sink.vmt,1,0.271249,20
benchmark/laut/kaluza/1025/sink.vmt,1,0.267224,19
benchmark/laut/kaluza/983/sink.vmt,0,0.035935,1
benchmark/laut/kaluza/175/sink.vmt,0,0.016447,1
benchmark/laut/kaluza/353/sink.vmt,1,0.270306,20
benchmark/laut/kaluza/1509/sink.vmt,0,0.016352,1
benchmark/laut/kaluza/1550/sink.vmt,1,0.321132,11
benchmark/laut/kaluza/1740/sink.vmt,1,0.033088,1
benchmark/laut/kaluza/1574/sink.vmt,1,0.116275,11
benchmark/laut/kaluza/1182/sink.vmt,0,0.018614,1
benchmark/laut/kaluza/1407/sink.vmt,1,0.220903,19
benchmark/laut/kaluza/1983/sink.vmt,0,0.017243,1
benchmark/laut/kaluza/1498/sink.vmt,0,0.067121,1
benchmark/laut/kaluza/352/sink.vmt,0,0.319414,16
benchmark/laut/kaluza/1644/sink.vmt,0,0.017362,1
benchmark/laut/kaluza/17/sink.vmt,1,0.066465,1
benchmark/laut/kaluza/22/sink.vmt,1,0.017300,1
benchmark/laut/kaluza/1597/sink.vmt,0,0.040465,1
benchmark/laut/kaluza/1727/sink.vmt,1,0.316847,20
benchmark/laut/kaluza/775/sink.vmt,1,0.320224,20
benchmark/laut/kaluza/99/sink.vmt,1,0.068943,1
benchmark/laut/kaluza/1991/sink.vmt,0,0.033671,1
benchmark/laut/kaluza/1878/sink.vmt,0,0.018005,1
benchmark/laut/kaluza/726/sink.vmt,1,0.272429,19
benchmark/laut/kaluza/1106/sink.vmt,1,0.270392,20
benchmark/laut/kaluza/1951/sink.vmt,1,0.322152,11
benchmark/laut/kaluza/25/sink.vmt,1,0.067362,10
benchmark/laut/kaluza/1434/sink.vmt,1,0.224322,19
benchmark/laut/kaluza/75/sink.vmt,1,0.474494,6
benchmark/laut/kaluza/1252/sink.vmt,0,0.017714,1
benchmark/laut/kaluza/1332/sink.vmt,1,0.269420,20
benchmark/laut/kaluza/1219/sink.vmt,1,0.218531,20
benchmark/laut/kaluza/1822/sink.vmt,1,0.219024,19
benchmark/laut/kaluza/1654/sink.vmt,1,0.072612,1
benchmark/laut/kaluza/1466/sink.vmt,1,0.217740,19
benchmark/laut/kaluza/639/sink.vmt,1,0.220565,19
benchmark/laut/kaluza/1172/sink.vmt,0,0.034304,1
benchmark/laut/kaluza/1788/sink.vmt,0,0.036729,1
benchmark/laut/kaluza/1916/sink.vmt,1,0.033067,1
benchmark/laut/kaluza/41/sink.vmt,0,0.035804,1
benchmark/laut/kaluza/243/sink.vmt,1,0.033234,0
benchmark/laut/kaluza/604/sink.vmt,0,0.039160,1
benchmark/laut/kaluza/1081/sink.vmt,0,0.218191,13
benchmark/laut/kaluza/715/sink.vmt,0,0.169408,9
benchmark/laut/kaluza/784/sink.vmt,0,0.017392,1
benchmark/laut/kaluza/1719/sink.vmt,0,0.018542,1
benchmark/laut/kaluza/1666/sink.vmt,1,0.033778,1
benchmark/laut/kaluza/1047/sink.vmt,0,0.017748,1
benchmark/laut/kaluza/1415/sink.vmt,0,0.018710,1
benchmark/laut/kaluza/1780/sink.vmt,1,0.034737,1
benchmark/laut/kaluza/428/sink.vmt,0,0.285755,16
benchmark/laut/kaluza/1066/sink.vmt,0,0.015747,1
benchmark/laut/kaluza/1768/sink.vmt,0,0.065996,1
benchmark/laut/kaluza/736/sink.vmt,1,0.224263,19
benchmark/laut/kaluza/1269/sink.vmt,0,0.035455,1
benchmark/laut/kaluza/421/sink.vmt,0,0.017110,1
benchmark/laut/kaluza/1555/sink.vmt,1,0.034788,1
benchmark/laut/kaluza/1433/sink.vmt,0,0.034875,1
benchmark/laut/kaluza/1877/sink.vmt,1,0.034173,1
benchmark/laut/kaluza/397/sink.vmt,0,0.034352,1
benchmark/laut/kaluza/725/sink.vmt,1,0.034506,1
benchmark/laut/kaluza/524/sink.vmt,0,0.067830,1
benchmark/laut/kaluza/73/sink.vmt,1,0.034055,4
benchmark/laut/kaluza/1092/sink.vmt,0,0.035390,1
benchmark/laut/kaluza/100/sink.vmt,1,0.018241,0
benchmark/laut/kaluza/96/sink.vmt,0,0.016510,1
benchmark/laut/kaluza/141/sink.vmt,1,0.066024,4
benchmark/laut/kaluza/890/sink.vmt,0,0.017257,1
benchmark/laut/kaluza/1881/sink.vmt,0,0.121307,4
benchmark/laut/kaluza/324/sink.vmt,1,0.024683,0
benchmark/laut/kaluza/834/sink.vmt,0,0.036458,1
benchmark/laut/kaluza/595/sink.vmt,0,0.169706,9
benchmark/laut/kaluza/317/sink.vmt,1,0.069060,4
benchmark/laut/kaluza/1529/sink.vmt,0,0.017041,1
benchmark/laut/kaluza/1944/sink.vmt,1,0.268431,19
benchmark/laut/kaluza/652/sink.vmt,0,0.016299,1
benchmark/laut/kaluza/1292/sink.vmt,1,0.322611,11
benchmark/laut/kaluza/1501/sink.vmt,0,0.035116,1
benchmark/laut/kaluza/557/sink.vmt,0,0.117998,4
benchmark/laut/kaluza/893/sink.vmt,0,0.167450,9
benchmark/laut/kaluza/570/sink.vmt,0,0.033097,1
benchmark/laut/kaluza/1206/sink.vmt,0,0.018028,1
benchmark/laut/kaluza/1290/sink.vmt,0,0.120381,4
benchmark/laut/kaluza/130/sink.vmt,1,0.067113,4
benchmark/laut/kaluza/1659/sink.vmt,1,0.267160,21
benchmark/laut/kaluza/210/sink.vmt,1,0.017812,0
benchmark/laut/kaluza/1706/sink.vmt,1,0.270505,20
benchmark/laut/kaluza/1379/sink.vmt,1,0.321093,11
benchmark/laut/kaluza/1009/sink.vmt,1,0.033577,1
benchmark/laut/kaluza/1235/sink.vmt,1,0.322129,11
benchmark/laut/kaluza/1317/sink.vmt,1,0.033117,1
benchmark/laut/kaluza/443/sink.vmt,1,0.033043,1
benchmark/laut/kaluza/1949/sink.vmt,0,0.067949,1
benchmark/laut/kaluza/1656/sink.vmt,0,0.067994,1
benchmark/laut/kaluza/992/sink.vmt,1,0.035817,1
benchmark/laut/kaluza/932/sink.vmt,0,0.016903,1
benchmark/laut/kaluza/1246/sink.vmt,1,0.318315,11
benchmark/laut/kaluza/1615/sink.vmt,0,0.067743,1
benchmark/laut/kaluza/385/sink.vmt,0,0.018306,1
benchmark/laut/kaluza/1440/sink.vmt,0,0.117948,4
benchmark/laut/kaluza/1812/sink.vmt,1,0.219347,19
benchmark/laut/kaluza/1730/sink.vmt,1,0.119166,11
benchmark/laut/kaluza/840/sink.vmt,1,0.038254,1
benchmark/laut/kaluza/367/sink.vmt,0,0.017444,1
benchmark/laut/kaluza/35/sink.vmt,1,0.167213,14
benchmark/laut/kaluza/1635/sink.vmt,1,0.217314,19
benchmark/laut/kaluza/1257/sink.vmt,1,0.033680,1
benchmark/laut/kaluza/31/sink.vmt,1,0.016320,1
benchmark/laut/kaluza/437/sink.vmt,1,0.218643,19
benchmark/laut/kaluza/48/sink.vmt,1,0.033989,4
benchmark/laut/kaluza/1385/sink.vmt,0,0.317978,16
benchmark/laut/kaluza/1826/sink.vmt,1,0.035798,1
benchmark/laut/kaluza/991/sink.vmt,1,0.217906,19
benchmark/laut/kaluza/1337/sink.vmt,0,0.021357,1
benchmark/laut/kaluza/1954/sink.vmt,1,0.219154,19
benchmark/laut/kaluza/1697/sink.vmt,0,0.037187,1
benchmark/laut/kaluza/229/sink.vmt,0,0.035249,1
benchmark/laut/kaluza/1515/sink.vmt,0,0.017981,1
benchmark/laut/kaluza/272/sink.vmt,1,0.033761,4
benchmark/laut/kaluza/704/sink.vmt,0,0.018032,1
benchmark/laut/kaluza/241/sink.vmt,1,0.019688,0
benchmark/laut/kaluza/1336/sink.vmt,0,0.017121,1
benchmark/laut/kaluza/1525/sink.vmt,0,0.018733,1
benchmark/laut/kaluza/423/sink.vmt,0,0.036502,1
benchmark/laut/kaluza/1994/sink.vmt,1,0.322237,20
benchmark/laut/kaluza/819/sink.vmt,1,0.525221,6
benchmark/laut/kaluza/346/sink.vmt,0,0.176248,9
benchmark/laut/kaluza/789/sink.vmt,0,0.033627,1
benchmark/laut/kaluza/1459/sink.vmt,0,0.017270,1
benchmark/laut/kaluza/801/sink.vmt,1,0.316518,11
benchmark/laut/kaluza/1532/sink.vmt,1,0.069338,1
benchmark/laut/kaluza/895/sink.vmt,1,0.068574,9
benchmark/laut/kaluza/111/sink.vmt,1,0.018463,0
benchmark/laut/kaluza/997/sink.vmt,1,0.323954,21
benchmark/laut/kaluza/1717/sink.vmt,1,0.033603,1
benchmark/laut/kaluza/731/sink.vmt,t,0.0,0
benchmark/laut/kaluza/1783/sink.vmt,1,0.319017,11
benchmark/laut/kaluza/74/sink.vmt,t,0.0,0
benchmark/laut/kaluza/1873/sink.vmt,0,0.019236,1
benchmark/laut/kaluza/234/sink.vmt,1,6.693415,59
benchmark/laut/kaluza/1197/sink.vmt,1,0.020485,0
benchmark/laut/kaluza/161/sink.vmt,1,0.016383,0
benchmark/laut/kaluza/1561/sink.vmt,1,0.321479,19
benchmark/laut/kaluza/1087/sink.vmt,1,0.319121,11
benchmark/laut/kaluza/799/sink.vmt,1,0.318752,11
benchmark/laut/kaluza/279/sink.vmt,1,0.068865,4
benchmark/laut/kaluza/990/sink.vmt,0,0.016764,1
benchmark/laut/kaluza/249/sink.vmt,0,0.066083,1
benchmark/laut/kaluza/215/sink.vmt,1,0.066567,4
benchmark/laut/kaluza/743/sink.vmt,0,0.121992,4
benchmark/laut/kaluza/677/sink.vmt,1,0.068879,1
benchmark/laut/kaluza/469/sink.vmt,1,0.066346,4
benchmark/laut/kaluza/459/sink.vmt,0,0.033396,1
benchmark/laut/kaluza/225/sink.vmt,0,0.270465,1
benchmark/laut/kaluza/686/sink.vmt,1,0.270781,19
benchmark/laut/kaluza/597/sink.vmt,0,0.033457,1
benchmark/laut/kaluza/1265/sink.vmt,0,0.018351,1
benchmark/laut/kaluza/97/sink.vmt,0,0.370004,1
benchmark/laut/kaluza/23/sink.vmt,1,0.066347,4
benchmark/laut/kaluza/1891/sink.vmt,0,0.033677,1
benchmark/laut/kaluza/696/sink.vmt,1,0.219717,19
benchmark/laut/kaluza/384/sink.vmt,0,0.017579,1
benchmark/laut/kaluza/292/sink.vmt,0,0.018057,1
benchmark/laut/kaluza/355/sink.vmt,1,0.065789,10
benchmark/laut/kaluza/1852/sink.vmt,0,0.017579,1
benchmark/laut/kaluza/1150/sink.vmt,1,0.322247,20
benchmark/laut/kaluza/1288/sink.vmt,1,0.036225,1
benchmark/laut/kaluza/1294/sink.vmt,1,0.034507,1
benchmark/laut/kaluza/617/sink.vmt,0,0.018337,1
benchmark/laut/kaluza/357/sink.vmt,0,0.117357,8
benchmark/laut/kaluza/190/sink.vmt,0,0.016404,1
benchmark/laut/kaluza/47/sink.vmt,0,0.017993,1
benchmark/laut/kaluza/387/sink.vmt,0,0.372369,19
benchmark/laut/kaluza/1043/sink.vmt,1,0.067899,1
benchmark/laut/kaluza/842/sink.vmt,1,0.320750,11
benchmark/laut/kaluza/502/sink.vmt,0,0.118653,4
benchmark/laut/kaluza/1388/sink.vmt,0,0.067020,1
benchmark/laut/kaluza/258/sink.vmt,1,0.523424,6
benchmark/laut/kaluza/1253/sink.vmt,0,0.034730,1
benchmark/laut/kaluza/656/sink.vmt,0,0.216546,13
benchmark/laut/kaluza/1831/sink.vmt,1,0.219771,19
benchmark/laut/kaluza/937/sink.vmt,0,0.116078,1
benchmark/laut/kaluza/289/sink.vmt,1,0.068491,4
benchmark/laut/kaluza/1671/sink.vmt,0,0.065636,1
benchmark/laut/kaluza/1016/sink.vmt,0,0.035546,1
benchmark/laut/kaluza/1885/sink.vmt,1,0.020744,1
benchmark/laut/kaluza/1506/sink.vmt,1,0.018667,0
benchmark/laut/kaluza/1250/sink.vmt,1,0.220472,19
benchmark/laut/kaluza/844/sink.vmt,0,0.039714,1
benchmark/laut/kaluza/1503/sink.vmt,1,0.035098,1
benchmark/laut/kaluza/1213/sink.vmt,1,0.274630,20
benchmark/laut/kaluza/1102/sink.vmt,1,0.116253,11
benchmark/laut/kaluza/509/sink.vmt,1,0.225376,19
benchmark/laut/kaluza/1368/sink.vmt,0,0.034832,1
benchmark/laut/kaluza/441/sink.vmt,0,0.017128,1
benchmark/laut/kaluza/877/sink.vmt,1,0.269339,19
benchmark/laut/kaluza/977/sink.vmt,0,0.017572,1
benchmark/laut/kaluza/695/sink.vmt,1,0.035561,1
benchmark/laut/kaluza/699/sink.vmt,0,0.020038,1
benchmark/laut/kaluza/1776/sink.vmt,0,0.016542,1
benchmark/laut/kaluza/666/sink.vmt,1,0.035462,1
benchmark/laut/kaluza/648/sink.vmt,1,0.322550,20
benchmark/laut/kaluza/1775/sink.vmt,0,0.117711,4
benchmark/laut/kaluza/1541/sink.vmt,1,0.121101,4
benchmark/laut/kaluza/566/sink.vmt,0,0.070929,1
benchmark/laut/kaluza/1470/sink.vmt,1,0.017346,0
benchmark/laut/kaluza/943/sink.vmt,0,0.017138,1
benchmark/laut/kaluza/1866/sink.vmt,0,0.217730,13
benchmark/laut/kaluza/1393/sink.vmt,0,0.033470,1
benchmark/laut/kaluza/769/sink.vmt,1,0.033828,1
benchmark/laut/kaluza/1865/sink.vmt,0,0.065790,1
benchmark/laut/kaluza/1964/sink.vmt,1,0.033326,1
benchmark/laut/kaluza/310/sink.vmt,1,0.034617,4
benchmark/laut/kaluza/1493/sink.vmt,0,0.065186,1
benchmark/laut/kaluza/181/sink.vmt,1,0.170476,6
benchmark/laut/kaluza/172/sink.vmt,1,0.032522,0
benchmark/laut/kaluza/412/sink.vmt,1,0.167536,18
benchmark/laut/kaluza/1658/sink.vmt,1,0.272800,20
benchmark/laut/kaluza/368/sink.vmt,1,0.115646,10
benchmark/laut/kaluza/558/sink.vmt,0,0.032808,1
benchmark/laut/kaluza/786/sink.vmt,1,0.370244,11
benchmark/laut/kaluza/146/sink.vmt,1,0.067558,4
benchmark/laut/kaluza/1429/sink.vmt,0,0.369638,19
benchmark/laut/kaluza/1023/sink.vmt,0,0.038178,1
benchmark/laut/kaluza/1827/sink.vmt,0,0.034837,1
benchmark/laut/kaluza/1571/sink.vmt,1,0.218922,19
benchmark/laut/kaluza/1598/sink.vmt,0,0.119265,4
benchmark/laut/kaluza/934/sink.vmt,0,0.018963,1
benchmark/laut/kaluza/690/sink.vmt,1,0.037785,4
benchmark/laut/kaluza/475/sink.vmt,0,0.017029,1
benchmark/laut/kaluza/1712/sink.vmt,0,0.018585,1
benchmark/laut/kaluza/307/sink.vmt,1,0.069484,4
benchmark/laut/kaluza/436/sink.vmt,1,0.270892,21
benchmark/laut/kaluza/1492/sink.vmt,1,0.271628,20
benchmark/laut/kaluza/1773/sink.vmt,0,0.065575,1
benchmark/laut/kaluza/687/sink.vmt,1,0.319155,11
benchmark/laut/kaluza/1196/sink.vmt,0,0.018049,1
benchmark/laut/kaluza/748/sink.vmt,1,0.171136,18
benchmark/laut/kaluza/1481/sink.vmt,1,0.272314,21
benchmark/laut/kaluza/1003/sink.vmt,0,0.035142,1
benchmark/laut/kaluza/1661/sink.vmt,1,0.039790,1
benchmark/laut/kaluza/727/sink.vmt,0,0.036106,1
benchmark/laut/kaluza/51/sink.vmt,0,0.017680,1
benchmark/laut/kaluza/1888/sink.vmt,1,0.218159,19
benchmark/laut/kaluza/904/sink.vmt,1,0.067663,1
benchmark/laut/kaluza/1299/sink.vmt,1,0.220425,5
benchmark/laut/kaluza/1075/sink.vmt,0,0.018815,1
benchmark/laut/kaluza/301/sink.vmt,0,0.034284,1
benchmark/laut/kaluza/465/sink.vmt,1,0.033292,1
benchmark/laut/kaluza/825/sink.vmt,0,0.033700,1
benchmark/laut/kaluza/624/sink.vmt,0,0.017816,1
benchmark/laut/kaluza/1045/sink.vmt,0,0.017687,1
benchmark/laut/kaluza/808/sink.vmt,0,0.033657,1
benchmark/laut/kaluza/1128/sink.vmt,0,0.016802,1
benchmark/laut/kaluza/185/sink.vmt,0,0.019603,1
benchmark/laut/kaluza/1558/sink.vmt,1,0.320624,11
benchmark/laut/kaluza/740/sink.vmt,0,0.070589,1
benchmark/laut/kaluza/587/sink.vmt,1,0.069268,4
benchmark/laut/kaluza/156/sink.vmt,1,0.469286,6
benchmark/laut/kaluza/1968/sink.vmt,0,0.032972,1
benchmark/laut/kaluza/1115/sink.vmt,0,0.067343,1
benchmark/laut/kaluza/1305/sink.vmt,0,0.033893,1
benchmark/laut/kaluza/771/sink.vmt,1,0.032974,1
benchmark/laut/kaluza/1737/sink.vmt,0,0.018322,1
benchmark/laut/kaluza/1908/sink.vmt,1,0.017586,0
benchmark/laut/kaluza/953/sink.vmt,0,0.117827,4
benchmark/laut/kaluza/323/sink.vmt,1,0.170020,5
benchmark/laut/kaluza/1041/sink.vmt,1,0.317208,20
benchmark/laut/kaluza/93/sink.vmt,1,0.035242,4
benchmark/laut/kaluza/1758/sink.vmt,1,0.032980,1
benchmark/laut/kaluza/1925/sink.vmt,0,0.017226,1
benchmark/laut/kaluza/831/sink.vmt,1,0.017334,0
benchmark/laut/kaluza/386/sink.vmt,1,0.016963,0
benchmark/laut/kaluza/1417/sink.vmt,0,0.022856,1
benchmark/laut/kaluza/1271/sink.vmt,0,0.034300,1
benchmark/laut/kaluza/1544/sink.vmt,0,0.037486,1
benchmark/laut/kaluza/1439/sink.vmt,t,0.0,0
benchmark/laut/kaluza/1631/sink.vmt,1,0.319382,21
benchmark/laut/kaluza/711/sink.vmt,0,0.033898,1
benchmark/laut/kaluza/1101/sink.vmt,0,0.066167,1
benchmark/laut/kaluza/1173/sink.vmt,0,0.272717,16
benchmark/laut/kaluza/1604/sink.vmt,0,0.317900,16
benchmark/laut/kaluza/663/sink.vmt,0,0.015627,1
benchmark/laut/kaluza/1216/sink.vmt,0,0.117165,4
benchmark/laut/kaluza/567/sink.vmt,1,0.478525,24
benchmark/laut/kaluza/1055/sink.vmt,1,0.035716,0
benchmark/laut/kaluza/1179/sink.vmt,1,0.269079,19
benchmark/laut/kaluza/1576/sink.vmt,1,0.272271,20
benchmark/laut/kaluza/942/sink.vmt,0,0.023977,1
benchmark/laut/kaluza/1097/sink.vmt,0,0.034334,1
benchmark/laut/kaluza/520/sink.vmt,1,0.271961,19
benchmark/laut/kaluza/429/sink.vmt,0,0.017563,1
benchmark/laut/kaluza/878/sink.vmt,0,0.323533,16
benchmark/laut/kaluza/1195/sink.vmt,1,0.039140,1
benchmark/laut/kaluza/87/sink.vmt,1,0.034503,4
benchmark/laut/kaluza/709/sink.vmt,0,0.017587,1
benchmark/laut/kaluza/874/sink.vmt,0,0.033737,1
benchmark/laut/kaluza/785/sink.vmt,1,0.032734,1
benchmark/laut/kaluza/606/sink.vmt,0,0.034323,1
benchmark/laut/kaluza/88/sink.vmt,1,0.066978,4
benchmark/laut/kaluza/1647/sink.vmt,0,0.017580,1
benchmark/laut/kaluza/266/sink.vmt,1,0.019179,0
benchmark/laut/kaluza/1807/sink.vmt,1,0.321336,11
benchmark/laut/kaluza/1453/sink.vmt,0,0.019550,1
benchmark/laut/kaluza/1989/sink.vmt,1,0.017108,0
benchmark/laut/kaluza/965/sink.vmt,0,0.017632,1
benchmark/laut/kaluza/1140/sink.vmt,1,0.018464,0
benchmark/laut/kaluza/2000/sink.vmt,1,0.032974,1
benchmark/laut/kaluza/1552/sink.vmt,1,0.033214,1
benchmark/laut/kaluza/1795/sink.vmt,1,0.034949,1
benchmark/laut/kaluza/1937/sink.vmt,1,0.033601,1
benchmark/laut/kaluza/1612/sink.vmt,0,0.016243,1
benchmark/laut/kaluza/543/sink.vmt,0,0.036101,1
benchmark/laut/kaluza/470/sink.vmt,1,0.216916,19
benchmark/laut/kaluza/1747/sink.vmt,0,0.037111,1
benchmark/laut/kaluza/579/sink.vmt,0,0.118425,4
benchmark/laut/kaluza/1099/sink.vmt,1,0.316917,20
benchmark/laut/kaluza/1996/sink.vmt,0,0.119751,4
benchmark/laut/kaluza/1915/sink.vmt,1,0.032792,1
benchmark/laut/kaluza/996/sink.vmt,1,0.032331,1
benchmark/laut/kaluza/454/sink.vmt,1,0.271759,20
benchmark/laut/kaluza/214/sink.vmt,1,0.018430,0
benchmark/laut/kaluza/529/sink.vmt,0,0.019946,1
benchmark/laut/kaluza/738/sink.vmt,1,0.521070,24
benchmark/laut/kaluza/580/sink.vmt,0,0.020012,1
benchmark/laut/kaluza/947/sink.vmt,1,0.220055,19
benchmark/laut/kaluza/1533/sink.vmt,0,0.019056,1
benchmark/laut/kaluza/1906/sink.vmt,0,0.017915,1
benchmark/laut/kaluza/751/sink.vmt,0,0.016559,1
benchmark/laut/kaluza/1223/sink.vmt,0,0.016351,1
benchmark/laut/kaluza/1551/sink.vmt,1,0.322470,11
benchmark/laut/kaluza/204/sink.vmt,t,0.0,0
benchmark/laut/kaluza/723/sink.vmt,1,0.521445,6
benchmark/laut/kaluza/325/sink.vmt,1,0.169113,0
benchmark/laut/kaluza/1546/sink.vmt,0,0.319859,16
benchmark/laut/kaluza/773/sink.vmt,0,0.016991,1
benchmark/laut/kaluza/1149/sink.vmt,0,0.018066,1
benchmark/laut/kaluza/152/sink.vmt,1,0.472048,6
benchmark/laut/kaluza/1955/sink.vmt,1,0.331740,20
benchmark/laut/kaluza/596/sink.vmt,0,0.069640,1
benchmark/laut/kaluza/615/sink.vmt,1,0.218536,19
benchmark/laut/kaluza/1517/sink.vmt,0,0.017471,1
benchmark/laut/kaluza/150/sink.vmt,1,0.019294,1
benchmark/laut/kaluza/136/sink.vmt,0,0.017163,1
benchmark/laut/kaluza/1798/sink.vmt,1,0.034863,1
benchmark/laut/kaluza/791/sink.vmt,0,0.017223,1
benchmark/laut/kaluza/1316/sink.vmt,1,0.036603,1
benchmark/laut/kaluza/1116/sink.vmt,1,0.318607,11
benchmark/laut/kaluza/1545/sink.vmt,0,0.032243,1
benchmark/laut/kaluza/694/sink.vmt,1,0.033682,1
benchmark/laut/kaluza/928/sink.vmt,0,0.017377,1
benchmark/laut/kaluza/78/sink.vmt,1,0.017443,0
benchmark/laut/kaluza/843/sink.vmt,0,0.117829,4
benchmark/laut/kaluza/1411/sink.vmt,1,0.529905,6
benchmark/laut/kaluza/1473/sink.vmt,0,0.065862,1
benchmark/laut/kaluza/1504/sink.vmt,1,0.319036,11
benchmark/laut/kaluza/188/sink.vmt,0,0.036106,1
benchmark/laut/kaluza/444/sink.vmt,0,0.033795,1
benchmark/laut/kaluza/1688/sink.vmt,1,0.271274,20
benchmark/laut/kaluza/501/sink.vmt,1,0.218190,19
benchmark/laut/kaluza/513/sink.vmt,1,0.018311,0
benchmark/laut/kaluza/1131/sink.vmt,1,0.468450,24
benchmark/laut/kaluza/621/sink.vmt,0,0.020835,1
benchmark/laut/kaluza/1583/sink.vmt,0,0.168357,4
benchmark/laut/kaluza/645/sink.vmt,1,0.269830,20
benchmark/laut/kaluza/1777/sink.vmt,1,0.267327,19
benchmark/laut/kaluza/1313/sink.vmt,0,0.033105,1
benchmark/laut/kaluza/948/sink.vmt,1,0.215793,19
benchmark/laut/kaluza/189/sink.vmt,1,0.723338,49
benchmark/laut/kaluza/724/sink.vmt,0,0.117549,4
benchmark/laut/kaluza/1741/sink.vmt,0,0.033119,1
benchmark/laut/kaluza/643/sink.vmt,0,0.119431,4
benchmark/laut/kaluza/79/sink.vmt,1,0.016594,0
benchmark/laut/kaluza/358/sink.vmt,0,0.316723,16
benchmark/laut/kaluza/929/sink.vmt,1,0.221390,19
benchmark/laut/kaluza/356/sink.vmt,0,0.065702,1
benchmark/laut/kaluza/84/sink.vmt,1,0.065974,4
benchmark/laut/kaluza/1070/sink.vmt,1,0.221989,19
benchmark/laut/kaluza/103/sink.vmt,1,0.068210,1
benchmark/laut/kaluza/719/sink.vmt,t,0.0,0
benchmark/laut/kaluza/940/sink.vmt,0,0.017997,1
benchmark/laut/kaluza/1165/sink.vmt,0,0.269843,16
benchmark/laut/kaluza/1936/sink.vmt,1,0.023343,1
benchmark/laut/kaluza/409/sink.vmt,1,0.016264,0
benchmark/laut/kaluza/1072/sink.vmt,1,0.320271,20
benchmark/laut/kaluza/1419/sink.vmt,0,0.017228,1
benchmark/laut/kaluza/897/sink.vmt,1,0.018168,0
benchmark/laut/kaluza/1792/sink.vmt,1,0.274256,19
benchmark/laut/kaluza/480/sink.vmt,1,0.522310,6
benchmark/laut/kaluza/1705/sink.vmt,0,0.035702,1
benchmark/laut/kaluza/1154/sink.vmt,0,0.018065,1
benchmark/laut/kaluza/1298/sink.vmt,1,0.219364,19
benchmark/laut/kaluza/779/sink.vmt,0,0.034101,1
benchmark/laut/kaluza/1187/sink.vmt,1,0.268327,21
benchmark/laut/kaluza/1157/sink.vmt,1,0.067837,1
benchmark/laut/kaluza/1547/sink.vmt,0,0.219398,13
benchmark/laut/kaluza/1118/sink.vmt,1,0.323266,11
benchmark/laut/kaluza/1306/sink.vmt,0,0.017091,1
benchmark/laut/kaluza/1999/sink.vmt,0,0.018719,1
benchmark/laut/kaluza/568/sink.vmt,1,0.471815,6
benchmark/laut/kaluza/883/sink.vmt,0,0.033528,1
benchmark/laut/kaluza/1779/sink.vmt,0,0.269662,16
benchmark/laut/kaluza/1628/sink.vmt,1,0.319521,20
benchmark/laut/kaluza/332/sink.vmt,1,0.033955,1
benchmark/laut/kaluza/818/sink.vmt,1,0.320388,21
benchmark/laut/kaluza/957/sink.vmt,0,0.018280,1
benchmark/laut/kaluza/12/sink.vmt,0,0.018293,1
benchmark/laut/kaluza/1450/sink.vmt,1,0.217682,19
benchmark/laut/kaluza/425/sink.vmt,0,0.068348,1
benchmark/laut/kaluza/569/sink.vmt,0,0.038127,1
benchmark/laut/kaluza/1538/sink.vmt,0,0.033550,1
benchmark/laut/kaluza/1611/sink.vmt,0,0.034558,1
benchmark/laut/kaluza/43/sink.vmt,0,0.017981,1
benchmark/laut/kaluza/177/sink.vmt,1,0.036056,4
benchmark/laut/kaluza/1640/sink.vmt,1,0.219881,19
benchmark/laut/kaluza/82/sink.vmt,t,0.0,0
benchmark/laut/kaluza/1284/sink.vmt,0,0.021630,1
benchmark/laut/kaluza/169/sink.vmt,1,0.033501,4
benchmark/laut/kaluza/1447/sink.vmt,0,0.019216,1
benchmark/laut/kaluza/1380/sink.vmt,1,0.269022,20
benchmark/laut/kaluza/1803/sink.vmt,1,0.521714,24
benchmark/laut/kaluza/1263/sink.vmt,0,0.018713,1
benchmark/laut/kaluza/191/sink.vmt,1,0.018294,0
benchmark/laut/kaluza/632/sink.vmt,1,0.317505,20
benchmark/laut/kaluza/610/sink.vmt,1,0.219304,19
benchmark/laut/kaluza/1345/sink.vmt,0,0.017805,1
benchmark/laut/kaluza/667/sink.vmt,1,0.271069,19
benchmark/laut/kaluza/1017/sink.vmt,1,0.267293,21
benchmark/laut/kaluza/426/sink.vmt,0,0.036847,1
benchmark/laut/kaluza/315/sink.vmt,1,0.420698,6
benchmark/laut/kaluza/916/sink.vmt,0,0.036148,1
benchmark/laut/kaluza/1570/sink.vmt,0,0.320270,16
benchmark/laut/kaluza/767/sink.vmt,1,0.217162,19
benchmark/laut/kaluza/1423/sink.vmt,1,0.319758,19
benchmark/laut/kaluza/531/sink.vmt,1,0.035909,1
benchmark/laut/kaluza/1657/sink.vmt,1,0.067793,1
benchmark/laut/kaluza/1860/sink.vmt,1,0.270397,19
benchmark/laut/kaluza/1731/sink.vmt,0,0.017808,1
benchmark/laut/kaluza/1012/sink.vmt,0,0.022371,1
benchmark/laut/kaluza/1914/sink.vmt,1,0.267128,19
benchmark/laut/kaluza/464/sink.vmt,1,0.272641,21
benchmark/laut/kaluza/614/sink.vmt,1,0.371485,11
benchmark/laut/kaluza/1579/sink.vmt,0,0.018574,1
benchmark/laut/kaluza/721/sink.vmt,0,0.021421,1
benchmark/laut/kaluza/871/sink.vmt,1,0.217752,18
benchmark/laut/kaluza/572/sink.vmt,1,0.323040,20
benchmark/laut/kaluza/755/sink.vmt,0,0.035505,1
benchmark/laut/kaluza/1483/sink.vmt,0,0.033883,1
benchmark/laut/kaluza/1967/sink.vmt,0,0.016683,1
benchmark/laut/kaluza/565/sink.vmt,0,0.017923,1
benchmark/laut/kaluza/504/sink.vmt,0,0.168287,9
benchmark/laut/kaluza/1718/sink.vmt,1,0.035201,1
benchmark/laut/kaluza/1421/sink.vmt,1,0.318826,11
benchmark/laut/kaluza/1910/sink.vmt,1,0.039950,1
benchmark/laut/kaluza/553/sink.vmt,0,0.041619,1
benchmark/laut/kaluza/1073/sink.vmt,1,0.168437,5
benchmark/laut/kaluza/334/sink.vmt,1,0.073314,1
benchmark/laut/kaluza/989/sink.vmt,1,0.217167,19
benchmark/laut/kaluza/1125/sink.vmt,0,0.017730,1
benchmark/laut/kaluza/641/sink.vmt,0,0.068538,1
benchmark/laut/kaluza/1856/sink.vmt,1,0.269879,21
benchmark/laut/kaluza/331/sink.vmt,1,0.033059,1
benchmark/laut/kaluza/1008/sink.vmt,1,0.472504,6
benchmark/laut/kaluza/560/sink.vmt,1,0.019008,1
benchmark/laut/kaluza/463/sink.vmt,0,0.017910,1
benchmark/laut/kaluza/541/sink.vmt,1,0.066607,4
benchmark/laut/kaluza/511/sink.vmt,1,0.473743,6
benchmark/laut/kaluza/1488/sink.vmt,1,0.272160,20
benchmark/laut/kaluza/1491/sink.vmt,0,0.322743,16
benchmark/laut/kaluza/1044/sink.vmt,0,0.037181,1
benchmark/laut/kaluza/433/sink.vmt,1,0.274364,19
benchmark/laut/kaluza/1088/sink.vmt,1,0.220173,19
benchmark/laut/kaluza/1059/sink.vmt,1,0.222941,19
benchmark/laut/kaluza/1912/sink.vmt,1,0.033239,1
benchmark/laut/kaluza/1535/sink.vmt,1,0.471401,6
benchmark/laut/kaluza/812/sink.vmt,1,0.320917,20
benchmark/laut/kaluza/1566/sink.vmt,0,0.075114,1
benchmark/laut/kaluza/139/sink.vmt,1,0.472349,6
benchmark/laut/kaluza/1326/sink.vmt,1,0.328190,11
benchmark/laut/kaluza/867/sink.vmt,1,0.267213,20
benchmark/laut/kaluza/260/sink.vmt,0,0.067736,1
benchmark/laut/kaluza/729/sink.vmt,1,0.032714,1
benchmark/laut/kaluza/772/sink.vmt,0,0.018218,1
benchmark/laut/kaluza/1938/sink.vmt,0,0.018480,1
benchmark/laut/kaluza/410/sink.vmt,1,0.033756,1
benchmark/laut/kaluza/1027/sink.vmt,0,0.018992,1
benchmark/laut/kaluza/1982/sink.vmt,0,0.215866,13
benchmark/laut/kaluza/642/sink.vmt,0,0.119626,4
benchmark/laut/kaluza/1993/sink.vmt,0,0.038012,1
benchmark/laut/kaluza/1238/sink.vmt,1,0.222759,19