benchmark=kaluza,solver=norn,TO=20.000000
path,sat,time
benchmark/laut/kaluza/404/sink.smt2,1,4.430980
benchmark/laut/kaluza/1789/sink.smt2,0,0.824224
benchmark/laut/kaluza/1144/sink.smt2,0,1.028352
benchmark/laut/kaluza/1636/sink.smt2,0,0.924793
benchmark/laut/kaluza/405/sink.smt2,1,1.072877
benchmark/laut/kaluza/1800/sink.smt2,1,1.228319
benchmark/laut/kaluza/1211/sink.smt2,1,1.023806
benchmark/laut/kaluza/987/sink.smt2,0,0.876961
benchmark/laut/kaluza/968/sink.smt2,0,0.872625
benchmark/laut/kaluza/1484/sink.smt2,0,0.778278
benchmark/laut/kaluza/1514/sink.smt2,1,1.021718
benchmark/laut/kaluza/1799/sink.smt2,1,1.023440
benchmark/laut/kaluza/1065/sink.smt2,0,0.825088
benchmark/laut/kaluza/1382/sink.smt2,1,1.174384
benchmark/laut/kaluza/1836/sink.smt2,0,0.823479
benchmark/laut/kaluza/1508/sink.smt2,1,1.123978
benchmark/laut/kaluza/1725/sink.smt2,0,0.824146
benchmark/laut/kaluza/763/sink.smt2,1,1.123856
benchmark/laut/kaluza/1745/sink.smt2,1,1.077128
benchmark/laut/kaluza/1289/sink.smt2,1,1.177803
benchmark/laut/kaluza/811/sink.smt2,0,1.022486
benchmark/laut/kaluza/198/sink.smt2,0,0.823915
benchmark/laut/kaluza/765/sink.smt2,0,0.826818
benchmark/laut/kaluza/127/sink.smt2,1,1.023254
benchmark/laut/kaluza/647/sink.smt2,1,1.182588
benchmark/laut/kaluza/1241/sink.smt2,1,1.030026
benchmark/laut/kaluza/1969/sink.smt2,0,0.824930
benchmark/laut/kaluza/1460/sink.smt2,0,0.942461
benchmark/laut/kaluza/92/sink.smt2,1,1.025750
benchmark/laut/kaluza/1180/sink.smt2,0,1.087841
benchmark/laut/kaluza/1919/sink.smt2,1,1.182142
benchmark/laut/kaluza/135/sink.smt2,0,0.874330
benchmark/laut/kaluza/1894/sink.smt2,0,0.928105
benchmark/laut/kaluza/1613/sink.smt2,1,1.023274
benchmark/laut/kaluza/1590/sink.smt2,0,0.921948
benchmark/laut/kaluza/499/sink.smt2,1,1.108302
benchmark/laut/kaluza/512/sink.smt2,0,0.824327
benchmark/laut/kaluza/482/sink.smt2,1,1.175741
benchmark/laut/kaluza/585/sink.smt2,0,0.771083
benchmark/laut/kaluza/118/sink.smt2,0,0.770981
benchmark/laut/kaluza/1958/sink.smt2,0,0.974379
benchmark/laut/kaluza/1446/sink.smt2,1,1.075945
benchmark/laut/kaluza/886/sink.smt2,0,0.879386
benchmark/laut/kaluza/160/sink.smt2,1,1.072788
benchmark/laut/kaluza/1883/sink.smt2,0,0.975126
benchmark/laut/kaluza/1534/sink.smt2,0,0.878043
benchmark/laut/kaluza/814/sink.smt2,0,0.874317
benchmark/laut/kaluza/911/sink.smt2,0,0.875980
benchmark/laut/kaluza/1205/sink.smt2,0,0.822602
benchmark/laut/kaluza/388/sink.smt2,1,1.077484
benchmark/laut/kaluza/564/sink.smt2,1,0.979264
benchmark/laut/kaluza/1347/sink.smt2,0,1.025477
benchmark/laut/kaluza/1389/sink.smt2,1,1.121965
benchmark/laut/kaluza/1162/sink.smt2,1,1.277993
benchmark/laut/kaluza/487/sink.smt2,1,1.026074
benchmark/laut/kaluza/923/sink.smt2,0,0.973816
benchmark/laut/kaluza/702/sink.smt2,0,0.975843
benchmark/laut/kaluza/1351/sink.smt2,0,0.974395
benchmark/laut/kaluza/1002/sink.smt2,1,1.078196
benchmark/laut/kaluza/1564/sink.smt2,0,0.821357
benchmark/laut/kaluza/108/sink.smt2,0,0.825663
benchmark/laut/kaluza/381/sink.smt2,1,1.183767
benchmark/laut/kaluza/1824/sink.smt2,1,1.177688
benchmark/laut/kaluza/768/sink.smt2,0,0.881739
benchmark/laut/kaluza/295/sink.smt2,1,1.029423
benchmark/laut/kaluza/420/sink.smt2,0,0.824050
benchmark/laut/kaluza/823/sink.smt2,1,1.076539
benchmark/laut/kaluza/1752/sink.smt2,1,0.973566
benchmark/laut/kaluza/945/sink.smt2,1,1.028428
benchmark/laut/kaluza/64/sink.smt2,1,1.176645
benchmark/laut/kaluza/544/sink.smt2,1,1.073997
benchmark/laut/kaluza/80/sink.smt2,1,1.430962
benchmark/laut/kaluza/966/sink.smt2,1,1.077288
benchmark/laut/kaluza/1814/sink.smt2,0,1.024830
benchmark/laut/kaluza/561/sink.smt2,0,0.775232
benchmark/laut/kaluza/1602/sink.smt2,0,0.873868
benchmark/laut/kaluza/1333/sink.smt2,0,0.924642
benchmark/laut/kaluza/442/sink.smt2,1,1.078241
benchmark/laut/kaluza/186/sink.smt2,1,1.025401
benchmark/laut/kaluza/1848/sink.smt2,0,0.772135
benchmark/laut/kaluza/284/sink.smt2,1,0.973809
benchmark/laut/kaluza/53/sink.smt2,1,1.123968
benchmark/laut/kaluza/1868/sink.smt2,1,1.126257
benchmark/laut/kaluza/876/sink.smt2,1,1.072763
benchmark/laut/kaluza/411/sink.smt2,0,0.875438
benchmark/laut/kaluza/691/sink.smt2,1,1.173486
benchmark/laut/kaluza/1724/sink.smt2,1,0.977066
benchmark/laut/kaluza/759/sink.smt2,1,1.071952
benchmark/laut/kaluza/1420/sink.smt2,0,0.873480
benchmark/laut/kaluza/1765/sink.smt2,0,0.829241
benchmark/laut/kaluza/1876/sink.smt2,1,1.124235
benchmark/laut/kaluza/745/sink.smt2,0,0.876873
benchmark/laut/kaluza/121/sink.smt2,1,1.023709
benchmark/laut/kaluza/1835/sink.smt2,0,0.824348
benchmark/laut/kaluza/1122/sink.smt2,1,1.080796
benchmark/laut/kaluza/1200/sink.smt2,0,0.825226
benchmark/laut/kaluza/1437/sink.smt2,1,1.126019
benchmark/laut/kaluza/1334/sink.smt2,0,0.823771
benchmark/laut/kaluza/1913/sink.smt2,1,1.025024
benchmark/laut/kaluza/1174/sink.smt2,0,0.874541
benchmark/laut/kaluza/205/sink.smt2,0,0.822898
benchmark/laut/kaluza/149/sink.smt2,1,1.027768
benchmark/laut/kaluza/318/sink.smt2,1,0.973878
benchmark/laut/kaluza/1259/sink.smt2,1,0.976403
benchmark/laut/kaluza/1291/sink.smt2,1,1.224639
benchmark/laut/kaluza/1980/sink.smt2,0,0.822689
benchmark/laut/kaluza/174/sink.smt2,1,1.025097
benchmark/laut/kaluza/762/sink.smt2,1,1.127022
benchmark/laut/kaluza/30/sink.smt2,1,0.979531
benchmark/laut/kaluza/909/sink.smt2,1,1.028180
benchmark/laut/kaluza/316/sink.smt2,1,2.333830
benchmark/laut/kaluza/1077/sink.smt2,0,0.924373
benchmark/laut/kaluza/1742/sink.smt2,0,0.928992
benchmark/laut/kaluza/1156/sink.smt2,0,0.847877
benchmark/laut/kaluza/1668/sink.smt2,0,0.873331
benchmark/laut/kaluza/211/sink.smt2,1,0.925263
benchmark/laut/kaluza/167/sink.smt2,1,1.025022
benchmark/laut/kaluza/1689/sink.smt2,0,0.822592
benchmark/laut/kaluza/851/sink.smt2,0,0.772024
benchmark/laut/kaluza/1917/sink.smt2,0,0.968440
benchmark/laut/kaluza/839/sink.smt2,1,1.125688
benchmark/laut/kaluza/1471/sink.smt2,1,1.029672
benchmark/laut/kaluza/620/sink.smt2,1,1.077730
benchmark/laut/kaluza/1184/sink.smt2,1,1.178645
benchmark/laut/kaluza/1245/sink.smt2,1,1.282068
benchmark/laut/kaluza/873/sink.smt2,1,1.025117
benchmark/laut/kaluza/467/sink.smt2,0,0.771379
benchmark/laut/kaluza/1091/sink.smt2,1,1.127646
benchmark/laut/kaluza/1701/sink.smt2,1,1.227468
benchmark/laut/kaluza/489/sink.smt2,1,1.178968
benchmark/laut/kaluza/276/sink.smt2,1,1.032158
benchmark/laut/kaluza/1239/sink.smt2,1,1.126000
benchmark/laut/kaluza/1834/sink.smt2,0,0.824833
benchmark/laut/kaluza/605/sink.smt2,0,0.874936
benchmark/laut/kaluza/510/sink.smt2,1,1.229878
benchmark/laut/kaluza/1061/sink.smt2,1,1.024485
benchmark/laut/kaluza/1082/sink.smt2,0,0.823795
benchmark/laut/kaluza/1729/sink.smt2,0,0.774292
benchmark/laut/kaluza/13/sink.smt2,1,1.072225
benchmark/laut/kaluza/1518/sink.smt2,0,0.832560
benchmark/laut/kaluza/1455/sink.smt2,0,0.824144
benchmark/laut/kaluza/1686/sink.smt2,0,0.771567
benchmark/laut/kaluza/1978/sink.smt2,1,1.027548
benchmark/laut/kaluza/1699/sink.smt2,0,0.826836
benchmark/laut/kaluza/1905/sink.smt2,0,0.824699
benchmark/laut/kaluza/49/sink.smt2,1,1.073568
benchmark/laut/kaluza/1513/sink.smt2,1,0.973586
benchmark/laut/kaluza/1339/sink.smt2,0,0.924594
benchmark/laut/kaluza/1243/sink.smt2,1,1.032240
benchmark/laut/kaluza/770/sink.smt2,1,1.028322
benchmark/laut/kaluza/1318/sink.smt2,0,0.822879
benchmark/laut/kaluza/257/sink.smt2,1,0.977878
benchmark/laut/kaluza/390/sink.smt2,1,1.077117
benchmark/laut/kaluza/1426/sink.smt2,1,1.077943
benchmark/laut/kaluza/1039/sink.smt2,0,0.974387
benchmark/laut/kaluza/216/sink.smt2,1,2.436402
benchmark/laut/kaluza/607/sink.smt2,0,0.826791
benchmark/laut/kaluza/399/sink.smt2,0,0.821463
benchmark/laut/kaluza/1127/sink.smt2,0,0.874497
benchmark/laut/kaluza/1452/sink.smt2,0,0.823090
benchmark/laut/kaluza/735/sink.smt2,1,0.975192
benchmark/laut/kaluza/920/sink.smt2,0,0.872804
benchmark/laut/kaluza/1261/sink.smt2,0,0.927921
benchmark/laut/kaluza/348/sink.smt2,1,0.924638
benchmark/laut/kaluza/492/sink.smt2,1,1.026417
benchmark/laut/kaluza/670/sink.smt2,0,0.774308
benchmark/laut/kaluza/1449/sink.smt2,0,0.820559
benchmark/laut/kaluza/209/sink.smt2,1,0.973812
benchmark/laut/kaluza/776/sink.smt2,0,0.773152
benchmark/laut/kaluza/1067/sink.smt2,0,0.820613
benchmark/laut/kaluza/797/sink.smt2,0,0.975096
benchmark/laut/kaluza/1276/sink.smt2,1,1.174627
benchmark/laut/kaluza/1369/sink.smt2,1,1.126980
benchmark/laut/kaluza/1430/sink.smt2,1,1.027085
benchmark/laut/kaluza/338/sink.smt2,1,1.126772
benchmark/laut/kaluza/653/sink.smt2,1,1.074276
benchmark/laut/kaluza/1577/sink.smt2,0,0.826349
benchmark/laut/kaluza/344/sink.smt2,1,1.132346
benchmark/laut/kaluza/1961/sink.smt2,0,0.826362
benchmark/laut/kaluza/611/sink.smt2,1,1.029585
benchmark/laut/kaluza/1586/sink.smt2,1,1.183681
benchmark/laut/kaluza/184/sink.smt2,1,1.028833
benchmark/laut/kaluza/1341/sink.smt2,0,0.824247
benchmark/laut/kaluza/1808/sink.smt2,0,0.822584
benchmark/laut/kaluza/994/sink.smt2,0,0.776103
benchmark/laut/kaluza/406/sink.smt2,0,0.971205
benchmark/laut/kaluza/880/sink.smt2,0,0.838163
benchmark/laut/kaluza/551/sink.smt2,0,0.880926
benchmark/laut/kaluza/1026/sink.smt2,0,0.975655
benchmark/laut/kaluza/449/sink.smt2,0,0.829959
benchmark/laut/kaluza/1060/sink.smt2,0,0.823450
benchmark/laut/kaluza/1850/sink.smt2,1,1.021730
benchmark/laut/kaluza/1817/sink.smt2,0,0.822060
benchmark/laut/kaluza/884/sink.smt2,0,0.876724
benchmark/laut/kaluza/42/sink.smt2,1,1.022495
benchmark/laut/kaluza/67/sink.smt2,1,1.027242
benchmark/laut/kaluza/1202/sink.smt2,1,1.228925
benchmark/laut/kaluza/102/sink.smt2,1,1.029077
benchmark/laut/kaluza/1918/sink.smt2,0,0.873110
benchmark/laut/kaluza/1892/sink.smt2,1,1.381345
benchmark/laut/kaluza/700/sink.smt2,1,1.176850
benchmark/laut/kaluza/826/sink.smt2,1,1.125461
benchmark/laut/kaluza/28/sink.smt2,1,1.026307
benchmark/laut/kaluza/854/sink.smt2,1,1.127478
benchmark/laut/kaluza/1950/sink.smt2,0,0.823545
benchmark/laut/kaluza/925/sink.smt2,1,1.174471
benchmark/laut/kaluza/326/sink.smt2,0,0.824564
benchmark/laut/kaluza/1443/sink.smt2,0,0.820872
benchmark/laut/kaluza/213/sink.smt2,1,0.977566
benchmark/laut/kaluza/1314/sink.smt2,0,1.081503
benchmark/laut/kaluza/705/sink.smt2,1,1.226223
benchmark/laut/kaluza/455/sink.smt2,0,1.128786
benchmark/laut/kaluza/491/sink.smt2,0,0.925511
benchmark/laut/kaluza/685/sink.smt2,1,1.378366
benchmark/laut/kaluza/1034/sink.smt2,1,1.177497
benchmark/laut/kaluza/81/sink.smt2,1,1.276745
benchmark/laut/kaluza/460/sink.smt2,0,0.825324
benchmark/laut/kaluza/414/sink.smt2,1,1.124237
benchmark/laut/kaluza/1609/sink.smt2,0,0.874312
benchmark/laut/kaluza/147/sink.smt2,1,1.074687
benchmark/laut/kaluza/1714/sink.smt2,0,0.870908
benchmark/laut/kaluza/1248/sink.smt2,0,0.827784
benchmark/laut/kaluza/1864/sink.smt2,0,0.831411
benchmark/laut/kaluza/713/sink.smt2,1,1.040234
benchmark/laut/kaluza/362/sink.smt2,0,0.875110
benchmark/laut/kaluza/728/sink.smt2,0,0.776068
benchmark/laut/kaluza/1684/sink.smt2,1,0.973578
benchmark/laut/kaluza/1270/sink.smt2,0,0.823509
benchmark/laut/kaluza/1770/sink.smt2,t,0.0
benchmark/laut/kaluza/1700/sink.smt2,1,1.127013
benchmark/laut/kaluza/1784/sink.smt2,0,0.872461
benchmark/laut/kaluza/446/sink.smt2,0,0.821180
benchmark/laut/kaluza/1965/sink.smt2,1,1.679191
benchmark/laut/kaluza/822/sink.smt2,1,1.222149
benchmark/laut/kaluza/1048/sink.smt2,1,1.224787
benchmark/laut/kaluza/3/sink.smt2,0,0.830429
benchmark/laut/kaluza/1168/sink.smt2,0,0.983934
benchmark/laut/kaluza/515/sink.smt2,0,0.971410
benchmark/laut/kaluza/1594/sink.smt2,0,0.934273
benchmark/laut/kaluza/1188/sink.smt2,0,0.823474
benchmark/laut/kaluza/1190/sink.smt2,0,0.875208
benchmark/laut/kaluza/1056/sink.smt2,1,1.023543
benchmark/laut/kaluza/1608/sink.smt2,0,0.773637
benchmark/laut/kaluza/179/sink.smt2,1,1.025369
benchmark/laut/kaluza/931/sink.smt2,1,1.181994
benchmark/laut/kaluza/1189/sink.smt2,0,0.873988
benchmark/laut/kaluza/1664/sink.smt2,1,1.079918
benchmark/laut/kaluza/1923/sink.smt2,1,1.077481
benchmark/laut/kaluza/1478/sink.smt2,0,0.824952
benchmark/laut/kaluza/985/sink.smt2,0,0.876927
benchmark/laut/kaluza/1694/sink.smt2,0,0.929369
benchmark/laut/kaluza/628/sink.smt2,1,1.136207
benchmark/laut/kaluza/375/sink.smt2,1,1.075975
benchmark/laut/kaluza/407/sink.smt2,0,0.770035
benchmark/laut/kaluza/16/sink.smt2,1,0.974998
benchmark/laut/kaluza/1726/sink.smt2,1,1.074955
benchmark/laut/kaluza/1556/sink.smt2,0,0.825254
benchmark/laut/kaluza/1277/sink.smt2,0,0.874305
benchmark/laut/kaluza/609/sink.smt2,1,1.126493
benchmark/laut/kaluza/506/sink.smt2,1,1.181902
benchmark/laut/kaluza/598/sink.smt2,1,1.124326
benchmark/laut/kaluza/742/sink.smt2,1,1.177210
benchmark/laut/kaluza/427/sink.smt2,1,1.028911
benchmark/laut/kaluza/235/sink.smt2,0,0.825887
benchmark/laut/kaluza/1663/sink.smt2,1,0.972700
benchmark/laut/kaluza/756/sink.smt2,1,1.123464
benchmark/laut/kaluza/238/sink.smt2,1,0.973663
benchmark/laut/kaluza/833/sink.smt2,1,0.977867
benchmark/laut/kaluza/1771/sink.smt2,1,1.133786
benchmark/laut/kaluza/750/sink.smt2,0,0.826195
benchmark/laut/kaluza/960/sink.smt2,0,0.976443
benchmark/laut/kaluza/129/sink.smt2,1,1.230358
benchmark/laut/kaluza/980/sink.smt2,1,1.178079
benchmark/laut/kaluza/1559/sink.smt2,0,0.924920
benchmark/laut/kaluza/1974/sink.smt2,1,1.077441
benchmark/laut/kaluza/273/sink.smt2,1,1.027772
benchmark/laut/kaluza/1054/sink.smt2,0,1.039716
benchmark/laut/kaluza/278/sink.smt2,1,1.028607
benchmark/laut/kaluza/549/sink.smt2,0,0.829878
benchmark/laut/kaluza/1716/sink.smt2,1,1.226335
benchmark/laut/kaluza/619/sink.smt2,0,0.828585
benchmark/laut/kaluza/242/sink.smt2,1,0.973383
benchmark/laut/kaluza/995/sink.smt2,0,0.871701
benchmark/laut/kaluza/85/sink.smt2,1,0.978992
benchmark/laut/kaluza/122/sink.smt2,0,0.828381
benchmark/laut/kaluza/757/sink.smt2,1,1.180273
benchmark/laut/kaluza/1667/sink.smt2,0,0.824809
benchmark/laut/kaluza/1995/sink.smt2,1,1.177486
benchmark/laut/kaluza/1810/sink.smt2,1,0.971091
benchmark/laut/kaluza/1406/sink.smt2,1,1.127144
benchmark/laut/kaluza/125/sink.smt2,1,1.280813
benchmark/laut/kaluza/343/sink.smt2,0,0.829463
benchmark/laut/kaluza/703/sink.smt2,0,0.772338
benchmark/laut/kaluza/503/sink.smt2,1,1.282215
benchmark/laut/kaluza/1973/sink.smt2,0,0.768397
benchmark/laut/kaluza/1297/sink.smt2,0,0.820544
benchmark/laut/kaluza/280/sink.smt2,0,1.473014
benchmark/laut/kaluza/1307/sink.smt2,0,0.820083
benchmark/laut/kaluza/1766/sink.smt2,0,0.770833
benchmark/laut/kaluza/1315/sink.smt2,0,0.870255
benchmark/laut/kaluza/590/sink.smt2,1,1.223748
benchmark/laut/kaluza/526/sink.smt2,0,1.027884
benchmark/laut/kaluza/1786/sink.smt2,1,1.027553
benchmark/laut/kaluza/788/sink.smt2,1,1.023980
benchmark/laut/kaluza/1782/sink.smt2,0,0.876756
benchmark/laut/kaluza/708/sink.smt2,1,1.025362
benchmark/laut/kaluza/674/sink.smt2,1,1.075993
benchmark/laut/kaluza/887/sink.smt2,0,0.821416
benchmark/laut/kaluza/220/sink.smt2,1,0.923240
benchmark/laut/kaluza/1227/sink.smt2,0,0.873364
benchmark/laut/kaluza/1163/sink.smt2,0,0.773992
benchmark/laut/kaluza/733/sink.smt2,0,0.821357
benchmark/laut/kaluza/1448/sink.smt2,0,0.875339
benchmark/laut/kaluza/164/sink.smt2,1,1.025692
benchmark/laut/kaluza/829/sink.smt2,0,0.874791
benchmark/laut/kaluza/253/sink.smt2,1,2.487369
benchmark/laut/kaluza/1040/sink.smt2,0,0.924485
benchmark/laut/kaluza/112/sink.smt2,1,0.938207
benchmark/laut/kaluza/963/sink.smt2,1,1.177045
benchmark/laut/kaluza/600/sink.smt2,0,0.774572
benchmark/laut/kaluza/1683/sink.smt2,t,0.0
benchmark/laut/kaluza/939/sink.smt2,1,1.234284
benchmark/laut/kaluza/1642/sink.smt2,0,0.770721
benchmark/laut/kaluza/838/sink.smt2,0,0.822759
benchmark/laut/kaluza/832/sink.smt2,0,0.825449
benchmark/laut/kaluza/490/sink.smt2,0,0.872947
benchmark/laut/kaluza/223/sink.smt2,0,0.826803
benchmark/laut/kaluza/681/sink.smt2,1,1.026127
benchmark/laut/kaluza/1935/sink.smt2,1,0.980056
benchmark/laut/kaluza/415/sink.smt2,1,1.227555
benchmark/laut/kaluza/477/sink.smt2,1,1.030682
benchmark/laut/kaluza/764/sink.smt2,1,1.021146
benchmark/laut/kaluza/1897/sink.smt2,0,0.927112
benchmark/laut/kaluza/622/sink.smt2,0,0.825557
benchmark/laut/kaluza/233/sink.smt2,1,2.232755
benchmark/laut/kaluza/1018/sink.smt2,1,0.977265
benchmark/laut/kaluza/418/sink.smt2,1,1.126936
benchmark/laut/kaluza/1349/sink.smt2,1,1.229960
benchmark/laut/kaluza/657/sink.smt2,1,1.084334
benchmark/laut/kaluza/244/sink.smt2,0,0.775076
benchmark/laut/kaluza/1972/sink.smt2,0,0.872622
benchmark/laut/kaluza/1637/sink.smt2,0,0.922527
benchmark/laut/kaluza/847/sink.smt2,1,0.977378
benchmark/laut/kaluza/1234/sink.smt2,1,0.973542
benchmark/laut/kaluza/60/sink.smt2,1,0.999112
benchmark/laut/kaluza/1461/sink.smt2,1,1.075949
benchmark/laut/kaluza/795/sink.smt2,1,1.226881
benchmark/laut/kaluza/1690/sink.smt2,1,1.186028
benchmark/laut/kaluza/1049/sink.smt2,0,1.077095
benchmark/laut/kaluza/131/sink.smt2,0,0.822483
benchmark/laut/kaluza/26/sink.smt2,0,0.823184
benchmark/laut/kaluza/37/sink.smt2,1,1.078644
benchmark/laut/kaluza/1121/sink.smt2,0,0.875064
benchmark/laut/kaluza/1366/sink.smt2,0,0.974664
benchmark/laut/kaluza/1986/sink.smt2,1,0.973926
benchmark/laut/kaluza/271/sink.smt2,1,1.228088
benchmark/laut/kaluza/1528/sink.smt2,1,1.174742
benchmark/laut/kaluza/1516/sink.smt2,1,1.024788
benchmark/laut/kaluza/777/sink.smt2,0,0.775278
benchmark/laut/kaluza/267/sink.smt2,1,1.028606
benchmark/laut/kaluza/1308/sink.smt2,0,0.875172
benchmark/laut/kaluza/137/sink.smt2,1,0.926099
benchmark/laut/kaluza/548/sink.smt2,0,0.825385
benchmark/laut/kaluza/1408/sink.smt2,0,0.830172
benchmark/laut/kaluza/1300/sink.smt2,1,1.172591
benchmark/laut/kaluza/586/sink.smt2,0,0.822825
benchmark/laut/kaluza/523/sink.smt2,1,1.125015
benchmark/laut/kaluza/1232/sink.smt2,0,0.823139
benchmark/laut/kaluza/1926/sink.smt2,0,0.875651
benchmark/laut/kaluza/962/sink.smt2,1,1.180118
benchmark/laut/kaluza/1859/sink.smt2,1,1.176881
benchmark/laut/kaluza/974/sink.smt2,0,0.875904
benchmark/laut/kaluza/1464/sink.smt2,0,0.822760
benchmark/laut/kaluza/922/sink.smt2,0,0.826358
benchmark/laut/kaluza/1167/sink.smt2,1,1.177220
benchmark/laut/kaluza/1476/sink.smt2,1,0.920217
benchmark/laut/kaluza/419/sink.smt2,1,1.138511
benchmark/laut/kaluza/1643/sink.smt2,0,0.824984
benchmark/laut/kaluza/1469/sink.smt2,0,0.921896
benchmark/laut/kaluza/5/sink.smt2,0,0.828563
benchmark/laut/kaluza/351/sink.smt2,0,0.976495
benchmark/laut/kaluza/462/sink.smt2,1,1.174531
benchmark/laut/kaluza/349/sink.smt2,1,0.874906
benchmark/laut/kaluza/540/sink.smt2,1,1.177020
benchmark/laut/kaluza/123/sink.smt2,1,1.029520
benchmark/laut/kaluza/636/sink.smt2,0,0.872929
benchmark/laut/kaluza/1557/sink.smt2,0,0.870490
benchmark/laut/kaluza/4/sink.smt2,1,1.076080
benchmark/laut/kaluza/744/sink.smt2,0,0.874588
benchmark/laut/kaluza/132/sink.smt2,1,1.074357
benchmark/laut/kaluza/914/sink.smt2,0,0.925543
benchmark/laut/kaluza/380/sink.smt2,1,0.974106
benchmark/laut/kaluza/1427/sink.smt2,1,1.179604
benchmark/laut/kaluza/1057/sink.smt2,0,0.928245
benchmark/laut/kaluza/1749/sink.smt2,1,0.977801
benchmark/laut/kaluza/1353/sink.smt2,0,0.926045
benchmark/laut/kaluza/866/sink.smt2,0,0.827594
benchmark/laut/kaluza/669/sink.smt2,0,0.874735
benchmark/laut/kaluza/1553/sink.smt2,1,1.026030
benchmark/laut/kaluza/1279/sink.smt2,0,0.872850
benchmark/laut/kaluza/1759/sink.smt2,0,0.775775
benchmark/laut/kaluza/603/sink.smt2,1,1.029542
benchmark/laut/kaluza/1728/sink.smt2,0,0.975590
benchmark/laut/kaluza/354/sink.smt2,1,0.925259
benchmark/laut/kaluza/1391/sink.smt2,0,0.829171
benchmark/laut/kaluza/582/sink.smt2,0,0.823882
benchmark/laut/kaluza/1272/sink.smt2,1,1.025492
benchmark/laut/kaluza/1879/sink.smt2,1,0.974171
benchmark/laut/kaluza/1186/sink.smt2,0,0.877349
benchmark/laut/kaluza/448/sink.smt2,1,1.078402
benchmark/laut/kaluza/722/sink.smt2,1,1.076473
benchmark/laut/kaluza/794/sink.smt2,0,0.823049
benchmark/laut/kaluza/881/sink.smt2,1,1.027685
benchmark/laut/kaluza/941/sink.smt2,1,1.175927
benchmark/laut/kaluza/86/sink.smt2,1,2.482865
benchmark/laut/kaluza/24/sink.smt2,0,0.879106
benchmark/laut/kaluza/630/sink.smt2,0,0.826284
benchmark/laut/kaluza/583/sink.smt2,0,0.929223
benchmark/laut/kaluza/1802/sink.smt2,0,0.875757
benchmark/laut/kaluza/706/sink.smt2,0,0.976673
benchmark/laut/kaluza/1670/sink.smt2,1,1.176405
benchmark/laut/kaluza/1861/sink.smt2,0,0.826173
benchmark/laut/kaluza/1767/sink.smt2,1,1.278300
benchmark/laut/kaluza/1015/sink.smt2,0,0.772940
benchmark/laut/kaluza/1063/sink.smt2,0,0.973615
benchmark/laut/kaluza/1633/sink.smt2,1,1.026263
benchmark/laut/kaluza/1548/sink.smt2,0,0.823448
benchmark/laut/kaluza/859/sink.smt2,1,1.078060
benchmark/laut/kaluza/856/sink.smt2,1,1.173658
benchmark/laut/kaluza/495/sink.smt2,0,0.821928
benchmark/laut/kaluza/206/sink.smt2,1,1.181568
benchmark/laut/kaluza/1312/sink.smt2,1,1.023183
benchmark/laut/kaluza/1772/sink.smt2,0,0.825078
benchmark/laut/kaluza/1921/sink.smt2,1,1.024017
benchmark/laut/kaluza/1209/sink.smt2,1,1.074308
benchmark/laut/kaluza/912/sink.smt2,0,0.923816
benchmark/laut/kaluza/956/sink.smt2,0,0.926037
benchmark/laut/kaluza/1584/sink.smt2,0,0.826062
benchmark/laut/kaluza/1846/sink.smt2,0,0.779985
benchmark/laut/kaluza/1696/sink.smt2,1,1.073146
benchmark/laut/kaluza/474/sink.smt2,1,1.181947
benchmark/laut/kaluza/140/sink.smt2,0,0.979480
benchmark/laut/kaluza/1490/sink.smt2,1,1.279006
benchmark/laut/kaluza/1486/sink.smt2,0,0.877345
benchmark/laut/kaluza/1682/sink.smt2,0,0.827674
benchmark/laut/kaluza/1367/sink.smt2,1,1.281403
benchmark/laut/kaluza/439/sink.smt2,0,0.822142
benchmark/laut/kaluza/918/sink.smt2,0,0.870461
benchmark/laut/kaluza/50/sink.smt2,0,0.825744
benchmark/laut/kaluza/1198/sink.smt2,0,0.877369
benchmark/laut/kaluza/519/sink.smt2,0,0.827847
benchmark/laut/kaluza/758/sink.smt2,1,1.279089
benchmark/laut/kaluza/90/sink.smt2,1,1.031826
benchmark/laut/kaluza/312/sink.smt2,0,0.775615
benchmark/laut/kaluza/1589/sink.smt2,0,0.870673
benchmark/laut/kaluza/1785/sink.smt2,0,0.834732
benchmark/laut/kaluza/1998/sink.smt2,0,0.827996
benchmark/laut/kaluza/1396/sink.smt2,1,1.025997
benchmark/laut/kaluza/1703/sink.smt2,1,0.973563
benchmark/laut/kaluza/1522/sink.smt2,0,0.875381
benchmark/laut/kaluza/970/sink.smt2,0,0.827704
benchmark/laut/kaluza/1375/sink.smt2,1,1.126258
benchmark/laut/kaluza/1176/sink.smt2,0,0.774338
benchmark/laut/kaluza/1064/sink.smt2,1,0.974698
benchmark/laut/kaluza/171/sink.smt2,1,1.174733
benchmark/laut/kaluza/1763/sink.smt2,0,0.874808
benchmark/laut/kaluza/1083/sink.smt2,0,0.823178
benchmark/laut/kaluza/1797/sink.smt2,0,0.822521
benchmark/laut/kaluza/1078/sink.smt2,1,1.025269
benchmark/laut/kaluza/1266/sink.smt2,0,0.921038
benchmark/laut/kaluza/1790/sink.smt2,1,1.181087
benchmark/laut/kaluza/488/sink.smt2,0,0.775696
benchmark/laut/kaluza/363/sink.smt2,1,0.974293
benchmark/laut/kaluza/1839/sink.smt2,0,0.914154
benchmark/laut/kaluza/1565/sink.smt2,0,0.976982
benchmark/laut/kaluza/8/sink.smt2,1,0.980314
benchmark/laut/kaluza/1941/sink.smt2,0,0.824562
benchmark/laut/kaluza/373/sink.smt2,1,0.974707
benchmark/laut/kaluza/1970/sink.smt2,0,1.076293
benchmark/laut/kaluza/1208/sink.smt2,1,1.174948
benchmark/laut/kaluza/1487/sink.smt2,0,0.922818
benchmark/laut/kaluza/94/sink.smt2,1,0.971831
benchmark/laut/kaluza/935/sink.smt2,0,0.993122
benchmark/laut/kaluza/1193/sink.smt2,0,0.929410
benchmark/laut/kaluza/58/sink.smt2,0,0.772362
benchmark/laut/kaluza/1764/sink.smt2,0,0.824773
benchmark/laut/kaluza/1811/sink.smt2,0,0.923848
benchmark/laut/kaluza/1354/sink.smt2,0,0.877872
benchmark/laut/kaluza/1519/sink.smt2,0,0.924310
benchmark/laut/kaluza/369/sink.smt2,1,1.073681
benchmark/laut/kaluza/1592/sink.smt2,0,0.873700
benchmark/laut/kaluza/119/sink.smt2,0,0.823623
benchmark/laut/kaluza/1120/sink.smt2,0,0.821176
benchmark/laut/kaluza/1090/sink.smt2,0,0.924197
benchmark/laut/kaluza/1360/sink.smt2,1,1.181710
benchmark/laut/kaluza/1600/sink.smt2,0,0.774323
benchmark/laut/kaluza/1428/sink.smt2,1,1.179449
benchmark/laut/kaluza/402/sink.smt2,0,1.023574
benchmark/laut/kaluza/1979/sink.smt2,0,0.876770
benchmark/laut/kaluza/1110/sink.smt2,0,0.823309
benchmark/laut/kaluza/930/sink.smt2,0,0.874369
benchmark/laut/kaluza/870/sink.smt2,1,1.025257
benchmark/laut/kaluza/1554/sink.smt2,1,0.975876
benchmark/laut/kaluza/228/sink.smt2,1,1.273736
benchmark/laut/kaluza/815/sink.smt2,0,0.977183
benchmark/laut/kaluza/782/sink.smt2,1,1.228411
benchmark/laut/kaluza/1287/sink.smt2,0,0.875454
benchmark/laut/kaluza/1129/sink.smt2,1,1.021322
benchmark/laut/kaluza/678/sink.smt2,1,1.026058
benchmark/laut/kaluza/1732/sink.smt2,1,1.179574
benchmark/laut/kaluza/1524/sink.smt2,1,1.229383
benchmark/laut/kaluza/382/sink.smt2,0,1.027207
benchmark/laut/kaluza/1296/sink.smt2,0,0.824528
benchmark/laut/kaluza/471/sink.smt2,0,0.822748
benchmark/laut/kaluza/277/sink.smt2,1,1.024986
benchmark/laut/kaluza/1204/sink.smt2,1,1.144595
benchmark/laut/kaluza/1170/sink.smt2,0,0.981253
benchmark/laut/kaluza/1035/sink.smt2,1,1.077461
benchmark/laut/kaluza/1698/sink.smt2,0,0.975676
benchmark/laut/kaluza/804/sink.smt2,1,1.177744
benchmark/laut/kaluza/339/sink.smt2,0,0.978517
benchmark/laut/kaluza/972/sink.smt2,0,0.971543
benchmark/laut/kaluza/1014/sink.smt2,1,1.023966
benchmark/laut/kaluza/485/sink.smt2,1,1.126507
benchmark/laut/kaluza/1748/sink.smt2,1,1.128201
benchmark/laut/kaluza/1395/sink.smt2,1,1.125533
benchmark/laut/kaluza/1399/sink.smt2,1,1.184010
benchmark/laut/kaluza/1833/sink.smt2,0,0.882815
benchmark/laut/kaluza/1580/sink.smt2,0,0.879083
benchmark/laut/kaluza/845/sink.smt2,1,1.028688
benchmark/laut/kaluza/401/sink.smt2,0,0.772812
benchmark/laut/kaluza/14/sink.smt2,1,0.973988
benchmark/laut/kaluza/658/sink.smt2,0,1.025216
benchmark/laut/kaluza/254/sink.smt2,0,0.921853
benchmark/laut/kaluza/255/sink.smt2,1,1.226597
benchmark/laut/kaluza/1022/sink.smt2,1,1.225801
benchmark/laut/kaluza/602/sink.smt2,1,1.126928
benchmark/laut/kaluza/1990/sink.smt2,0,0.871292
benchmark/laut/kaluza/1100/sink.smt2,0,0.980066
benchmark/laut/kaluza/1192/sink.smt2,1,1.226837
benchmark/laut/kaluza/1882/sink.smt2,1,1.076368
benchmark/laut/kaluza/1948/sink.smt2,1,1.533948
benchmark/laut/kaluza/1646/sink.smt2,0,0.819570
benchmark/laut/kaluza/697/sink.smt2,0,0.874757
benchmark/laut/kaluza/927/sink.smt2,0,1.024103
benchmark/laut/kaluza/1886/sink.smt2,1,1.226803
benchmark/laut/kaluza/304/sink.smt2,1,1.024661
benchmark/laut/kaluza/1236/sink.smt2,0,0.825405
benchmark/laut/kaluza/1076/sink.smt2,0,0.978676
benchmark/laut/kaluza/1376/sink.smt2,1,1.126423
benchmark/laut/kaluza/1540/sink.smt2,0,0.823288
benchmark/laut/kaluza/440/sink.smt2,0,0.773240
benchmark/laut/kaluza/151/sink.smt2,1,1.178993
benchmark/laut/kaluza/1454/sink.smt2,0,0.925801
benchmark/laut/kaluza/342/sink.smt2,1,0.875076
benchmark/laut/kaluza/1560/sink.smt2,0,0.876449
benchmark/laut/kaluza/365/sink.smt2,1,1.031118
benchmark/laut/kaluza/1394/sink.smt2,1,1.128776
benchmark/laut/kaluza/1562/sink.smt2,0,0.824721
benchmark/laut/kaluza/101/sink.smt2,1,0.973940
benchmark/laut/kaluza/400/sink.smt2,0,0.824757
benchmark/laut/kaluza/294/sink.smt2,1,1.076121
benchmark/laut/kaluza/675/sink.smt2,0,0.924726
benchmark/laut/kaluza/1837/sink.smt2,1,1.327027
benchmark/laut/kaluza/54/sink.smt2,0,0.772411
benchmark/laut/kaluza/1840/sink.smt2,1,1.177593
benchmark/laut/kaluza/247/sink.smt2,0,0.824098
benchmark/laut/kaluza/110/sink.smt2,0,0.772774
benchmark/laut/kaluza/476/sink.smt2,1,1.227628
benchmark/laut/kaluza/45/sink.smt2,0,0.770637
benchmark/laut/kaluza/853/sink.smt2,1,1.124428
benchmark/laut/kaluza/1095/sink.smt2,1,1.029628
benchmark/laut/kaluza/1370/sink.smt2,1,1.178795
benchmark/laut/kaluza/1630/sink.smt2,1,1.125213
benchmark/laut/kaluza/1655/sink.smt2,0,0.881879
benchmark/laut/kaluza/1734/sink.smt2,0,1.027870
benchmark/laut/kaluza/521/sink.smt2,0,0.880767
benchmark/laut/kaluza/484/sink.smt2,1,1.131547
benchmark/laut/kaluza/944/sink.smt2,0,0.821285
benchmark/laut/kaluza/527/sink.smt2,0,0.983249
benchmark/laut/kaluza/902/sink.smt2,0,0.921927
benchmark/laut/kaluza/193/sink.smt2,1,1.127325
benchmark/laut/kaluza/1595/sink.smt2,0,0.824565
benchmark/laut/kaluza/291/sink.smt2,0,0.771549
benchmark/laut/kaluza/528/sink.smt2,1,1.021872
benchmark/laut/kaluza/824/sink.smt2,1,1.022840
benchmark/laut/kaluza/493/sink.smt2,0,0.825498
benchmark/laut/kaluza/1924/sink.smt2,0,0.830889
benchmark/laut/kaluza/1746/sink.smt2,0,0.877646
benchmark/laut/kaluza/1708/sink.smt2,1,1.077349
benchmark/laut/kaluza/1084/sink.smt2,0,0.968998
benchmark/laut/kaluza/1050/sink.smt2,0,0.823704
benchmark/laut/kaluza/432/sink.smt2,0,0.874946
benchmark/laut/kaluza/1692/sink.smt2,1,1.126634
benchmark/laut/kaluza/154/sink.smt2,1,0.974098
benchmark/laut/kaluza/105/sink.smt2,1,0.972027
benchmark/laut/kaluza/95/sink.smt2,1,1.274016
benchmark/laut/kaluza/1650/sink.smt2,1,1.127101
benchmark/laut/kaluza/1013/sink.smt2,0,0.925260
benchmark/laut/kaluza/1160/sink.smt2,0,0.773305
benchmark/laut/kaluza/1896/sink.smt2,1,1.227904
benchmark/laut/kaluza/1221/sink.smt2,0,0.879194
benchmark/laut/kaluza/250/sink.smt2,1,1.025072
benchmark/laut/kaluza/1405/sink.smt2,0,0.825619
benchmark/laut/kaluza/1457/sink.smt2,0,0.980524
benchmark/laut/kaluza/774/sink.smt2,0,0.874621
benchmark/laut/kaluza/1215/sink.smt2,0,0.924189
benchmark/laut/kaluza/1143/sink.smt2,0,1.178727
benchmark/laut/kaluza/104/sink.smt2,1,1.123829
benchmark/laut/kaluza/1675/sink.smt2,1,1.079216
benchmark/laut/kaluza/933/sink.smt2,0,0.821416
benchmark/laut/kaluza/303/sink.smt2,1,0.978842
benchmark/laut/kaluza/864/sink.smt2,1,1.177020
benchmark/laut/kaluza/237/sink.smt2,1,1.027284
benchmark/laut/kaluza/1412/sink.smt2,0,0.823101
benchmark/laut/kaluza/330/sink.smt2,0,1.026938
benchmark/laut/kaluza/1181/sink.smt2,0,0.978783
benchmark/laut/kaluza/1331/sink.smt2,1,1.273379
benchmark/laut/kaluza/1695/sink.smt2,1,1.077568
benchmark/laut/kaluza/1194/sink.smt2,1,1.074854
benchmark/laut/kaluza/1818/sink.smt2,1,1.020637
benchmark/laut/kaluza/450/sink.smt2,0,0.875017
benchmark/laut/kaluza/747/sink.smt2,0,0.822475
benchmark/laut/kaluza/1409/sink.smt2,1,1.388620
benchmark/laut/kaluza/138/sink.smt2,1,0.976773
benchmark/laut/kaluza/1809/sink.smt2,1,1.279188
benchmark/laut/kaluza/1987/sink.smt2,0,0.823993
benchmark/laut/kaluza/1159/sink.smt2,0,0.872921
benchmark/laut/kaluza/900/sink.smt2,0,0.872348
benchmark/laut/kaluza/534/sink.smt2,0,0.873310
benchmark/laut/kaluza/183/sink.smt2,0,0.827325
benchmark/laut/kaluza/1462/sink.smt2,0,0.819822
benchmark/laut/kaluza/1456/sink.smt2,1,0.923409
benchmark/laut/kaluza/683/sink.smt2,0,0.870437
benchmark/laut/kaluza/1681/sink.smt2,0,0.774273
benchmark/laut/kaluza/208/sink.smt2,1,1.079092
benchmark/laut/kaluza/760/sink.smt2,0,0.875552
benchmark/laut/kaluza/612/sink.smt2,0,1.029132
benchmark/laut/kaluza/753/sink.smt2,0,0.872263
benchmark/laut/kaluza/575/sink.smt2,1,1.129316
benchmark/laut/kaluza/1222/sink.smt2,1,1.225951
benchmark/laut/kaluza/1844/sink.smt2,1,1.185172
benchmark/laut/kaluza/1458/sink.smt2,0,1.474516
benchmark/laut/kaluza/1825/sink.smt2,1,1.285180
benchmark/laut/kaluza/144/sink.smt2,1,0.977954
benchmark/laut/kaluza/1760/sink.smt2,1,0.973767
benchmark/laut/kaluza/1821/sink.smt2,1,1.024602
benchmark/laut/kaluza/1214/sink.smt2,1,1.076270
benchmark/laut/kaluza/1984/sink.smt2,1,1.224432
benchmark/laut/kaluza/1537/sink.smt2,1,1.234570
benchmark/laut/kaluza/655/sink.smt2,1,0.973853
benchmark/laut/kaluza/1801/sink.smt2,0,0.976556
benchmark/laut/kaluza/961/sink.smt2,0,0.872760
benchmark/laut/kaluza/1401/sink.smt2,0,0.873241
benchmark/laut/kaluza/964/sink.smt2,1,1.078853
benchmark/laut/kaluza/1485/sink.smt2,1,1.225727
benchmark/laut/kaluza/1325/sink.smt2,0,0.873467
benchmark/laut/kaluza/453/sink.smt2,0,0.971954
benchmark/laut/kaluza/262/sink.smt2,1,2.791726
benchmark/laut/kaluza/692/sink.smt2,1,1.226026
benchmark/laut/kaluza/1985/sink.smt2,0,0.831886
benchmark/laut/kaluza/589/sink.smt2,0,0.923829
benchmark/laut/kaluza/1475/sink.smt2,0,1.022791
benchmark/laut/kaluza/187/sink.smt2,0,0.775673
benchmark/laut/kaluza/514/sink.smt2,0,0.871737
benchmark/laut/kaluza/917/sink.smt2,0,0.978032
benchmark/laut/kaluza/1977/sink.smt2,1,1.582537
benchmark/laut/kaluza/314/sink.smt2,0,0.829733
benchmark/laut/kaluza/976/sink.smt2,0,0.871538
benchmark/laut/kaluza/1756/sink.smt2,0,0.823505
benchmark/laut/kaluza/38/sink.smt2,0,0.826280
benchmark/laut/kaluza/202/sink.smt2,1,1.076289
benchmark/laut/kaluza/1342/sink.smt2,1,1.072440
benchmark/laut/kaluza/555/sink.smt2,1,1.173167
benchmark/laut/kaluza/1933/sink.smt2,0,0.869761
benchmark/laut/kaluza/1397/sink.smt2,1,1.174898
benchmark/laut/kaluza/1605/sink.smt2,0,0.873469
benchmark/laut/kaluza/889/sink.smt2,1,1.229193
benchmark/laut/kaluza/6/sink.smt2,1,1.030110
benchmark/laut/kaluza/173/sink.smt2,1,1.234758
benchmark/laut/kaluza/1880/sink.smt2,1,1.026139
benchmark/laut/kaluza/199/sink.smt2,0,0.775176
benchmark/laut/kaluza/578/sink.smt2,1,1.131447
benchmark/laut/kaluza/1743/sink.smt2,1,1.275989
benchmark/laut/kaluza/571/sink.smt2,1,1.177158
benchmark/laut/kaluza/1679/sink.smt2,1,0.976125
benchmark/laut/kaluza/124/sink.smt2,0,0.844714
benchmark/laut/kaluza/335/sink.smt2,1,1.028879
benchmark/laut/kaluza/1997/sink.smt2,0,0.826154
benchmark/laut/kaluza/778/sink.smt2,0,0.873929
benchmark/laut/kaluza/1247/sink.smt2,1,1.075191
benchmark/laut/kaluza/1587/sink.smt2,0,0.822219
benchmark/laut/kaluza/1617/sink.smt2,0,0.823240
benchmark/laut/kaluza/113/sink.smt2,1,1.033875
benchmark/laut/kaluza/270/sink.smt2,0,0.839529
benchmark/laut/kaluza/1920/sink.smt2,0,0.775773
benchmark/laut/kaluza/507/sink.smt2,0,0.821925
benchmark/laut/kaluza/393/sink.smt2,0,0.824164
benchmark/laut/kaluza/1020/sink.smt2,0,0.823692
benchmark/laut/kaluza/1322/sink.smt2,0,0.975979
benchmark/laut/kaluza/660/sink.smt2,1,1.179374
benchmark/laut/kaluza/1441/sink.smt2,1,1.074133
benchmark/laut/kaluza/1007/sink.smt2,0,0.822133
benchmark/laut/kaluza/1000/sink.smt2,0,0.876001
benchmark/laut/kaluza/1911/sink.smt2,1,1.125241
benchmark/laut/kaluza/1251/sink.smt2,1,1.026208
benchmark/laut/kaluza/1479/sink.smt2,1,0.972591
benchmark/laut/kaluza/849/sink.smt2,1,1.083949
benchmark/laut/kaluza/673/sink.smt2,1,1.076542
benchmark/laut/kaluza/306/sink.smt2,0,0.772830
benchmark/laut/kaluza/637/sink.smt2,0,0.872524
benchmark/laut/kaluza/982/sink.smt2,0,0.822766
benchmark/laut/kaluza/143/sink.smt2,1,0.976607
benchmark/laut/kaluza/1071/sink.smt2,1,1.072844
benchmark/laut/kaluza/1939/sink.smt2,0,0.822529
benchmark/laut/kaluza/321/sink.smt2,1,0.974952
benchmark/laut/kaluza/327/sink.smt2,1,1.028424
benchmark/laut/kaluza/761/sink.smt2,1,1.075263
benchmark/laut/kaluza/1723/sink.smt2,0,0.824455
benchmark/laut/kaluza/1884/sink.smt2,0,0.925330
benchmark/laut/kaluza/542/sink.smt2,0,0.873987
benchmark/laut/kaluza/903/sink.smt2,1,1.025614
benchmark/laut/kaluza/592/sink.smt2,1,1.274886
benchmark/laut/kaluza/1953/sink.smt2,0,0.775138
benchmark/laut/kaluza/1051/sink.smt2,1,1.125356
benchmark/laut/kaluza/1623/sink.smt2,0,0.871902
benchmark/laut/kaluza/248/sink.smt2,1,1.277813
benchmark/laut/kaluza/265/sink.smt2,1,1.074660
benchmark/laut/kaluza/359/sink.smt2,0,0.974734
benchmark/laut/kaluza/61/sink.smt2,0,0.821163
benchmark/laut/kaluza/821/sink.smt2,1,1.025675
benchmark/laut/kaluza/68/sink.smt2,1,1.226418
benchmark/laut/kaluza/340/sink.smt2,1,1.076519
benchmark/laut/kaluza/1744/sink.smt2,1,1.024966
benchmark/laut/kaluza/858/sink.smt2,0,0.930251
benchmark/laut/kaluza/1126/sink.smt2,1,1.279422
benchmark/laut/kaluza/468/sink.smt2,0,0.822136
benchmark/laut/kaluza/1863/sink.smt2,0,0.835741
benchmark/laut/kaluza/682/sink.smt2,0,0.922555
benchmark/laut/kaluza/1601/sink.smt2,0,0.825531
benchmark/laut/kaluza/473/sink.smt2,1,1.274286
benchmark/laut/kaluza/360/sink.smt2,1,1.226755
benchmark/laut/kaluza/1011/sink.smt2,1,1.223462
benchmark/laut/kaluza/1691/sink.smt2,0,0.923016
benchmark/laut/kaluza/155/sink.smt2,1,0.983517
benchmark/laut/kaluza/1591/sink.smt2,0,0.822614
benchmark/laut/kaluza/1680/sink.smt2,0,0.775398
benchmark/laut/kaluza/200/sink.smt2,0,0.821218
benchmark/laut/kaluza/967/sink.smt2,0,0.874250
benchmark/laut/kaluza/574/sink.smt2,1,1.232757
benchmark/laut/kaluza/741/sink.smt2,1,1.182092
benchmark/laut/kaluza/1309/sink.smt2,1,1.078908
benchmark/laut/kaluza/1365/sink.smt2,0,0.871398
benchmark/laut/kaluza/1359/sink.smt2,1,1.173764
benchmark/laut/kaluza/803/sink.smt2,0,0.824896
benchmark/laut/kaluza/1521/sink.smt2,1,1.078847
benchmark/laut/kaluza/1618/sink.smt2,0,0.925633
benchmark/laut/kaluza/1531/sink.smt2,1,1.181726
benchmark/laut/kaluza/1472/sink.smt2,0,0.925133
benchmark/laut/kaluza/1381/sink.smt2,1,0.974649
benchmark/laut/kaluza/707/sink.smt2,0,0.824997
benchmark/laut/kaluza/159/sink.smt2,0,0.826839
benchmark/laut/kaluza/908/sink.smt2,0,0.873252
benchmark/laut/kaluza/1465/sink.smt2,0,0.871960
benchmark/laut/kaluza/790/sink.smt2,0,0.822153
benchmark/laut/kaluza/1/sink.smt2,0,0.774103
benchmark/laut/kaluza/1845/sink.smt2,1,1.181329
benchmark/laut/kaluza/752/sink.smt2,1,0.971454
benchmark/laut/kaluza/1672/sink.smt2,0,0.991315
benchmark/laut/kaluza/1677/sink.smt2,0,0.871904
benchmark/laut/kaluza/376/sink.smt2,0,1.028858
benchmark/laut/kaluza/1539/sink.smt2,0,0.973723
benchmark/laut/kaluza/1857/sink.smt2,0,0.819126
benchmark/laut/kaluza/1255/sink.smt2,1,1.076456
benchmark/laut/kaluza/1286/sink.smt2,0,0.876975
benchmark/laut/kaluza/1323/sink.smt2,0,0.828279
benchmark/laut/kaluza/1338/sink.smt2,1,1.180602
benchmark/laut/kaluza/975/sink.smt2,1,1.127032
benchmark/laut/kaluza/1422/sink.smt2,0,0.871982
benchmark/laut/kaluza/1702/sink.smt2,0,0.827231
benchmark/laut/kaluza/263/sink.smt2,1,0.974805
benchmark/laut/kaluza/1851/sink.smt2,0,0.979253
benchmark/laut/kaluza/479/sink.smt2,1,1.279691
benchmark/laut/kaluza/952/sink.smt2,1,1.079887
benchmark/laut/kaluza/1596/sink.smt2,1,1.071683
benchmark/laut/kaluza/1210/sink.smt2,1,1.131179
benchmark/laut/kaluza/218/sink.smt2,1,1.023280
benchmark/laut/kaluza/158/sink.smt2,1,1.976310
benchmark/laut/kaluza/1505/sink.smt2,1,1.228383
benchmark/laut/kaluza/483/sink.smt2,0,0.874432
benchmark/laut/kaluza/1774/sink.smt2,1,1.074097
benchmark/laut/kaluza/1653/sink.smt2,0,0.871960
benchmark/laut/kaluza/746/sink.smt2,1,1.177669
benchmark/laut/kaluza/716/sink.smt2,0,0.873202
benchmark/laut/kaluza/792/sink.smt2,1,0.922102
benchmark/laut/kaluza/305/sink.smt2,1,0.974871
benchmark/laut/kaluza/1828/sink.smt2,0,0.829048
benchmark/laut/kaluza/1042/sink.smt2,0,0.873588
benchmark/laut/kaluza/1028/sink.smt2,1,0.975531
benchmark/laut/kaluza/806/sink.smt2,1,1.023452
benchmark/laut/kaluza/1927/sink.smt2,0,0.822968
benchmark/laut/kaluza/556/sink.smt2,1,1.126023
benchmark/laut/kaluza/494/sink.smt2,0,0.824949
benchmark/laut/kaluza/89/sink.smt2,1,1.024731
benchmark/laut/kaluza/222/sink.smt2,0,0.771239
benchmark/laut/kaluza/1497/sink.smt2,1,1.128913
benchmark/laut/kaluza/1943/sink.smt2,1,1.082952
benchmark/laut/kaluza/581/sink.smt2,1,0.975357
benchmark/laut/kaluza/1875/sink.smt2,1,1.027477
benchmark/laut/kaluza/72/sink.smt2,1,1.227247
benchmark/laut/kaluza/1520/sink.smt2,1,1.027955
benchmark/laut/kaluza/1001/sink.smt2,1,1.229734
benchmark/laut/kaluza/1080/sink.smt2,1,1.172790
benchmark/laut/kaluza/1930/sink.smt2,1,1.023818
benchmark/laut/kaluza/408/sink.smt2,1,1.177916
benchmark/laut/kaluza/230/sink.smt2,1,1.030585
benchmark/laut/kaluza/416/sink.smt2,0,0.883665
benchmark/laut/kaluza/297/sink.smt2,1,1.025700
benchmark/laut/kaluza/1947/sink.smt2,1,1.023004
benchmark/laut/kaluza/1858/sink.smt2,0,0.924520
benchmark/laut/kaluza/1957/sink.smt2,0,0.824551
benchmark/laut/kaluza/1242/sink.smt2,0,0.825851
benchmark/laut/kaluza/1499/sink.smt2,0,1.027847
benchmark/laut/kaluza/1942/sink.smt2,0,0.825005
benchmark/laut/kaluza/634/sink.smt2,1,1.276919
benchmark/laut/kaluza/1739/sink.smt2,1,1.173432
benchmark/laut/kaluza/1355/sink.smt2,1,1.175683
benchmark/laut/kaluza/1319/sink.smt2,1,1.027591
benchmark/laut/kaluza/1113/sink.smt2,1,1.075276
benchmark/laut/kaluza/1988/sink.smt2,1,1.178418
benchmark/laut/kaluza/309/sink.smt2,0,0.874203
benchmark/laut/kaluza/1362/sink.smt2,1,1.022920
benchmark/laut/kaluza/1356/sink.smt2,0,0.875814
benchmark/laut/kaluza/1295/sink.smt2,1,1.030382
benchmark/laut/kaluza/1364/sink.smt2,1,1.178354
benchmark/laut/kaluza/1832/sink.smt2,0,0.921862
benchmark/laut/kaluza/1033/sink.smt2,1,1.077829
benchmark/laut/kaluza/1676/sink.smt2,1,1.223855
benchmark/laut/kaluza/781/sink.smt2,0,0.822358
benchmark/laut/kaluza/396/sink.smt2,1,1.023893
benchmark/laut/kaluza/1804/sink.smt2,1,1.176141
benchmark/laut/kaluza/1976/sink.smt2,1,1.022905
benchmark/laut/kaluza/547/sink.smt2,0,0.872153
benchmark/laut/kaluza/981/sink.smt2,1,1.232552
benchmark/laut/kaluza/9/sink.smt2,1,1.025053
benchmark/laut/kaluza/1934/sink.smt2,1,1.177931
benchmark/laut/kaluza/1158/sink.smt2,0,0.873253
benchmark/laut/kaluza/676/sink.smt2,0,0.828494
benchmark/laut/kaluza/1762/sink.smt2,1,1.028331
benchmark/laut/kaluza/32/sink.smt2,0,0.828960
benchmark/laut/kaluza/1123/sink.smt2,1,1.074815
benchmark/laut/kaluza/1578/sink.smt2,1,1.177648
benchmark/laut/kaluza/1303/sink.smt2,0,0.870159
benchmark/laut/kaluza/1404/sink.smt2,1,1.074362
benchmark/laut/kaluza/63/sink.smt2,1,0.970667
benchmark/laut/kaluza/1489/sink.smt2,0,0.925623
benchmark/laut/kaluza/1403/sink.smt2,0,0.873411
benchmark/laut/kaluza/1971/sink.smt2,1,1.031855
benchmark/laut/kaluza/1037/sink.smt2,0,0.826457
benchmark/laut/kaluza/308/sink.smt2,0,0.875010
benchmark/laut/kaluza/623/sink.smt2,0,1.024536
benchmark/laut/kaluza/1010/sink.smt2,1,1.024321
benchmark/laut/kaluza/576/sink.smt2,0,0.824122
benchmark/laut/kaluza/1346/sink.smt2,0,0.921487
benchmark/laut/kaluza/1410/sink.smt2,0,0.824128
benchmark/laut/kaluza/1606/sink.smt2,0,0.872599
benchmark/laut/kaluza/70/sink.smt2,1,0.922715
benchmark/laut/kaluza/1707/sink.smt2,0,0.824376
benchmark/laut/kaluza/282/sink.smt2,1,1.228442
benchmark/laut/kaluza/1899/sink.smt2,0,0.875980
benchmark/laut/kaluza/287/sink.smt2,1,0.977455
benchmark/laut/kaluza/182/sink.smt2,1,0.972911
benchmark/laut/kaluza/1402/sink.smt2,0,0.874255
benchmark/laut/kaluza/644/sink.smt2,0,0.820045
benchmark/laut/kaluza/1249/sink.smt2,0,0.871967
benchmark/laut/kaluza/252/sink.smt2,1,1.037028
benchmark/laut/kaluza/828/sink.smt2,0,0.873795
benchmark/laut/kaluza/508/sink.smt2,0,0.874759
benchmark/laut/kaluza/1320/sink.smt2,0,0.822555
benchmark/laut/kaluza/907/sink.smt2,0,0.822802
benchmark/laut/kaluza/194/sink.smt2,1,0.969704
benchmark/laut/kaluza/1620/sink.smt2,1,1.031708
benchmark/laut/kaluza/1098/sink.smt2,0,0.871989
benchmark/laut/kaluza/19/sink.smt2,0,0.771710
benchmark/laut/kaluza/1872/sink.smt2,0,0.772275
benchmark/laut/kaluza/170/sink.smt2,1,0.922289
benchmark/laut/kaluza/1340/sink.smt2,0,0.874242
benchmark/laut/kaluza/246/sink.smt2,1,0.970466
benchmark/laut/kaluza/684/sink.smt2,1,1.181967
benchmark/laut/kaluza/1660/sink.smt2,1,1.037243
benchmark/laut/kaluza/458/sink.smt2,0,0.869618
benchmark/laut/kaluza/245/sink.smt2,1,1.023392
benchmark/laut/kaluza/435/sink.smt2,1,1.131186
benchmark/laut/kaluza/341/sink.smt2,0,0.770931
benchmark/laut/kaluza/698/sink.smt2,1,1.125001
benchmark/laut/kaluza/1177/sink.smt2,0,0.922901
benchmark/laut/kaluza/1371/sink.smt2,1,1.228938
benchmark/laut/kaluza/1673/sink.smt2,1,1.229904
benchmark/laut/kaluza/1132/sink.smt2,1,1.182832
benchmark/laut/kaluza/91/sink.smt2,1,1.074104
benchmark/laut/kaluza/1264/sink.smt2,0,0.772694
benchmark/laut/kaluza/1793/sink.smt2,0,0.924353
benchmark/laut/kaluza/1794/sink.smt2,0,1.021634
benchmark/laut/kaluza/1889/sink.smt2,0,0.822821
benchmark/laut/kaluza/1141/sink.smt2,0,0.926532
benchmark/laut/kaluza/1260/sink.smt2,0,0.770297
benchmark/laut/kaluza/1693/sink.smt2,1,1.171752
benchmark/laut/kaluza/451/sink.smt2,0,0.831819
benchmark/laut/kaluza/848/sink.smt2,1,1.277984
benchmark/laut/kaluza/749/sink.smt2,1,1.024709
benchmark/laut/kaluza/1124/sink.smt2,0,0.926169
benchmark/laut/kaluza/1536/sink.smt2,0,0.771800
benchmark/laut/kaluza/796/sink.smt2,0,0.888282
benchmark/laut/kaluza/633/sink.smt2,1,1.025779
benchmark/laut/kaluza/1563/sink.smt2,1,1.074271
benchmark/laut/kaluza/810/sink.smt2,0,1.026289
benchmark/laut/kaluza/955/sink.smt2,1,1.141782
benchmark/laut/kaluza/1153/sink.smt2,0,0.834062
benchmark/laut/kaluza/1616/sink.smt2,1,1.381752
benchmark/laut/kaluza/562/sink.smt2,1,1.023206
benchmark/laut/kaluza/530/sink.smt2,0,0.828103
benchmark/laut/kaluza/2/sink.smt2,1,1.133853
benchmark/laut/kaluza/1929/sink.smt2,0,0.874072
benchmark/laut/kaluza/593/sink.smt2,0,0.927916
benchmark/laut/kaluza/629/sink.smt2,1,1.179228
benchmark/laut/kaluza/1715/sink.smt2,1,1.176684
benchmark/laut/kaluza/885/sink.smt2,0,0.824055
benchmark/laut/kaluza/500/sink.smt2,1,1.174184
benchmark/laut/kaluza/671/sink.smt2,1,1.025283
benchmark/laut/kaluza/472/sink.smt2,1,1.076752
benchmark/laut/kaluza/1145/sink.smt2,1,1.070476
benchmark/laut/kaluza/1445/sink.smt2,1,1.225897
benchmark/laut/kaluza/44/sink.smt2,1,1.026084
benchmark/laut/kaluza/264/sink.smt2,1,1.076335
benchmark/laut/kaluza/133/sink.smt2,1,1.279526
benchmark/laut/kaluza/863/sink.smt2,1,1.072219
benchmark/laut/kaluza/984/sink.smt2,0,0.824567
benchmark/laut/kaluza/800/sink.smt2,0,0.872524
benchmark/laut/kaluza/1527/sink.smt2,1,1.227571
benchmark/laut/kaluza/1665/sink.smt2,1,1.125608
benchmark/laut/kaluza/178/sink.smt2,1,1.227028
benchmark/laut/kaluza/1108/sink.smt2,0,0.828248
benchmark/laut/kaluza/616/sink.smt2,0,0.822943
benchmark/laut/kaluza/959/sink.smt2,0,0.874822
benchmark/laut/kaluza/1400/sink.smt2,1,1.129284
benchmark/laut/kaluza/1778/sink.smt2,0,0.927335
benchmark/laut/kaluza/1569/sink.smt2,0,0.872898
benchmark/laut/kaluza/537/sink.smt2,0,0.824938
benchmark/laut/kaluza/370/sink.smt2,0,0.972079
benchmark/laut/kaluza/1842/sink.smt2,0,0.823880
benchmark/laut/kaluza/251/sink.smt2,1,1.228273
benchmark/laut/kaluza/114/sink.smt2,1,1.030003
benchmark/laut/kaluza/1413/sink.smt2,0,0.876675
benchmark/laut/kaluza/18/sink.smt2,0,0.871604
benchmark/laut/kaluza/1975/sink.smt2,0,0.774900
benchmark/laut/kaluza/55/sink.smt2,1,1.128828
benchmark/laut/kaluza/852/sink.smt2,0,0.974318
benchmark/laut/kaluza/29/sink.smt2,1,1.023121
benchmark/laut/kaluza/496/sink.smt2,0,0.924684
benchmark/laut/kaluza/1164/sink.smt2,0,0.921924
benchmark/laut/kaluza/298/sink.smt2,0,1.475276
benchmark/laut/kaluza/1645/sink.smt2,0,0.821915
benchmark/laut/kaluza/1229/sink.smt2,0,0.834301
benchmark/laut/kaluza/345/sink.smt2,1,0.920011
benchmark/laut/kaluza/319/sink.smt2,1,2.337861
benchmark/laut/kaluza/1224/sink.smt2,1,1.228592
benchmark/laut/kaluza/1687/sink.smt2,1,1.179080
benchmark/laut/kaluza/625/sink.smt2,1,1.023493
benchmark/laut/kaluza/1966/sink.smt2,0,0.871873
benchmark/laut/kaluza/536/sink.smt2,1,1.175953
benchmark/laut/kaluza/1136/sink.smt2,0,0.826411
benchmark/laut/kaluza/1146/sink.smt2,1,1.281286
benchmark/laut/kaluza/1928/sink.smt2,0,0.921950
benchmark/laut/kaluza/718/sink.smt2,0,0.820393
benchmark/laut/kaluza/793/sink.smt2,1,0.924566
benchmark/laut/kaluza/926/sink.smt2,1,1.226233
benchmark/laut/kaluza/1096/sink.smt2,0,0.772621
benchmark/laut/kaluza/236/sink.smt2,1,2.284979
benchmark/laut/kaluza/1494/sink.smt2,1,1.126948
benchmark/laut/kaluza/780/sink.smt2,0,1.078810
benchmark/laut/kaluza/1496/sink.smt2,0,0.822280
benchmark/laut/kaluza/320/sink.smt2,1,1.274233
benchmark/laut/kaluza/798/sink.smt2,0,0.926309
benchmark/laut/kaluza/946/sink.smt2,1,1.176681
benchmark/laut/kaluza/1302/sink.smt2,1,1.074839
benchmark/laut/kaluza/1085/sink.smt2,0,0.819510
benchmark/laut/kaluza/679/sink.smt2,1,1.173734
benchmark/laut/kaluza/651/sink.smt2,0,0.976503
benchmark/laut/kaluza/1874/sink.smt2,0,0.822950
benchmark/laut/kaluza/1134/sink.smt2,1,1.127932
benchmark/laut/kaluza/1662/sink.smt2,1,1.227006
benchmark/laut/kaluza/1903/sink.smt2,0,0.874894
benchmark/laut/kaluza/809/sink.smt2,1,1.178069
benchmark/laut/kaluza/290/sink.smt2,0,0.824529
benchmark/laut/kaluza/563/sink.smt2,0,0.927841
benchmark/laut/kaluza/872/sink.smt2,0,0.879628
benchmark/laut/kaluza/1357/sink.smt2,1,1.331410
benchmark/laut/kaluza/1225/sink.smt2,0,1.025203
benchmark/laut/kaluza/1384/sink.smt2,1,1.034972
benchmark/laut/kaluza/720/sink.smt2,1,1.175141
benchmark/laut/kaluza/34/sink.smt2,1,1.073788
benchmark/laut/kaluza/1904/sink.smt2,0,0.871161
benchmark/laut/kaluza/212/sink.smt2,0,0.825727
benchmark/laut/kaluza/899/sink.smt2,1,1.330168
benchmark/laut/kaluza/1599/sink.smt2,0,0.977167
benchmark/laut/kaluza/857/sink.smt2,0,1.075525
benchmark/laut/kaluza/372/sink.smt2,1,1.176969
benchmark/laut/kaluza/807/sink.smt2,0,1.023585
benchmark/laut/kaluza/1796/sink.smt2,1,1.179710
benchmark/laut/kaluza/1103/sink.smt2,0,0.820246
benchmark/laut/kaluza/203/sink.smt2,1,0.974518
benchmark/laut/kaluza/919/sink.smt2,1,1.126128
benchmark/laut/kaluza/1416/sink.smt2,1,1.176787
benchmark/laut/kaluza/1735/sink.smt2,1,1.126395
benchmark/laut/kaluza/971/sink.smt2,0,0.821069
benchmark/laut/kaluza/1806/sink.smt2,0,0.877354
benchmark/laut/kaluza/195/sink.smt2,1,0.927542
benchmark/laut/kaluza/226/sink.smt2,0,0.779500
benchmark/laut/kaluza/638/sink.smt2,0,0.976946
benchmark/laut/kaluza/1610/sink.smt2,1,1.174984
benchmark/laut/kaluza/1424/sink.smt2,1,1.175541
benchmark/laut/kaluza/988/sink.smt2,0,0.876283
benchmark/laut/kaluza/1130/sink.smt2,1,1.074550
benchmark/laut/kaluza/57/sink.smt2,0,0.774691
benchmark/laut/kaluza/1006/sink.smt2,0,0.772363
benchmark/laut/kaluza/293/sink.smt2,0,0.873510
benchmark/laut/kaluza/1377/sink.smt2,0,0.770793
benchmark/laut/kaluza/730/sink.smt2,1,1.071846
benchmark/laut/kaluza/737/sink.smt2,1,1.035554
benchmark/laut/kaluza/1787/sink.smt2,1,0.975554
benchmark/laut/kaluza/1902/sink.smt2,1,1.124755
benchmark/laut/kaluza/1258/sink.smt2,0,0.821527
benchmark/laut/kaluza/1890/sink.smt2,1,1.277424
benchmark/laut/kaluza/288/sink.smt2,0,1.525298
benchmark/laut/kaluza/938/sink.smt2,0,0.826022
benchmark/laut/kaluza/525/sink.smt2,0,0.875673
benchmark/laut/kaluza/1621/sink.smt2,0,0.874566
benchmark/laut/kaluza/1220/sink.smt2,1,1.279188
benchmark/laut/kaluza/1139/sink.smt2,0,0.924901
benchmark/laut/kaluza/1217/sink.smt2,0,0.823281
benchmark/laut/kaluza/1607/sink.smt2,0,0.826787
benchmark/laut/kaluza/350/sink.smt2,1,1.076448
benchmark/laut/kaluza/1733/sink.smt2,0,0.981101
benchmark/laut/kaluza/1754/sink.smt2,0,0.825368
benchmark/laut/kaluza/650/sink.smt2,0,0.824256
benchmark/laut/kaluza/1114/sink.smt2,1,1.280987
benchmark/laut/kaluza/1946/sink.smt2,0,1.024958
benchmark/laut/kaluza/906/sink.smt2,0,0.824103
benchmark/laut/kaluza/219/sink.smt2,1,1.277420
benchmark/laut/kaluza/1046/sink.smt2,1,1.120570
benchmark/laut/kaluza/1383/sink.smt2,1,1.231265
benchmark/laut/kaluza/618/sink.smt2,1,1.177431
benchmark/laut/kaluza/552/sink.smt2,0,0.876151
benchmark/laut/kaluza/868/sink.smt2,0,0.875860
benchmark/laut/kaluza/1463/sink.smt2,0,0.823952
benchmark/laut/kaluza/1582/sink.smt2,0,0.874165
benchmark/laut/kaluza/1019/sink.smt2,0,0.923041
benchmark/laut/kaluza/40/sink.smt2,0,0.830259
benchmark/laut/kaluza/196/sink.smt2,1,1.028533
benchmark/laut/kaluza/969/sink.smt2,1,1.179031
benchmark/laut/kaluza/869/sink.smt2,0,0.926352
benchmark/laut/kaluza/383/sink.smt2,1,1.175248
benchmark/laut/kaluza/7/sink.smt2,0,0.781557
benchmark/laut/kaluza/850/sink.smt2,0,0.922722
benchmark/laut/kaluza/296/sink.smt2,0,0.824550
benchmark/laut/kaluza/1622/sink.smt2,1,1.074049
benchmark/laut/kaluza/1119/sink.smt2,1,1.076286
benchmark/laut/kaluza/584/sink.smt2,0,1.021914
benchmark/laut/kaluza/39/sink.smt2,0,0.877070
benchmark/laut/kaluza/1468/sink.smt2,1,1.175894
benchmark/laut/kaluza/1500/sink.smt2,0,0.873061
benchmark/laut/kaluza/1753/sink.smt2,0,1.023249
benchmark/laut/kaluza/1029/sink.smt2,1,1.127157
benchmark/laut/kaluza/115/sink.smt2,1,0.970306
benchmark/laut/kaluza/1900/sink.smt2,0,0.825009
benchmark/laut/kaluza/951/sink.smt2,0,0.822387
benchmark/laut/kaluza/1321/sink.smt2,0,0.820574
benchmark/laut/kaluza/1273/sink.smt2,0,0.826362
benchmark/laut/kaluza/817/sink.smt2,0,0.826811
benchmark/laut/kaluza/518/sink.smt2,1,1.227151
benchmark/laut/kaluza/497/sink.smt2,1,1.328606
benchmark/laut/kaluza/56/sink.smt2,1,3.390663
benchmark/laut/kaluza/163/sink.smt2,1,1.026596
benchmark/laut/kaluza/712/sink.smt2,0,0.829448
benchmark/laut/kaluza/841/sink.smt2,0,0.877151
benchmark/laut/kaluza/986/sink.smt2,0,0.821933
benchmark/laut/kaluza/259/sink.smt2,1,1.274218
benchmark/laut/kaluza/239/sink.smt2,1,1.226788
benchmark/laut/kaluza/1038/sink.smt2,0,0.875447
benchmark/laut/kaluza/1418/sink.smt2,1,1.175803
benchmark/laut/kaluza/392/sink.smt2,0,0.972375
benchmark/laut/kaluza/783/sink.smt2,0,0.827637
benchmark/laut/kaluza/665/sink.smt2,1,1.074041
benchmark/laut/kaluza/1736/sink.smt2,1,1.180444
benchmark/laut/kaluza/231/sink.smt2,1,1.028450
benchmark/laut/kaluza/281/sink.smt2,0,0.823442
benchmark/laut/kaluza/1757/sink.smt2,0,0.927852
benchmark/laut/kaluza/545/sink.smt2,0,0.924804
benchmark/laut/kaluza/1183/sink.smt2,1,1.227726
benchmark/laut/kaluza/1350/sink.smt2,1,1.078939
benchmark/laut/kaluza/1482/sink.smt2,0,0.874142
benchmark/laut/kaluza/836/sink.smt2,0,0.821452
benchmark/laut/kaluza/283/sink.smt2,0,0.823600
benchmark/laut/kaluza/950/sink.smt2,0,0.871940
benchmark/laut/kaluza/1451/sink.smt2,1,1.128113
benchmark/laut/kaluza/1089/sink.smt2,0,0.877045
benchmark/laut/kaluza/1815/sink.smt2,0,0.824622
benchmark/laut/kaluza/1823/sink.smt2,0,0.874142
benchmark/laut/kaluza/1358/sink.smt2,0,0.823287
benchmark/laut/kaluza/1155/sink.smt2,1,1.074915
benchmark/laut/kaluza/1738/sink.smt2,0,0.875805
benchmark/laut/kaluza/835/sink.smt2,1,1.126984
benchmark/laut/kaluza/117/sink.smt2,0,0.873003
benchmark/laut/kaluza/1573/sink.smt2,1,1.024309
benchmark/laut/kaluza/739/sink.smt2,0,0.823065
benchmark/laut/kaluza/1352/sink.smt2,0,0.926151
benchmark/laut/kaluza/766/sink.smt2,1,1.178573
benchmark/laut/kaluza/862/sink.smt2,1,1.171172
benchmark/laut/kaluza/1648/sink.smt2,1,1.025261
benchmark/laut/kaluza/640/sink.smt2,1,1.024639
benchmark/laut/kaluza/66/sink.smt2,0,0.774347
benchmark/laut/kaluza/1374/sink.smt2,1,1.024386
benchmark/laut/kaluza/434/sink.smt2,0,0.871826
benchmark/laut/kaluza/1652/sink.smt2,1,1.380544
benchmark/laut/kaluza/1755/sink.smt2,0,0.822291
benchmark/laut/kaluza/1869/sink.smt2,0,0.878874
benchmark/laut/kaluza/106/sink.smt2,1,0.971764
benchmark/laut/kaluza/371/sink.smt2,1,0.924635
benchmark/laut/kaluza/910/sink.smt2,1,1.226109
benchmark/laut/kaluza/1639/sink.smt2,1,1.133613
benchmark/laut/kaluza/180/sink.smt2,1,1.026648
benchmark/laut/kaluza/680/sink.smt2,0,0.919537
benchmark/laut/kaluza/882/sink.smt2,0,0.922874
benchmark/laut/kaluza/256/sink.smt2,1,1.021953
benchmark/laut/kaluza/1962/sink.smt2,0,0.923336
benchmark/laut/kaluza/1907/sink.smt2,0,0.879628
benchmark/laut/kaluza/1107/sink.smt2,0,0.872198
benchmark/laut/kaluza/395/sink.smt2,0,0.877088
benchmark/laut/kaluza/1898/sink.smt2,0,0.824666
benchmark/laut/kaluza/1678/sink.smt2,1,1.727848
benchmark/laut/kaluza/1274/sink.smt2,0,0.771907
benchmark/laut/kaluza/162/sink.smt2,1,1.072879
benchmark/laut/kaluza/27/sink.smt2,0,0.820222
benchmark/laut/kaluza/891/sink.smt2,0,0.875836
benchmark/laut/kaluza/378/sink.smt2,0,0.823385
benchmark/laut/kaluza/1830/sink.smt2,1,1.229133
benchmark/laut/kaluza/1178/sink.smt2,1,1.227147
benchmark/laut/kaluza/1142/sink.smt2,1,1.127884
benchmark/laut/kaluza/1932/sink.smt2,1,1.028147
benchmark/laut/kaluza/1151/sink.smt2,1,1.224510
benchmark/laut/kaluza/1813/sink.smt2,1,1.176895
benchmark/laut/kaluza/591/sink.smt2,1,1.276036
benchmark/laut/kaluza/1922/sink.smt2,0,0.922343
benchmark/laut/kaluza/1588/sink.smt2,0,0.772589
benchmark/laut/kaluza/1074/sink.smt2,1,1.072029
benchmark/laut/kaluza/1862/sink.smt2,0,0.821084
benchmark/laut/kaluza/274/sink.smt2,1,0.973171
benchmark/laut/kaluza/1816/sink.smt2,0,0.823112
benchmark/laut/kaluza/1931/sink.smt2,1,1.225624
benchmark/laut/kaluza/1480/sink.smt2,1,1.076670
benchmark/laut/kaluza/1909/sink.smt2,0,0.831715
benchmark/laut/kaluza/1940/sink.smt2,1,1.128180
benchmark/laut/kaluza/1841/sink.smt2,0,0.874203
benchmark/laut/kaluza/649/sink.smt2,0,0.876287
benchmark/laut/kaluza/1526/sink.smt2,0,0.872819
benchmark/laut/kaluza/59/sink.smt2,0,0.873678
benchmark/laut/kaluza/875/sink.smt2,0,0.926539
benchmark/laut/kaluza/1855/sink.smt2,0,0.876596
benchmark/laut/kaluza/1805/sink.smt2,1,1.228897
benchmark/laut/kaluza/165/sink.smt2,1,1.130511
benchmark/laut/kaluza/275/sink.smt2,1,1.332211
benchmark/laut/kaluza/128/sink.smt2,1,0.973608
benchmark/laut/kaluza/217/sink.smt2,1,1.029898
benchmark/laut/kaluza/1301/sink.smt2,0,0.823270
benchmark/laut/kaluza/830/sink.smt2,0,0.924842
benchmark/laut/kaluza/157/sink.smt2,1,1.279951
benchmark/laut/kaluza/1502/sink.smt2,0,0.925633
benchmark/laut/kaluza/1233/sink.smt2,1,1.080322
benchmark/laut/kaluza/1704/sink.smt2,0,0.771985
benchmark/laut/kaluza/1328/sink.smt2,0,0.977474
benchmark/laut/kaluza/1981/sink.smt2,1,1.177066
benchmark/laut/kaluza/1104/sink.smt2,1,1.078868
benchmark/laut/kaluza/1626/sink.smt2,0,0.828787
benchmark/laut/kaluza/1614/sink.smt2,1,1.025368
benchmark/laut/kaluza/1956/sink.smt2,1,1.127071
benchmark/laut/kaluza/532/sink.smt2,0,0.973326
benchmark/laut/kaluza/1093/sink.smt2,1,1.019142
benchmark/laut/kaluza/1769/sink.smt2,1,1.078833
benchmark/laut/kaluza/76/sink.smt2,1,1.231229
benchmark/laut/kaluza/269/sink.smt2,1,0.924743
benchmark/laut/kaluza/554/sink.smt2,1,1.226158
benchmark/laut/kaluza/1344/sink.smt2,0,0.972293
benchmark/laut/kaluza/447/sink.smt2,0,0.871922
benchmark/laut/kaluza/573/sink.smt2,1,1.075502
benchmark/laut/kaluza/398/sink.smt2,0,0.977125
benchmark/laut/kaluza/329/sink.smt2,1,1.027848
benchmark/laut/kaluza/1624/sink.smt2,0,0.720317
benchmark/laut/kaluza/71/sink.smt2,1,1.280110
benchmark/laut/kaluza/1627/sink.smt2,0,0.974312
benchmark/laut/kaluza/1171/sink.smt2,1,1.075702
benchmark/laut/kaluza/1278/sink.smt2,0,1.025062
benchmark/laut/kaluza/993/sink.smt2,1,1.024010
benchmark/laut/kaluza/668/sink.smt2,1,1.226847
benchmark/laut/kaluza/827/sink.smt2,1,0.979328
benchmark/laut/kaluza/787/sink.smt2,0,0.820328
benchmark/laut/kaluza/1267/sink.smt2,1,1.027532
benchmark/laut/kaluza/1386/sink.smt2,0,0.872120
benchmark/laut/kaluza/1511/sink.smt2,1,1.180262
benchmark/laut/kaluza/608/sink.smt2,1,0.923490
benchmark/laut/kaluza/69/sink.smt2,1,0.973538
benchmark/laut/kaluza/21/sink.smt2,1,0.870298
benchmark/laut/kaluza/1721/sink.smt2,1,1.176589
benchmark/laut/kaluza/1240/sink.smt2,0,0.874383
benchmark/laut/kaluza/837/sink.smt2,0,0.775051
benchmark/laut/kaluza/366/sink.smt2,0,1.074200
benchmark/laut/kaluza/1268/sink.smt2,1,1.124820
benchmark/laut/kaluza/1510/sink.smt2,1,1.379730
benchmark/laut/kaluza/1036/sink.smt2,1,1.021259
benchmark/laut/kaluza/313/sink.smt2,1,1.225016
benchmark/laut/kaluza/978/sink.smt2,0,0.876472
benchmark/laut/kaluza/1625/sink.smt2,0,0.875939
benchmark/laut/kaluza/1945/sink.smt2,0,0.823843
benchmark/laut/kaluza/661/sink.smt2,0,1.072868
benchmark/laut/kaluza/577/sink.smt2,1,1.075633
benchmark/laut/kaluza/364/sink.smt2,1,1.132256
benchmark/laut/kaluza/599/sink.smt2,0,0.922542
benchmark/laut/kaluza/1425/sink.smt2,0,0.874761
benchmark/laut/kaluza/1138/sink.smt2,1,0.975273
benchmark/laut/kaluza/1543/sink.smt2,1,1.177446
benchmark/laut/kaluza/232/sink.smt2,1,1.277313
benchmark/laut/kaluza/1112/sink.smt2,1,1.230507
benchmark/laut/kaluza/1363/sink.smt2,1,1.180006
benchmark/laut/kaluza/201/sink.smt2,1,1.225249
benchmark/laut/kaluza/36/sink.smt2,1,1.025017
benchmark/laut/kaluza/1750/sink.smt2,1,1.024421
benchmark/laut/kaluza/1293/sink.smt2,1,1.087074
benchmark/laut/kaluza/855/sink.smt2,1,1.023011
benchmark/laut/kaluza/1330/sink.smt2,0,1.026912
benchmark/laut/kaluza/816/sink.smt2,1,1.276905
benchmark/laut/kaluza/588/sink.smt2,0,0.871174
benchmark/laut/kaluza/20/sink.smt2,0,0.720970
benchmark/laut/kaluza/413/sink.smt2,1,1.131378
benchmark/laut/kaluza/15/sink.smt2,1,1.076103
benchmark/laut/kaluza/1791/sink.smt2,1,1.177878
benchmark/laut/kaluza/120/sink.smt2,1,3.190572
benchmark/laut/kaluza/1390/sink.smt2,0,0.822923
benchmark/laut/kaluza/1495/sink.smt2,0,0.775556
benchmark/laut/kaluza/1871/sink.smt2,0,0.873445
benchmark/laut/kaluza/116/sink.smt2,1,2.836379
benchmark/laut/kaluza/240/sink.smt2,0,0.828024
benchmark/laut/kaluza/261/sink.smt2,0,1.582072
benchmark/laut/kaluza/613/sink.smt2,0,0.871589
benchmark/laut/kaluza/77/sink.smt2,1,1.022598
benchmark/laut/kaluza/1135/sink.smt2,0,0.924710
benchmark/laut/kaluza/1593/sink.smt2,0,0.976856
benchmark/laut/kaluza/403/sink.smt2,0,0.870414
benchmark/laut/kaluza/1335/sink.smt2,0,0.925102
benchmark/laut/kaluza/456/sink.smt2,0,0.874002
benchmark/laut/kaluza/361/sink.smt2,1,1.077909
benchmark/laut/kaluza/148/sink.smt2,1,1.222985
benchmark/laut/kaluza/1867/sink.smt2,0,0.820255
benchmark/laut/kaluza/347/sink.smt2,1,1.126827
benchmark/laut/kaluza/546/sink.smt2,1,1.075536
benchmark/laut/kaluza/374/sink.smt2,1,0.928577
benchmark/laut/kaluza/1231/sink.smt2,0,0.826196
benchmark/laut/kaluza/1203/sink.smt2,0,0.927456
benchmark/laut/kaluza/594/sink.smt2,1,1.074733
benchmark/laut/kaluza/865/sink.smt2,0,0.974935
benchmark/laut/kaluza/1849/sink.smt2,1,1.277254
benchmark/laut/kaluza/921/sink.smt2,0,0.877946
benchmark/laut/kaluza/1021/sink.smt2,0,0.821726
benchmark/laut/kaluza/1005/sink.smt2,0,1.026234
benchmark/laut/kaluza/1361/sink.smt2,1,1.174977
benchmark/laut/kaluza/861/sink.smt2,1,1.032008
benchmark/laut/kaluza/300/sink.smt2,1,1.077867
benchmark/laut/kaluza/1843/sink.smt2,1,1.227499
benchmark/laut/kaluza/192/sink.smt2,0,0.776663
benchmark/laut/kaluza/1893/sink.smt2,1,1.025655
benchmark/laut/kaluza/627/sink.smt2,1,1.381667
benchmark/laut/kaluza/516/sink.smt2,1,1.629688
benchmark/laut/kaluza/33/sink.smt2,1,1.228472
benchmark/laut/kaluza/1685/sink.smt2,0,0.874982
benchmark/laut/kaluza/377/sink.smt2,1,1.072810
benchmark/laut/kaluza/535/sink.smt2,0,0.870003
benchmark/laut/kaluza/1436/sink.smt2,0,0.972324
benchmark/laut/kaluza/1327/sink.smt2,0,0.973803
benchmark/laut/kaluza/166/sink.smt2,1,1.228485
benchmark/laut/kaluza/1992/sink.smt2,0,0.871576
benchmark/laut/kaluza/11/sink.smt2,0,0.824035
benchmark/laut/kaluza/1960/sink.smt2,0,0.874020
benchmark/laut/kaluza/1032/sink.smt2,0,0.977318
benchmark/laut/kaluza/626/sink.smt2,1,1.178914
benchmark/laut/kaluza/1111/sink.smt2,1,1.274590
benchmark/laut/kaluza/438/sink.smt2,0,0.974991
benchmark/laut/kaluza/391/sink.smt2,0,0.831556
benchmark/laut/kaluza/1161/sink.smt2,0,0.924157
benchmark/laut/kaluza/1387/sink.smt2,1,1.327563
benchmark/laut/kaluza/1378/sink.smt2,1,1.677333
benchmark/laut/kaluza/1311/sink.smt2,1,1.226242
benchmark/laut/kaluza/52/sink.smt2,1,0.981985
benchmark/laut/kaluza/481/sink.smt2,0,0.879632
benchmark/laut/kaluza/1275/sink.smt2,0,1.074013
benchmark/laut/kaluza/1854/sink.smt2,0,0.874581
benchmark/laut/kaluza/1068/sink.smt2,1,1.071535
benchmark/laut/kaluza/46/sink.smt2,0,0.724416
benchmark/laut/kaluza/538/sink.smt2,1,1.177656
benchmark/laut/kaluza/83/sink.smt2,1,0.978041
benchmark/laut/kaluza/431/sink.smt2,1,1.128767
benchmark/laut/kaluza/1669/sink.smt2,1,1.175278
benchmark/laut/kaluza/664/sink.smt2,0,0.874098
benchmark/laut/kaluza/221/sink.smt2,0,0.823598
benchmark/laut/kaluza/10/sink.smt2,1,1.029393
benchmark/laut/kaluza/732/sink.smt2,0,0.821899
benchmark/laut/kaluza/1280/sink.smt2,0,0.932695
benchmark/laut/kaluza/389/sink.smt2,0,0.924886
benchmark/laut/kaluza/999/sink.smt2,0,0.821699
benchmark/laut/kaluza/936/sink.smt2,0,0.821016
benchmark/laut/kaluza/1575/sink.smt2,0,0.975444
benchmark/laut/kaluza/1201/sink.smt2,1,1.175813
benchmark/laut/kaluza/145/sink.smt2,1,0.935626
benchmark/laut/kaluza/1191/sink.smt2,0,0.822546
benchmark/laut/kaluza/1175/sink.smt2,1,1.173402
benchmark/laut/kaluza/1152/sink.smt2,0,0.932140
benchmark/laut/kaluza/1348/sink.smt2,0,0.973385
benchmark/laut/kaluza/802/sink.smt2,1,0.979805
benchmark/laut/kaluza/1638/sink.smt2,0,0.820683
benchmark/laut/kaluza/654/sink.smt2,1,1.022412
benchmark/laut/kaluza/1052/sink.smt2,1,1.224782
benchmark/laut/kaluza/1720/sink.smt2,1,1.179544
benchmark/laut/kaluza/142/sink.smt2,0,0.824363
benchmark/laut/kaluza/601/sink.smt2,0,0.828604
benchmark/laut/kaluza/336/sink.smt2,1,0.872283
benchmark/laut/kaluza/1512/sink.smt2,0,0.774682
benchmark/laut/kaluza/550/sink.smt2,0,1.026492
benchmark/laut/kaluza/894/sink.smt2,0,0.925782
benchmark/laut/kaluza/1432/sink.smt2,1,1.180121
benchmark/laut/kaluza/302/sink.smt2,1,1.026919
benchmark/laut/kaluza/1282/sink.smt2,0,0.877967
benchmark/laut/kaluza/1710/sink.smt2,0,0.972526
benchmark/laut/kaluza/1086/sink.smt2,0,0.926803
benchmark/laut/kaluza/65/sink.smt2,1,3.236819
benchmark/laut/kaluza/1887/sink.smt2,0,0.869791
benchmark/laut/kaluza/813/sink.smt2,1,1.273495
benchmark/laut/kaluza/1649/sink.smt2,0,0.872679
benchmark/laut/kaluza/1024/sink.smt2,0,0.824616
benchmark/laut/kaluza/1870/sink.smt2,1,1.175598
benchmark/laut/kaluza/134/sink.smt2,0,1.526959
benchmark/laut/kaluza/805/sink.smt2,1,0.972019
benchmark/laut/kaluza/1329/sink.smt2,0,0.871082
benchmark/laut/kaluza/1963/sink.smt2,0,0.971560
benchmark/laut/kaluza/1542/sink.smt2,0,0.875344
benchmark/laut/kaluza/846/sink.smt2,0,0.974423
benchmark/laut/kaluza/1567/sink.smt2,0,0.823336
benchmark/laut/kaluza/1709/sink.smt2,0,0.874557
benchmark/laut/kaluza/533/sink.smt2,0,0.822485
benchmark/laut/kaluza/1069/sink.smt2,1,1.025778
benchmark/laut/kaluza/1751/sink.smt2,1,1.276021
benchmark/laut/kaluza/311/sink.smt2,1,0.925681
benchmark/laut/kaluza/979/sink.smt2,0,0.874586
benchmark/laut/kaluza/466/sink.smt2,0,0.976011
benchmark/laut/kaluza/1262/sink.smt2,0,0.874328
benchmark/laut/kaluza/714/sink.smt2,0,0.821513
benchmark/laut/kaluza/1256/sink.smt2,1,1.326778
benchmark/laut/kaluza/168/sink.smt2,0,0.824972
benchmark/laut/kaluza/913/sink.smt2,1,1.025476
benchmark/laut/kaluza/1058/sink.smt2,1,1.129165
benchmark/laut/kaluza/820/sink.smt2,1,1.081793
benchmark/laut/kaluza/1062/sink.smt2,1,1.229095
benchmark/laut/kaluza/1819/sink.smt2,1,1.026377
benchmark/laut/kaluza/1117/sink.smt2,0,0.878542
benchmark/laut/kaluza/1244/sink.smt2,0,0.771081
benchmark/laut/kaluza/1109/sink.smt2,1,1.075729
benchmark/laut/kaluza/1853/sink.smt2,1,1.178841
benchmark/laut/kaluza/672/sink.smt2,0,0.875130
benchmark/laut/kaluza/522/sink.smt2,1,1.077803
benchmark/laut/kaluza/1030/sink.smt2,1,1.125861
benchmark/laut/kaluza/924/sink.smt2,0,0.871397
benchmark/laut/kaluza/1137/sink.smt2,0,0.878133
benchmark/laut/kaluza/1641/sink.smt2,0,0.920529
benchmark/laut/kaluza/1568/sink.smt2,0,0.878502
benchmark/laut/kaluza/153/sink.smt2,1,1.233166
benchmark/laut/kaluza/285/sink.smt2,0,0.883084
benchmark/laut/kaluza/631/sink.smt2,1,1.077730
benchmark/laut/kaluza/62/sink.smt2,0,0.770727
benchmark/laut/kaluza/1079/sink.smt2,0,0.924259
benchmark/laut/kaluza/1185/sink.smt2,0,0.974360
benchmark/laut/kaluza/689/sink.smt2,1,1.222726
benchmark/laut/kaluza/1228/sink.smt2,1,1.087207
benchmark/laut/kaluza/1199/sink.smt2,1,0.974758
benchmark/laut/kaluza/1847/sink.smt2,1,1.279156
benchmark/laut/kaluza/1895/sink.smt2,0,0.872639
benchmark/laut/kaluza/1237/sink.smt2,0,1.028920
benchmark/laut/kaluza/461/sink.smt2,0,0.874648
benchmark/laut/kaluza/1829/sink.smt2,1,1.276858
benchmark/laut/kaluza/1147/sink.smt2,0,0.925882
benchmark/laut/kaluza/1438/sink.smt2,0,0.930332
benchmark/laut/kaluza/1651/sink.smt2,0,1.026577
benchmark/laut/kaluza/717/sink.smt2,0,0.883517
benchmark/laut/kaluza/109/sink.smt2,1,0.928254
benchmark/laut/kaluza/1304/sink.smt2,0,0.926505
benchmark/laut/kaluza/646/sink.smt2,0,0.973313
benchmark/laut/kaluza/176/sink.smt2,1,1.936791
benchmark/laut/kaluza/1398/sink.smt2,0,0.821720
benchmark/laut/kaluza/126/sink.smt2,1,2.133296
benchmark/laut/kaluza/379/sink.smt2,1,1.128800
benchmark/laut/kaluza/1674/sink.smt2,1,1.232652
benchmark/laut/kaluza/1004/sink.smt2,1,1.076981
benchmark/laut/kaluza/505/sink.smt2,1,1.021284
benchmark/laut/kaluza/1959/sink.smt2,0,0.978559
benchmark/laut/kaluza/452/sink.smt2,1,1.021754
benchmark/laut/kaluza/949/sink.smt2,0,0.828568
benchmark/laut/kaluza/1105/sink.smt2,1,1.178349
benchmark/laut/kaluza/498/sink.smt2,1,1.077888
benchmark/laut/kaluza/734/sink.smt2,1,1.124002
benchmark/laut/kaluza/1281/sink.smt2,1,1.027501
benchmark/laut/kaluza/1477/sink.smt2,0,0.820664
benchmark/laut/kaluza/1549/sink.smt2,0,0.844755
benchmark/laut/kaluza/1031/sink.smt2,0,0.821661
benchmark/laut/kaluza/1310/sink.smt2,1,1.024352
benchmark/laut/kaluza/1166/sink.smt2,0,0.826815
benchmark/laut/kaluza/1781/sink.smt2,1,1.023659
benchmark/laut/kaluza/1372/sink.smt2,0,0.821262
benchmark/laut/kaluza/1603/sink.smt2,0,1.078515
benchmark/laut/kaluza/1572/sink.smt2,1,1.031139
benchmark/laut/kaluza/98/sink.smt2,1,1.277108
benchmark/laut/kaluza/197/sink.smt2,1,1.024517
benchmark/laut/kaluza/517/sink.smt2,0,0.822443
benchmark/laut/kaluza/1226/sink.smt2,0,0.975468
benchmark/laut/kaluza/1230/sink.smt2,0,0.874486
benchmark/laut/kaluza/1435/sink.smt2,1,1.076452
benchmark/laut/kaluza/328/sink.smt2,1,0.875643
benchmark/laut/kaluza/1713/sink.smt2,1,1.177279
benchmark/laut/kaluza/1634/sink.smt2,0,0.974978
benchmark/laut/kaluza/299/sink.smt2,1,1.026163
benchmark/laut/kaluza/559/sink.smt2,0,0.881080
benchmark/laut/kaluza/322/sink.smt2,0,0.824515
benchmark/laut/kaluza/478/sink.smt2,1,0.974270
benchmark/laut/kaluza/1444/sink.smt2,1,1.175442
benchmark/laut/kaluza/107/sink.smt2,1,0.973475
benchmark/laut/kaluza/1474/sink.smt2,0,0.975280
benchmark/laut/kaluza/1722/sink.smt2,0,0.880506
benchmark/laut/kaluza/896/sink.smt2,1,1.174898
benchmark/laut/kaluza/1632/sink.smt2,0,0.882546
benchmark/laut/kaluza/1507/sink.smt2,1,1.027609
benchmark/laut/kaluza/1838/sink.smt2,0,0.825634
benchmark/laut/kaluza/1619/sink.smt2,1,1.181143
benchmark/laut/kaluza/1629/sink.smt2,0,1.079688
benchmark/laut/kaluza/1761/sink.smt2,1,1.226947
benchmark/laut/kaluza/1442/sink.smt2,0,0.975971
benchmark/laut/kaluza/1820/sink.smt2,0,0.824116
benchmark/laut/kaluza/207/sink.smt2,1,1.025495
benchmark/laut/kaluza/958/sink.smt2,1,1.226750
benchmark/laut/kaluza/1373/sink.smt2,1,1.074655
benchmark/laut/kaluza/457/sink.smt2,1,1.279094
benchmark/laut/kaluza/227/sink.smt2,1,1.044453
benchmark/laut/kaluza/1053/sink.smt2,0,0.825746
benchmark/laut/kaluza/1581/sink.smt2,0,0.825416
benchmark/laut/kaluza/1467/sink.smt2,0,0.825728
benchmark/laut/kaluza/1169/sink.smt2,1,1.179252
benchmark/laut/kaluza/701/sink.smt2,1,1.172314
benchmark/laut/kaluza/998/sink.smt2,1,1.071938
benchmark/laut/kaluza/394/sink.smt2,0,1.079932
benchmark/laut/kaluza/973/sink.smt2,0,0.828248
benchmark/laut/kaluza/898/sink.smt2,1,1.072790
benchmark/laut/kaluza/659/sink.smt2,0,0.825289
benchmark/laut/kaluza/1283/sink.smt2,1,1.026513
benchmark/laut/kaluza/422/sink.smt2,1,1.225835
benchmark/laut/kaluza/1094/sink.smt2,1,1.074443
benchmark/laut/kaluza/445/sink.smt2,1,1.681075
benchmark/laut/kaluza/1431/sink.smt2,0,0.870154
benchmark/laut/kaluza/1343/sink.smt2,0,0.874457
benchmark/laut/kaluza/430/sink.smt2,0,0.823830
benchmark/laut/kaluza/693/sink.smt2,0,0.823103
benchmark/laut/kaluza/333/sink.smt2,1,1.025614
benchmark/laut/kaluza/1414/sink.smt2,0,0.874710
benchmark/laut/kaluza/1285/sink.smt2,1,0.972643
benchmark/laut/kaluza/888/sink.smt2,1,1.233817
benchmark/laut/kaluza/688/sink.smt2,1,1.173661
benchmark/laut/kaluza/879/sink.smt2,1,1.006365
benchmark/laut/kaluza/486/sink.smt2,1,1.176389
benchmark/laut/kaluza/710/sink.smt2,0,0.822077
benchmark/laut/kaluza/1530/sink.smt2,1,1.023970
benchmark/laut/kaluza/1148/sink.smt2,0,0.972487
benchmark/laut/kaluza/1711/sink.smt2,0,0.825176
benchmark/laut/kaluza/954/sink.smt2,0,0.975528
benchmark/laut/kaluza/892/sink.smt2,0,0.873334
benchmark/laut/kaluza/901/sink.smt2,0,0.823047
benchmark/laut/kaluza/1133/sink.smt2,1,1.025838
benchmark/laut/kaluza/754/sink.smt2,0,0.824787
benchmark/laut/kaluza/1212/sink.smt2,1,1.076675
benchmark/laut/kaluza/224/sink.smt2,1,1.025665
benchmark/laut/kaluza/1901/sink.smt2,1,1.171282
benchmark/laut/kaluza/1207/sink.smt2,1,1.177060
benchmark/laut/kaluza/1952/sink.smt2,0,0.823335
benchmark/laut/kaluza/905/sink.smt2,0,0.829367
benchmark/laut/kaluza/1523/sink.smt2,1,1.073934
benchmark/laut/kaluza/337/sink.smt2,0,1.024757
benchmark/laut/kaluza/860/sink.smt2,1,1.072600
benchmark/laut/kaluza/539/sink.smt2,1,1.227063
benchmark/laut/kaluza/1218/sink.smt2,1,1.127624
benchmark/laut/kaluza/1392/sink.smt2,1,1.222009
benchmark/laut/kaluza/417/sink.smt2,1,1.225481
benchmark/laut/kaluza/424/sink.smt2,0,0.927426
benchmark/laut/kaluza/915/sink.smt2,0,0.875766
benchmark/laut/kaluza/1324/sink.smt2,1,1.130512
benchmark/laut/kaluza/286/sink.smt2,0,0.821633
benchmark/laut/kaluza/635/sink.smt2,0,0.928439
benchmark/laut/kaluza/268/sink.smt2,1,1.277819
benchmark/laut/kaluza/1254/sink.smt2,1,1.229886
benchmark/laut/kaluza/1585/sink.smt2,1,1.176517
benchmark/laut/kaluza/662/sink.smt2,1,1.225020
benchmark/laut/kaluza/1025/sink.smt2,1,1.176789
benchmark/laut/kaluza/983/sink.smt2,0,0.873036
benchmark/laut/kaluza/175/sink.smt2,0,0.794767
benchmark/laut/kaluza/353/sink.smt2,1,1.076325
benchmark/laut/kaluza/1509/sink.smt2,0,0.878800
benchmark/laut/kaluza/1550/sink.smt2,1,1.024402
benchmark/laut/kaluza/1740/sink.smt2,1,1.072931
benchmark/laut/kaluza/1574/sink.smt2,1,1.126296
benchmark/laut/kaluza/1182/sink.smt2,0,0.823438
benchmark/laut/kaluza/1407/sink.smt2,1,1.133474
benchmark/laut/kaluza/1983/sink.smt2,0,0.872728
benchmark/laut/kaluza/1498/sink.smt2,0,0.820160
benchmark/laut/kaluza/352/sink.smt2,0,0.973196
benchmark/laut/kaluza/1644/sink.smt2,0,0.823450
benchmark/laut/kaluza/17/sink.smt2,1,0.971124
benchmark/laut/kaluza/22/sink.smt2,1,0.922941
benchmark/laut/kaluza/1597/sink.smt2,0,0.822987
benchmark/laut/kaluza/1727/sink.smt2,1,1.223273
benchmark/laut/kaluza/775/sink.smt2,1,1.225028
benchmark/laut/kaluza/99/sink.smt2,1,1.024932
benchmark/laut/kaluza/1991/sink.smt2,0,0.826103
benchmark/laut/kaluza/1878/sink.smt2,0,0.924889
benchmark/laut/kaluza/726/sink.smt2,1,1.227350
benchmark/laut/kaluza/1106/sink.smt2,1,1.123328
benchmark/laut/kaluza/1951/sink.smt2,1,1.075417
benchmark/laut/kaluza/25/sink.smt2,1,1.078882
benchmark/laut/kaluza/1434/sink.smt2,1,1.230335
benchmark/laut/kaluza/75/sink.smt2,1,1.224276
benchmark/laut/kaluza/1252/sink.smt2,0,0.773064
benchmark/laut/kaluza/1332/sink.smt2,1,1.174010
benchmark/laut/kaluza/1219/sink.smt2,1,1.175956
benchmark/laut/kaluza/1822/sink.smt2,1,1.176659
benchmark/laut/kaluza/1654/sink.smt2,1,1.129817
benchmark/laut/kaluza/1466/sink.smt2,1,1.179759
benchmark/laut/kaluza/639/sink.smt2,1,1.175084
benchmark/laut/kaluza/1172/sink.smt2,0,0.823576
benchmark/laut/kaluza/1788/sink.smt2,0,0.925841
benchmark/laut/kaluza/1916/sink.smt2,1,1.125431
benchmark/laut/kaluza/41/sink.smt2,0,0.774020
benchmark/laut/kaluza/243/sink.smt2,1,1.078331
benchmark/laut/kaluza/604/sink.smt2,0,0.824786
benchmark/laut/kaluza/1081/sink.smt2,0,0.932641
benchmark/laut/kaluza/715/sink.smt2,0,0.926927
benchmark/laut/kaluza/784/sink.smt2,0,0.928964
benchmark/laut/kaluza/1719/sink.smt2,0,0.827032
benchmark/laut/kaluza/1666/sink.smt2,1,1.074026
benchmark/laut/kaluza/1047/sink.smt2,0,0.875550
benchmark/laut/kaluza/1415/sink.smt2,0,0.921389
benchmark/laut/kaluza/1780/sink.smt2,1,1.084507
benchmark/laut/kaluza/428/sink.smt2,0,1.028438
benchmark/laut/kaluza/1066/sink.smt2,0,0.823874
benchmark/laut/kaluza/1768/sink.smt2,0,0.823936
benchmark/laut/kaluza/736/sink.smt2,1,1.229494
benchmark/laut/kaluza/1269/sink.smt2,0,0.875050
benchmark/laut/kaluza/421/sink.smt2,0,0.824303
benchmark/laut/kaluza/1555/sink.smt2,1,1.125382
benchmark/laut/kaluza/1433/sink.smt2,0,0.821705
benchmark/laut/kaluza/1877/sink.smt2,1,1.125004
benchmark/laut/kaluza/397/sink.smt2,0,0.923611
benchmark/laut/kaluza/725/sink.smt2,1,1.022273
benchmark/laut/kaluza/524/sink.smt2,0,0.874649
benchmark/laut/kaluza/73/sink.smt2,1,1.025402
benchmark/laut/kaluza/1092/sink.smt2,0,0.821478
benchmark/laut/kaluza/100/sink.smt2,1,1.025154
benchmark/laut/kaluza/96/sink.smt2,0,0.825974
benchmark/laut/kaluza/141/sink.smt2,1,1.077247
benchmark/laut/kaluza/890/sink.smt2,0,0.771796
benchmark/laut/kaluza/1881/sink.smt2,0,0.973886
benchmark/laut/kaluza/324/sink.smt2,1,1.030584
benchmark/laut/kaluza/834/sink.smt2,0,0.774562
benchmark/laut/kaluza/595/sink.smt2,0,0.921705
benchmark/laut/kaluza/317/sink.smt2,1,1.075143
benchmark/laut/kaluza/1529/sink.smt2,0,0.925654
benchmark/laut/kaluza/1944/sink.smt2,1,1.122106
benchmark/laut/kaluza/652/sink.smt2,0,0.872316
benchmark/laut/kaluza/1292/sink.smt2,1,1.076140
benchmark/laut/kaluza/1501/sink.smt2,0,0.822039
benchmark/laut/kaluza/557/sink.smt2,0,0.927290
benchmark/laut/kaluza/893/sink.smt2,0,0.925595
benchmark/laut/kaluza/570/sink.smt2,0,0.775139
benchmark/laut/kaluza/1206/sink.smt2,0,0.875491
benchmark/laut/kaluza/1290/sink.smt2,0,0.924415
benchmark/laut/kaluza/130/sink.smt2,1,0.975104
benchmark/laut/kaluza/1659/sink.smt2,1,1.175588
benchmark/laut/kaluza/210/sink.smt2,1,1.075512
benchmark/laut/kaluza/1706/sink.smt2,1,1.177225
benchmark/laut/kaluza/1379/sink.smt2,1,1.027454
benchmark/laut/kaluza/1009/sink.smt2,1,1.078454
benchmark/laut/kaluza/1235/sink.smt2,1,1.131143
benchmark/laut/kaluza/1317/sink.smt2,1,1.129707
benchmark/laut/kaluza/443/sink.smt2,1,1.071849
benchmark/laut/kaluza/1949/sink.smt2,0,0.922965
benchmark/laut/kaluza/1656/sink.smt2,0,0.826343
benchmark/laut/kaluza/992/sink.smt2,1,1.072626
benchmark/laut/kaluza/932/sink.smt2,0,0.876725
benchmark/laut/kaluza/1246/sink.smt2,1,1.079715
benchmark/laut/kaluza/1615/sink.smt2,0,0.823408
benchmark/laut/kaluza/385/sink.smt2,0,0.823489
benchmark/laut/kaluza/1440/sink.smt2,0,0.876874
benchmark/laut/kaluza/1812/sink.smt2,1,1.074377
benchmark/laut/kaluza/1730/sink.smt2,1,1.073335
benchmark/laut/kaluza/840/sink.smt2,1,1.029961
benchmark/laut/kaluza/367/sink.smt2,0,0.822340
benchmark/laut/kaluza/35/sink.smt2,1,1.124040
benchmark/laut/kaluza/1635/sink.smt2,1,1.123425
benchmark/laut/kaluza/1257/sink.smt2,1,1.026183
benchmark/laut/kaluza/31/sink.smt2,1,1.025696
benchmark/laut/kaluza/437/sink.smt2,1,1.124842
benchmark/laut/kaluza/48/sink.smt2,1,1.026344
benchmark/laut/kaluza/1385/sink.smt2,0,0.972578
benchmark/laut/kaluza/1826/sink.smt2,1,1.126690
benchmark/laut/kaluza/991/sink.smt2,1,1.226598
benchmark/laut/kaluza/1337/sink.smt2,0,0.876872
benchmark/laut/kaluza/1954/sink.smt2,1,1.175640
benchmark/laut/kaluza/1697/sink.smt2,0,0.873562
benchmark/laut/kaluza/229/sink.smt2,0,0.932979
benchmark/laut/kaluza/1515/sink.smt2,0,0.871889
benchmark/laut/kaluza/272/sink.smt2,1,1.026552
benchmark/laut/kaluza/704/sink.smt2,0,0.869671
benchmark/laut/kaluza/241/sink.smt2,1,1.176945
benchmark/laut/kaluza/1336/sink.smt2,0,0.875176
benchmark/laut/kaluza/1525/sink.smt2,0,0.824649
benchmark/laut/kaluza/423/sink.smt2,0,0.927273
benchmark/laut/kaluza/1994/sink.smt2,1,1.226499
benchmark/laut/kaluza/819/sink.smt2,1,1.276950
benchmark/laut/kaluza/346/sink.smt2,0,0.973522
benchmark/laut/kaluza/789/sink.smt2,0,0.875842
benchmark/laut/kaluza/1459/sink.smt2,0,0.824850
benchmark/laut/kaluza/801/sink.smt2,1,0.972990
benchmark/laut/kaluza/1532/sink.smt2,1,1.033099
benchmark/laut/kaluza/895/sink.smt2,1,1.125385
benchmark/laut/kaluza/111/sink.smt2,1,1.024571
benchmark/laut/kaluza/997/sink.smt2,1,1.327402
benchmark/laut/kaluza/1717/sink.smt2,1,1.126550
benchmark/laut/kaluza/731/sink.smt2,t,0.0
benchmark/laut/kaluza/1783/sink.smt2,1,1.023839
benchmark/laut/kaluza/74/sink.smt2,1,2.739527
benchmark/laut/kaluza/1873/sink.smt2,0,0.970741
benchmark/laut/kaluza/234/sink.smt2,1,2.334953
benchmark/laut/kaluza/1197/sink.smt2,1,0.973863
benchmark/laut/kaluza/161/sink.smt2,1,1.075060
benchmark/laut/kaluza/1561/sink.smt2,1,1.126677
benchmark/laut/kaluza/1087/sink.smt2,1,1.030159
benchmark/laut/kaluza/799/sink.smt2,1,1.023466
benchmark/laut/kaluza/279/sink.smt2,1,0.975326
benchmark/laut/kaluza/990/sink.smt2,0,0.876532
benchmark/laut/kaluza/249/sink.smt2,0,0.826071
benchmark/laut/kaluza/215/sink.smt2,1,1.074203
benchmark/laut/kaluza/743/sink.smt2,0,0.923627
benchmark/laut/kaluza/677/sink.smt2,1,0.919697
benchmark/laut/kaluza/469/sink.smt2,1,1.022984
benchmark/laut/kaluza/459/sink.smt2,0,0.873745
benchmark/laut/kaluza/225/sink.smt2,0,1.627140
benchmark/laut/kaluza/686/sink.smt2,1,1.225389
benchmark/laut/kaluza/597/sink.smt2,0,0.874308
benchmark/laut/kaluza/1265/sink.smt2,0,0.926835
benchmark/laut/kaluza/97/sink.smt2,0,1.430729
benchmark/laut/kaluza/23/sink.smt2,1,1.074860
benchmark/laut/kaluza/1891/sink.smt2,0,0.826047
benchmark/laut/kaluza/696/sink.smt2,1,1.122717
benchmark/laut/kaluza/384/sink.smt2,0,0.780730
benchmark/laut/kaluza/292/sink.smt2,0,0.820728
benchmark/laut/kaluza/355/sink.smt2,1,1.029319
benchmark/laut/kaluza/1852/sink.smt2,0,0.771843
benchmark/laut/kaluza/1150/sink.smt2,1,1.277280
benchmark/laut/kaluza/1288/sink.smt2,1,1.128217
benchmark/laut/kaluza/1294/sink.smt2,1,1.022482
benchmark/laut/kaluza/617/sink.smt2,0,0.927481
benchmark/laut/kaluza/357/sink.smt2,0,0.928720
benchmark/laut/kaluza/190/sink.smt2,0,0.772406
benchmark/laut/kaluza/47/sink.smt2,0,0.875538
benchmark/laut/kaluza/387/sink.smt2,0,1.025810
benchmark/laut/kaluza/1043/sink.smt2,1,1.129504
benchmark/laut/kaluza/842/sink.smt2,1,1.028066
benchmark/laut/kaluza/502/sink.smt2,0,0.873570
benchmark/laut/kaluza/1388/sink.smt2,0,0.972315
benchmark/laut/kaluza/258/sink.smt2,1,1.276737
benchmark/laut/kaluza/1253/sink.smt2,0,0.873090
benchmark/laut/kaluza/656/sink.smt2,0,0.978379
benchmark/laut/kaluza/1831/sink.smt2,1,1.170739
benchmark/laut/kaluza/937/sink.smt2,0,1.028471
benchmark/laut/kaluza/289/sink.smt2,1,1.027144
benchmark/laut/kaluza/1671/sink.smt2,0,0.924082
benchmark/laut/kaluza/1016/sink.smt2,0,0.873344
benchmark/laut/kaluza/1885/sink.smt2,1,1.079235
benchmark/laut/kaluza/1506/sink.smt2,1,1.071924
benchmark/laut/kaluza/1250/sink.smt2,1,1.130978
benchmark/laut/kaluza/844/sink.smt2,0,0.873784
benchmark/laut/kaluza/1503/sink.smt2,1,1.076859
benchmark/laut/kaluza/1213/sink.smt2,1,1.227354
benchmark/laut/kaluza/1102/sink.smt2,1,1.078627
benchmark/laut/kaluza/509/sink.smt2,1,1.128150
benchmark/laut/kaluza/1368/sink.smt2,0,0.876256
benchmark/laut/kaluza/441/sink.smt2,0,0.875236
benchmark/laut/kaluza/877/sink.smt2,1,1.124742
benchmark/laut/kaluza/977/sink.smt2,0,0.873766
benchmark/laut/kaluza/695/sink.smt2,1,1.073492
benchmark/laut/kaluza/699/sink.smt2,0,0.831550
benchmark/laut/kaluza/1776/sink.smt2,0,0.921354
benchmark/laut/kaluza/666/sink.smt2,1,1.073624
benchmark/laut/kaluza/648/sink.smt2,1,1.075343
benchmark/laut/kaluza/1775/sink.smt2,0,0.821741
benchmark/laut/kaluza/1541/sink.smt2,1,1.076179
benchmark/laut/kaluza/566/sink.smt2,0,0.924185
benchmark/laut/kaluza/1470/sink.smt2,1,0.975591
benchmark/laut/kaluza/943/sink.smt2,0,0.825331
benchmark/laut/kaluza/1866/sink.smt2,0,0.978804
benchmark/laut/kaluza/1393/sink.smt2,0,0.883724
benchmark/laut/kaluza/769/sink.smt2,1,1.029340
benchmark/laut/kaluza/1865/sink.smt2,0,0.877718
benchmark/laut/kaluza/1964/sink.smt2,1,1.078398
benchmark/laut/kaluza/310/sink.smt2,1,1.074559
benchmark/laut/kaluza/1493/sink.smt2,0,0.874339
benchmark/laut/kaluza/181/sink.smt2,1,1.128938
benchmark/laut/kaluza/172/sink.smt2,1,1.022041
benchmark/laut/kaluza/412/sink.smt2,1,1.176510
benchmark/laut/kaluza/1658/sink.smt2,1,1.180479
benchmark/laut/kaluza/368/sink.smt2,1,1.076049
benchmark/laut/kaluza/558/sink.smt2,0,0.878502
benchmark/laut/kaluza/786/sink.smt2,1,1.076148
benchmark/laut/kaluza/146/sink.smt2,1,1.025927
benchmark/laut/kaluza/1429/sink.smt2,0,1.031430
benchmark/laut/kaluza/1023/sink.smt2,0,0.875672
benchmark/laut/kaluza/1827/sink.smt2,0,0.825201
benchmark/laut/kaluza/1571/sink.smt2,1,1.227624
benchmark/laut/kaluza/1598/sink.smt2,0,0.924632
benchmark/laut/kaluza/934/sink.smt2,0,0.770211
benchmark/laut/kaluza/690/sink.smt2,1,1.076872
benchmark/laut/kaluza/475/sink.smt2,0,0.776141
benchmark/laut/kaluza/1712/sink.smt2,0,0.823053
benchmark/laut/kaluza/307/sink.smt2,1,1.079828
benchmark/laut/kaluza/436/sink.smt2,1,1.426962
benchmark/laut/kaluza/1492/sink.smt2,1,1.146095
benchmark/laut/kaluza/1773/sink.smt2,0,0.870935
benchmark/laut/kaluza/687/sink.smt2,1,1.028962
benchmark/laut/kaluza/1196/sink.smt2,0,0.822814
benchmark/laut/kaluza/748/sink.smt2,1,1.181030
benchmark/laut/kaluza/1481/sink.smt2,1,1.180143
benchmark/laut/kaluza/1003/sink.smt2,0,0.922989
benchmark/laut/kaluza/1661/sink.smt2,1,1.126364
benchmark/laut/kaluza/727/sink.smt2,0,0.872959
benchmark/laut/kaluza/51/sink.smt2,0,0.822408
benchmark/laut/kaluza/1888/sink.smt2,1,1.174061
benchmark/laut/kaluza/904/sink.smt2,1,1.075517
benchmark/laut/kaluza/1299/sink.smt2,1,1.176675
benchmark/laut/kaluza/1075/sink.smt2,0,0.979453
benchmark/laut/kaluza/301/sink.smt2,0,0.820601
benchmark/laut/kaluza/465/sink.smt2,1,1.072358
benchmark/laut/kaluza/825/sink.smt2,0,0.875493
benchmark/laut/kaluza/624/sink.smt2,0,0.877097
benchmark/laut/kaluza/1045/sink.smt2,0,0.823480
benchmark/laut/kaluza/808/sink.smt2,0,0.925085
benchmark/laut/kaluza/1128/sink.smt2,0,0.874850
benchmark/laut/kaluza/185/sink.smt2,0,0.884024
benchmark/laut/kaluza/1558/sink.smt2,1,1.077603
benchmark/laut/kaluza/740/sink.smt2,0,0.877292
benchmark/laut/kaluza/587/sink.smt2,1,1.079591
benchmark/laut/kaluza/156/sink.smt2,1,1.228376
benchmark/laut/kaluza/1968/sink.smt2,0,0.874336
benchmark/laut/kaluza/1115/sink.smt2,0,0.874790
benchmark/laut/kaluza/1305/sink.smt2,0,0.877593
benchmark/laut/kaluza/771/sink.smt2,1,1.076018
benchmark/laut/kaluza/1737/sink.smt2,0,0.875309
benchmark/laut/kaluza/1908/sink.smt2,1,1.075621
benchmark/laut/kaluza/953/sink.smt2,0,0.978588
benchmark/laut/kaluza/323/sink.smt2,1,1.228418
benchmark/laut/kaluza/1041/sink.smt2,1,1.277882
benchmark/laut/kaluza/93/sink.smt2,1,0.975102
benchmark/laut/kaluza/1758/sink.smt2,1,1.026221
benchmark/laut/kaluza/1925/sink.smt2,0,0.874084
benchmark/laut/kaluza/831/sink.smt2,1,0.975597
benchmark/laut/kaluza/386/sink.smt2,1,0.872290
benchmark/laut/kaluza/1417/sink.smt2,0,0.826934
benchmark/laut/kaluza/1271/sink.smt2,0,0.922940
benchmark/laut/kaluza/1544/sink.smt2,0,0.828988
benchmark/laut/kaluza/1439/sink.smt2,t,0.0
benchmark/laut/kaluza/1631/sink.smt2,1,1.128243
benchmark/laut/kaluza/711/sink.smt2,0,0.875976
benchmark/laut/kaluza/1101/sink.smt2,0,0.773387
benchmark/laut/kaluza/1173/sink.smt2,0,1.025833
benchmark/laut/kaluza/1604/sink.smt2,0,1.080499
benchmark/laut/kaluza/663/sink.smt2,0,0.926051
benchmark/laut/kaluza/1216/sink.smt2,0,0.925566
benchmark/laut/kaluza/567/sink.smt2,1,1.531466
benchmark/laut/kaluza/1055/sink.smt2,1,1.025222
benchmark/laut/kaluza/1179/sink.smt2,1,1.280413
benchmark/laut/kaluza/1576/sink.smt2,1,1.178126
benchmark/laut/kaluza/942/sink.smt2,0,0.874598
benchmark/laut/kaluza/1097/sink.smt2,0,0.827913
benchmark/laut/kaluza/520/sink.smt2,1,1.226710
benchmark/laut/kaluza/429/sink.smt2,0,0.823237
benchmark/laut/kaluza/878/sink.smt2,0,1.024400
benchmark/laut/kaluza/1195/sink.smt2,1,1.074192
benchmark/laut/kaluza/87/sink.smt2,1,1.078355
benchmark/laut/kaluza/709/sink.smt2,0,0.876137
benchmark/laut/kaluza/874/sink.smt2,0,0.820291
benchmark/laut/kaluza/785/sink.smt2,1,1.022801
benchmark/laut/kaluza/606/sink.smt2,0,0.925611
benchmark/laut/kaluza/88/sink.smt2,1,1.025679
benchmark/laut/kaluza/1647/sink.smt2,0,0.875090
benchmark/laut/kaluza/266/sink.smt2,1,1.025782
benchmark/laut/kaluza/1807/sink.smt2,1,1.074850
benchmark/laut/kaluza/1453/sink.smt2,0,0.775071
benchmark/laut/kaluza/1989/sink.smt2,1,1.023926
benchmark/laut/kaluza/965/sink.smt2,0,0.877000
benchmark/laut/kaluza/1140/sink.smt2,1,1.024297
benchmark/laut/kaluza/2000/sink.smt2,1,1.019744
benchmark/laut/kaluza/1552/sink.smt2,1,1.075126
benchmark/laut/kaluza/1795/sink.smt2,1,1.023691
benchmark/laut/kaluza/1937/sink.smt2,1,1.082186
benchmark/laut/kaluza/1612/sink.smt2,0,0.883039
benchmark/laut/kaluza/543/sink.smt2,0,0.980290
benchmark/laut/kaluza/470/sink.smt2,1,1.177308
benchmark/laut/kaluza/1747/sink.smt2,0,0.872817
benchmark/laut/kaluza/579/sink.smt2,0,0.929485
benchmark/laut/kaluza/1099/sink.smt2,1,1.231501
benchmark/laut/kaluza/1996/sink.smt2,0,0.923073
benchmark/laut/kaluza/1915/sink.smt2,1,1.025505
benchmark/laut/kaluza/996/sink.smt2,1,1.023718
benchmark/laut/kaluza/454/sink.smt2,1,1.176119
benchmark/laut/kaluza/214/sink.smt2,1,1.077527
benchmark/laut/kaluza/529/sink.smt2,0,0.825225
benchmark/laut/kaluza/738/sink.smt2,1,1.282359
benchmark/laut/kaluza/580/sink.smt2,0,0.820970
benchmark/laut/kaluza/947/sink.smt2,1,1.128063
benchmark/laut/kaluza/1533/sink.smt2,0,0.927300
benchmark/laut/kaluza/1906/sink.smt2,0,0.875606
benchmark/laut/kaluza/751/sink.smt2,0,0.822294
benchmark/laut/kaluza/1223/sink.smt2,0,0.820902
benchmark/laut/kaluza/1551/sink.smt2,1,1.028934
benchmark/laut/kaluza/204/sink.smt2,1,2.784200
benchmark/laut/kaluza/723/sink.smt2,1,1.275700
benchmark/laut/kaluza/325/sink.smt2,1,0.976219
benchmark/laut/kaluza/1546/sink.smt2,0,1.026861
benchmark/laut/kaluza/773/sink.smt2,0,0.871345
benchmark/laut/kaluza/1149/sink.smt2,0,0.825889
benchmark/laut/kaluza/152/sink.smt2,1,1.277594
benchmark/laut/kaluza/1955/sink.smt2,1,1.333876
benchmark/laut/kaluza/596/sink.smt2,0,0.774738
benchmark/laut/kaluza/615/sink.smt2,1,1.131434
benchmark/laut/kaluza/1517/sink.smt2,0,0.822097
benchmark/laut/kaluza/150/sink.smt2,1,0.926290
benchmark/laut/kaluza/136/sink.smt2,0,0.770406
benchmark/laut/kaluza/1798/sink.smt2,1,1.025157
benchmark/laut/kaluza/791/sink.smt2,0,0.827681
benchmark/laut/kaluza/1316/sink.smt2,1,1.074467
benchmark/laut/kaluza/1116/sink.smt2,1,1.025577
benchmark/laut/kaluza/1545/sink.smt2,0,0.873675
benchmark/laut/kaluza/694/sink.smt2,1,0.927225
benchmark/laut/kaluza/928/sink.smt2,0,0.822066
benchmark/laut/kaluza/78/sink.smt2,1,1.026555
benchmark/laut/kaluza/843/sink.smt2,0,0.924226
benchmark/laut/kaluza/1411/sink.smt2,1,1.223886
benchmark/laut/kaluza/1473/sink.smt2,0,0.873935
benchmark/laut/kaluza/1504/sink.smt2,1,1.024850
benchmark/laut/kaluza/188/sink.smt2,0,0.826374
benchmark/laut/kaluza/444/sink.smt2,0,0.821570
benchmark/laut/kaluza/1688/sink.smt2,1,1.180701
benchmark/laut/kaluza/501/sink.smt2,1,1.124731
benchmark/laut/kaluza/513/sink.smt2,1,0.926414
benchmark/laut/kaluza/1131/sink.smt2,1,1.675314
benchmark/laut/kaluza/621/sink.smt2,0,0.828867
benchmark/laut/kaluza/1583/sink.smt2,0,0.922688
benchmark/laut/kaluza/645/sink.smt2,1,1.172097
benchmark/laut/kaluza/1777/sink.smt2,1,1.226963
benchmark/laut/kaluza/1313/sink.smt2,0,0.824965
benchmark/laut/kaluza/948/sink.smt2,1,1.181310
benchmark/laut/kaluza/189/sink.smt2,1,2.192608
benchmark/laut/kaluza/724/sink.smt2,0,0.874377
benchmark/laut/kaluza/1741/sink.smt2,0,0.876140
benchmark/laut/kaluza/643/sink.smt2,0,0.975979
benchmark/laut/kaluza/79/sink.smt2,1,1.080824
benchmark/laut/kaluza/358/sink.smt2,0,1.027498
benchmark/laut/kaluza/929/sink.smt2,1,1.177352
benchmark/laut/kaluza/356/sink.smt2,0,0.825987
benchmark/laut/kaluza/84/sink.smt2,1,1.073566
benchmark/laut/kaluza/1070/sink.smt2,1,1.129427
benchmark/laut/kaluza/103/sink.smt2,1,1.026222
benchmark/laut/kaluza/719/sink.smt2,1,1.634960
benchmark/laut/kaluza/940/sink.smt2,0,0.823662
benchmark/laut/kaluza/1165/sink.smt2,0,0.927103
benchmark/laut/kaluza/1936/sink.smt2,1,1.021812
benchmark/laut/kaluza/409/sink.smt2,1,1.072568
benchmark/laut/kaluza/1072/sink.smt2,1,1.127212
benchmark/laut/kaluza/1419/sink.smt2,0,0.777122
benchmark/laut/kaluza/897/sink.smt2,1,1.023643
benchmark/laut/kaluza/1792/sink.smt2,1,1.330841
benchmark/laut/kaluza/480/sink.smt2,1,1.275524
benchmark/laut/kaluza/1705/sink.smt2,0,0.873197
benchmark/laut/kaluza/1154/sink.smt2,0,0.826287
benchmark/laut/kaluza/1298/sink.smt2,1,1.125332
benchmark/laut/kaluza/779/sink.smt2,0,0.769049
benchmark/laut/kaluza/1187/sink.smt2,1,1.175158
benchmark/laut/kaluza/1157/sink.smt2,1,1.027308
benchmark/laut/kaluza/1547/sink.smt2,0,0.972903
benchmark/laut/kaluza/1118/sink.smt2,1,1.022238
benchmark/laut/kaluza/1306/sink.smt2,0,0.822834
benchmark/laut/kaluza/1999/sink.smt2,0,0.876125
benchmark/laut/kaluza/568/sink.smt2,1,1.331419
benchmark/laut/kaluza/883/sink.smt2,0,0.827974
benchmark/laut/kaluza/1779/sink.smt2,0,0.974374
benchmark/laut/kaluza/1628/sink.smt2,1,1.227999
benchmark/laut/kaluza/332/sink.smt2,1,1.125991
benchmark/laut/kaluza/818/sink.smt2,1,1.480795
benchmark/laut/kaluza/957/sink.smt2,0,0.869764
benchmark/laut/kaluza/12/sink.smt2,0,0.825634
benchmark/laut/kaluza/1450/sink.smt2,1,1.176383
benchmark/laut/kaluza/425/sink.smt2,0,0.873015
benchmark/laut/kaluza/569/sink.smt2,0,0.874723
benchmark/laut/kaluza/1538/sink.smt2,0,0.820319
benchmark/laut/kaluza/1611/sink.smt2,0,0.976394
benchmark/laut/kaluza/43/sink.smt2,0,0.823017
benchmark/laut/kaluza/177/sink.smt2,1,1.020966
benchmark/laut/kaluza/1640/sink.smt2,1,1.227007
benchmark/laut/kaluza/82/sink.smt2,1,2.685268
benchmark/laut/kaluza/1284/sink.smt2,0,0.825468
benchmark/laut/kaluza/169/sink.smt2,1,1.019866
benchmark/laut/kaluza/1447/sink.smt2,0,0.872431
benchmark/laut/kaluza/1380/sink.smt2,1,1.176173
benchmark/laut/kaluza/1803/sink.smt2,1,1.227626
benchmark/laut/kaluza/1263/sink.smt2,0,0.924850
benchmark/laut/kaluza/191/sink.smt2,1,0.970261
benchmark/laut/kaluza/632/sink.smt2,1,1.073229
benchmark/laut/kaluza/610/sink.smt2,1,1.124329
benchmark/laut/kaluza/1345/sink.smt2,0,0.875626
benchmark/laut/kaluza/667/sink.smt2,1,1.178086
benchmark/laut/kaluza/1017/sink.smt2,1,1.178094
benchmark/laut/kaluza/426/sink.smt2,0,0.972666
benchmark/laut/kaluza/315/sink.smt2,1,1.278715
benchmark/laut/kaluza/916/sink.smt2,0,0.876427
benchmark/laut/kaluza/1570/sink.smt2,0,1.022902
benchmark/laut/kaluza/767/sink.smt2,1,1.226137
benchmark/laut/kaluza/1423/sink.smt2,1,1.172104
benchmark/laut/kaluza/531/sink.smt2,1,1.030301
benchmark/laut/kaluza/1657/sink.smt2,1,1.135273
benchmark/laut/kaluza/1860/sink.smt2,1,1.228289
benchmark/laut/kaluza/1731/sink.smt2,0,0.928058
benchmark/laut/kaluza/1012/sink.smt2,0,0.870835
benchmark/laut/kaluza/1914/sink.smt2,1,1.326929
benchmark/laut/kaluza/464/sink.smt2,1,1.327365
benchmark/laut/kaluza/614/sink.smt2,1,1.228030
benchmark/laut/kaluza/1579/sink.smt2,0,0.829579
benchmark/laut/kaluza/721/sink.smt2,0,0.823314
benchmark/laut/kaluza/871/sink.smt2,1,1.171850
benchmark/laut/kaluza/572/sink.smt2,1,1.275178
benchmark/laut/kaluza/755/sink.smt2,0,0.876721
benchmark/laut/kaluza/1483/sink.smt2,0,1.025368
benchmark/laut/kaluza/1967/sink.smt2,0,0.876173
benchmark/laut/kaluza/565/sink.smt2,0,0.771755
benchmark/laut/kaluza/504/sink.smt2,0,0.925168
benchmark/laut/kaluza/1718/sink.smt2,1,1.025752
benchmark/laut/kaluza/1421/sink.smt2,1,1.074049
benchmark/laut/kaluza/1910/sink.smt2,1,0.979237
benchmark/laut/kaluza/553/sink.smt2,0,0.870413
benchmark/laut/kaluza/1073/sink.smt2,1,1.179907
benchmark/laut/kaluza/334/sink.smt2,1,1.026483
benchmark/laut/kaluza/989/sink.smt2,1,1.124419
benchmark/laut/kaluza/1125/sink.smt2,0,0.770188
benchmark/laut/kaluza/641/sink.smt2,0,0.874734
benchmark/laut/kaluza/1856/sink.smt2,1,1.125325
benchmark/laut/kaluza/331/sink.smt2,1,1.079109
benchmark/laut/kaluza/1008/sink.smt2,1,1.280106
benchmark/laut/kaluza/560/sink.smt2,1,1.025422
benchmark/laut/kaluza/463/sink.smt2,0,0.775718
benchmark/laut/kaluza/541/sink.smt2,1,1.030621
benchmark/laut/kaluza/511/sink.smt2,1,1.277081
benchmark/laut/kaluza/1488/sink.smt2,1,1.225368
benchmark/laut/kaluza/1491/sink.smt2,0,1.023071
benchmark/laut/kaluza/1044/sink.smt2,0,0.824820
benchmark/laut/kaluza/433/sink.smt2,1,1.376888
benchmark/laut/kaluza/1088/sink.smt2,1,1.122427
benchmark/laut/kaluza/1059/sink.smt2,1,1.075672
benchmark/laut/kaluza/1912/sink.smt2,1,1.176263
benchmark/laut/kaluza/1535/sink.smt2,1,1.276883
benchmark/laut/kaluza/812/sink.smt2,1,1.179342
benchmark/laut/kaluza/1566/sink.smt2,0,0.871682
benchmark/laut/kaluza/139/sink.smt2,1,1.274632
benchmark/laut/kaluza/1326/sink.smt2,1,0.977514
benchmark/laut/kaluza/867/sink.smt2,1,1.230590
benchmark/laut/kaluza/260/sink.smt2,0,0.875407
benchmark/laut/kaluza/729/sink.smt2,1,1.077102
benchmark/laut/kaluza/772/sink.smt2,0,0.923926
benchmark/laut/kaluza/1938/sink.smt2,0,0.826208
benchmark/laut/kaluza/410/sink.smt2,1,1.024389
benchmark/laut/kaluza/1027/sink.smt2,0,0.874490
benchmark/laut/kaluza/1982/sink.smt2,0,0.975882
benchmark/laut/kaluza/642/sink.smt2,0,0.928261
benchmark/laut/kaluza/1993/sink.smt2,0,0.877828
benchmark/laut/kaluza/1238/sink.smt2,1,1.228753