benchmark=kaluza,solver=s3p,TO=20.000000
path,sat,time
benchmark/laut/kaluza/404/sink.s3,1,0.826967
benchmark/laut/kaluza/1789/sink.s3,0,0.034671
benchmark/laut/kaluza/1144/sink.s3,0,0.067884
benchmark/laut/kaluza/1636/sink.s3,0,0.067027
benchmark/laut/kaluza/405/sink.s3,1,0.035755
benchmark/laut/kaluza/1800/sink.s3,1,0.066092
benchmark/laut/kaluza/1211/sink.s3,1,0.037394
benchmark/laut/kaluza/987/sink.s3,0,0.035134
benchmark/laut/kaluza/968/sink.s3,0,0.069080
benchmark/laut/kaluza/1484/sink.s3,0,0.036949
benchmark/laut/kaluza/1514/sink.s3,1,0.036387
benchmark/laut/kaluza/1799/sink.s3,1,0.034921
benchmark/laut/kaluza/1065/sink.s3,0,0.035915
benchmark/laut/kaluza/1382/sink.s3,1,0.117923
benchmark/laut/kaluza/1836/sink.s3,0,0.033822
benchmark/laut/kaluza/1508/sink.s3,1,0.067650
benchmark/laut/kaluza/1725/sink.s3,0,0.039616
benchmark/laut/kaluza/763/sink.s3,1,0.066969
benchmark/laut/kaluza/1745/sink.s3,1,0.065429
benchmark/laut/kaluza/1289/sink.s3,1,0.079183
benchmark/laut/kaluza/811/sink.s3,0,0.069821
benchmark/laut/kaluza/198/sink.s3,0,0.065813
benchmark/laut/kaluza/765/sink.s3,0,0.035648
benchmark/laut/kaluza/127/sink.s3,1,0.070995
benchmark/laut/kaluza/647/sink.s3,1,0.067931
benchmark/laut/kaluza/1241/sink.s3,1,0.069955
benchmark/laut/kaluza/1969/sink.s3,0,0.036600
benchmark/laut/kaluza/1460/sink.s3,0,0.034888
benchmark/laut/kaluza/92/sink.s3,1,0.065691
benchmark/laut/kaluza/1180/sink.s3,0,0.039273
benchmark/laut/kaluza/1919/sink.s3,1,0.066617
benchmark/laut/kaluza/135/sink.s3,0,0.035852
benchmark/laut/kaluza/1894/sink.s3,0,0.035692
benchmark/laut/kaluza/1613/sink.s3,1,0.035982
benchmark/laut/kaluza/1590/sink.s3,0,0.039297
benchmark/laut/kaluza/499/sink.s3,1,0.040174
benchmark/laut/kaluza/512/sink.s3,0,0.036037
benchmark/laut/kaluza/482/sink.s3,1,0.042134
benchmark/laut/kaluza/585/sink.s3,0,0.033968
benchmark/laut/kaluza/118/sink.s3,0,0.046863
benchmark/laut/kaluza/1958/sink.s3,0,0.035513
benchmark/laut/kaluza/1446/sink.s3,1,0.037858
benchmark/laut/kaluza/886/sink.s3,0,0.034553
benchmark/laut/kaluza/160/sink.s3,1,0.033433
benchmark/laut/kaluza/1883/sink.s3,0,0.036687
benchmark/laut/kaluza/1534/sink.s3,0,0.035793
benchmark/laut/kaluza/814/sink.s3,0,0.034292
benchmark/laut/kaluza/911/sink.s3,0,0.034772
benchmark/laut/kaluza/1205/sink.s3,0,0.037432
benchmark/laut/kaluza/388/sink.s3,1,0.035074
benchmark/laut/kaluza/564/sink.s3,1,0.038150
benchmark/laut/kaluza/1347/sink.s3,0,0.033282
benchmark/laut/kaluza/1389/sink.s3,1,0.034980
benchmark/laut/kaluza/1162/sink.s3,1,0.034393
benchmark/laut/kaluza/487/sink.s3,1,0.065188
benchmark/laut/kaluza/923/sink.s3,0,0.035094
benchmark/laut/kaluza/702/sink.s3,0,0.037688
benchmark/laut/kaluza/1351/sink.s3,0,0.065753
benchmark/laut/kaluza/1002/sink.s3,1,0.118128
benchmark/laut/kaluza/1564/sink.s3,0,0.034051
benchmark/laut/kaluza/108/sink.s3,0,0.034064
benchmark/laut/kaluza/381/sink.s3,1,0.038595
benchmark/laut/kaluza/1824/sink.s3,1,0.070656
benchmark/laut/kaluza/768/sink.s3,0,0.035065
benchmark/laut/kaluza/295/sink.s3,1,0.066650
benchmark/laut/kaluza/420/sink.s3,0,0.035853
benchmark/laut/kaluza/823/sink.s3,1,0.068059
benchmark/laut/kaluza/1752/sink.s3,1,0.067331
benchmark/laut/kaluza/945/sink.s3,1,0.067025
benchmark/laut/kaluza/64/sink.s3,1,0.068457
benchmark/laut/kaluza/544/sink.s3,1,0.034542
benchmark/laut/kaluza/80/sink.s3,1,0.067100
benchmark/laut/kaluza/966/sink.s3,1,0.036500
benchmark/laut/kaluza/1814/sink.s3,0,0.070480
benchmark/laut/kaluza/561/sink.s3,0,0.036569
benchmark/laut/kaluza/1602/sink.s3,0,0.033585
benchmark/laut/kaluza/1333/sink.s3,0,0.033790
benchmark/laut/kaluza/442/sink.s3,1,0.035906
benchmark/laut/kaluza/186/sink.s3,1,0.033672
benchmark/laut/kaluza/1848/sink.s3,0,0.032635
benchmark/laut/kaluza/284/sink.s3,1,0.035392
benchmark/laut/kaluza/53/sink.s3,1,0.034746
benchmark/laut/kaluza/1868/sink.s3,1,0.035381
benchmark/laut/kaluza/876/sink.s3,1,0.072954
benchmark/laut/kaluza/411/sink.s3,0,0.022131
benchmark/laut/kaluza/691/sink.s3,1,0.035773
benchmark/laut/kaluza/1724/sink.s3,1,0.036997
benchmark/laut/kaluza/759/sink.s3,1,0.070420
benchmark/laut/kaluza/1420/sink.s3,0,0.035178
benchmark/laut/kaluza/1765/sink.s3,0,0.034560
benchmark/laut/kaluza/1876/sink.s3,1,0.036926
benchmark/laut/kaluza/745/sink.s3,0,0.034541
benchmark/laut/kaluza/121/sink.s3,1,0.033284
benchmark/laut/kaluza/1835/sink.s3,0,0.024580
benchmark/laut/kaluza/1122/sink.s3,1,0.035881
benchmark/laut/kaluza/1200/sink.s3,0,0.033411
benchmark/laut/kaluza/1437/sink.s3,1,0.073753
benchmark/laut/kaluza/1334/sink.s3,0,0.034154
benchmark/laut/kaluza/1913/sink.s3,1,0.038416
benchmark/laut/kaluza/1174/sink.s3,0,0.035222
benchmark/laut/kaluza/205/sink.s3,0,0.034676
benchmark/laut/kaluza/149/sink.s3,1,0.068842
benchmark/laut/kaluza/318/sink.s3,1,0.042666
benchmark/laut/kaluza/1259/sink.s3,1,0.068775
benchmark/laut/kaluza/1291/sink.s3,1,0.035535
benchmark/laut/kaluza/1980/sink.s3,0,0.038042
benchmark/laut/kaluza/174/sink.s3,1,0.067486
benchmark/laut/kaluza/762/sink.s3,1,0.037316
benchmark/laut/kaluza/30/sink.s3,1,0.035237
benchmark/laut/kaluza/909/sink.s3,1,0.036334
benchmark/laut/kaluza/316/sink.s3,1,0.173822
benchmark/laut/kaluza/1077/sink.s3,0,0.035249
benchmark/laut/kaluza/1742/sink.s3,0,0.039552
benchmark/laut/kaluza/1156/sink.s3,0,0.035477
benchmark/laut/kaluza/1668/sink.s3,0,0.034238
benchmark/laut/kaluza/211/sink.s3,1,0.069156
benchmark/laut/kaluza/167/sink.s3,1,0.077879
benchmark/laut/kaluza/1689/sink.s3,0,0.034547
benchmark/laut/kaluza/851/sink.s3,0,0.034222
benchmark/laut/kaluza/1917/sink.s3,0,0.068911
benchmark/laut/kaluza/839/sink.s3,1,0.041610
benchmark/laut/kaluza/1471/sink.s3,1,0.067609
benchmark/laut/kaluza/620/sink.s3,1,0.070384
benchmark/laut/kaluza/1184/sink.s3,1,0.036797
benchmark/laut/kaluza/1245/sink.s3,1,0.065183
benchmark/laut/kaluza/873/sink.s3,1,0.065947
benchmark/laut/kaluza/467/sink.s3,0,0.019959
benchmark/laut/kaluza/1091/sink.s3,1,0.036829
benchmark/laut/kaluza/1701/sink.s3,1,0.035725
benchmark/laut/kaluza/489/sink.s3,1,0.035246
benchmark/laut/kaluza/276/sink.s3,1,0.034762
benchmark/laut/kaluza/1239/sink.s3,1,0.065733
benchmark/laut/kaluza/1834/sink.s3,0,0.040570
benchmark/laut/kaluza/605/sink.s3,0,0.036912
benchmark/laut/kaluza/510/sink.s3,1,0.035759
benchmark/laut/kaluza/1061/sink.s3,1,0.035196
benchmark/laut/kaluza/1082/sink.s3,0,0.036042
benchmark/laut/kaluza/1729/sink.s3,0,0.076351
benchmark/laut/kaluza/13/sink.s3,1,0.067458
benchmark/laut/kaluza/1518/sink.s3,0,0.069283
benchmark/laut/kaluza/1455/sink.s3,0,0.069240
benchmark/laut/kaluza/1686/sink.s3,0,0.035417
benchmark/laut/kaluza/1978/sink.s3,1,0.038712
benchmark/laut/kaluza/1699/sink.s3,0,0.034463
benchmark/laut/kaluza/1905/sink.s3,0,0.040722
benchmark/laut/kaluza/49/sink.s3,1,0.037902
benchmark/laut/kaluza/1513/sink.s3,1,0.038967
benchmark/laut/kaluza/1339/sink.s3,0,0.043379
benchmark/laut/kaluza/1243/sink.s3,1,0.035598
benchmark/laut/kaluza/770/sink.s3,1,0.072121
benchmark/laut/kaluza/1318/sink.s3,0,0.070199
benchmark/laut/kaluza/257/sink.s3,1,0.035126
benchmark/laut/kaluza/390/sink.s3,1,0.035557
benchmark/laut/kaluza/1426/sink.s3,1,0.066953
benchmark/laut/kaluza/1039/sink.s3,0,0.036729
benchmark/laut/kaluza/216/sink.s3,1,0.267304
benchmark/laut/kaluza/607/sink.s3,0,0.035066
benchmark/laut/kaluza/399/sink.s3,0,0.117442
benchmark/laut/kaluza/1127/sink.s3,0,0.038915
benchmark/laut/kaluza/1452/sink.s3,0,0.035041
benchmark/laut/kaluza/735/sink.s3,1,0.068097
benchmark/laut/kaluza/920/sink.s3,0,0.036103
benchmark/laut/kaluza/1261/sink.s3,0,0.035264
benchmark/laut/kaluza/348/sink.s3,1,0.033002
benchmark/laut/kaluza/492/sink.s3,1,0.066800
benchmark/laut/kaluza/670/sink.s3,0,0.034886
benchmark/laut/kaluza/1449/sink.s3,0,0.033649
benchmark/laut/kaluza/209/sink.s3,1,0.038031
benchmark/laut/kaluza/776/sink.s3,0,0.034354
benchmark/laut/kaluza/1067/sink.s3,0,0.034697
benchmark/laut/kaluza/797/sink.s3,0,0.034682
benchmark/laut/kaluza/1276/sink.s3,1,0.037146
benchmark/laut/kaluza/1369/sink.s3,1,0.066230
benchmark/laut/kaluza/1430/sink.s3,1,0.036483
benchmark/laut/kaluza/338/sink.s3,1,0.035024
benchmark/laut/kaluza/653/sink.s3,1,0.067233
benchmark/laut/kaluza/1577/sink.s3,0,0.033271
benchmark/laut/kaluza/344/sink.s3,1,0.033568
benchmark/laut/kaluza/1961/sink.s3,0,0.032725
benchmark/laut/kaluza/611/sink.s3,1,0.034363
benchmark/laut/kaluza/1586/sink.s3,1,0.077169
benchmark/laut/kaluza/184/sink.s3,1,0.035128
benchmark/laut/kaluza/1341/sink.s3,0,0.038765
benchmark/laut/kaluza/1808/sink.s3,0,0.034222
benchmark/laut/kaluza/994/sink.s3,0,0.034944
benchmark/laut/kaluza/406/sink.s3,0,0.037077
benchmark/laut/kaluza/880/sink.s3,0,0.033088
benchmark/laut/kaluza/551/sink.s3,0,0.036728
benchmark/laut/kaluza/1026/sink.s3,0,0.035766
benchmark/laut/kaluza/449/sink.s3,0,0.036735
benchmark/laut/kaluza/1060/sink.s3,0,0.037358
benchmark/laut/kaluza/1850/sink.s3,1,0.036766
benchmark/laut/kaluza/1817/sink.s3,0,0.038459
benchmark/laut/kaluza/884/sink.s3,0,0.034823
benchmark/laut/kaluza/42/sink.s3,1,0.036073
benchmark/laut/kaluza/67/sink.s3,1,0.035768
benchmark/laut/kaluza/1202/sink.s3,1,0.037355
benchmark/laut/kaluza/102/sink.s3,1,0.034724
benchmark/laut/kaluza/1918/sink.s3,0,0.033662
benchmark/laut/kaluza/1892/sink.s3,1,0.067497
benchmark/laut/kaluza/700/sink.s3,1,0.033389
benchmark/laut/kaluza/826/sink.s3,1,0.034750
benchmark/laut/kaluza/28/sink.s3,1,0.034956
benchmark/laut/kaluza/854/sink.s3,1,0.066422
benchmark/laut/kaluza/1950/sink.s3,0,0.035123
benchmark/laut/kaluza/925/sink.s3,1,0.035761
benchmark/laut/kaluza/326/sink.s3,0,0.033699
benchmark/laut/kaluza/1443/sink.s3,0,0.033849
benchmark/laut/kaluza/213/sink.s3,1,0.036493
benchmark/laut/kaluza/1314/sink.s3,0,0.035189
benchmark/laut/kaluza/705/sink.s3,1,0.068057
benchmark/laut/kaluza/455/sink.s3,0,0.034851
benchmark/laut/kaluza/491/sink.s3,0,0.032126
benchmark/laut/kaluza/685/sink.s3,1,0.065710
benchmark/laut/kaluza/1034/sink.s3,1,0.035114
benchmark/laut/kaluza/81/sink.s3,1,0.067294
benchmark/laut/kaluza/460/sink.s3,0,0.034324
benchmark/laut/kaluza/414/sink.s3,1,0.065462
benchmark/laut/kaluza/1609/sink.s3,0,0.034989
benchmark/laut/kaluza/147/sink.s3,1,0.065021
benchmark/laut/kaluza/1714/sink.s3,0,0.023167
benchmark/laut/kaluza/1248/sink.s3,0,0.067773
benchmark/laut/kaluza/1864/sink.s3,0,0.071712
benchmark/laut/kaluza/713/sink.s3,1,0.035207
benchmark/laut/kaluza/362/sink.s3,0,0.037370
benchmark/laut/kaluza/728/sink.s3,0,0.035720
benchmark/laut/kaluza/1684/sink.s3,1,0.037541
benchmark/laut/kaluza/1270/sink.s3,0,0.034139
benchmark/laut/kaluza/1770/sink.s3,t,0.0
benchmark/laut/kaluza/1700/sink.s3,1,0.064925
benchmark/laut/kaluza/1784/sink.s3,0,0.036836
benchmark/laut/kaluza/446/sink.s3,0,0.034961
benchmark/laut/kaluza/1965/sink.s3,1,0.071879
benchmark/laut/kaluza/822/sink.s3,1,0.066641
benchmark/laut/kaluza/1048/sink.s3,1,0.035728
benchmark/laut/kaluza/3/sink.s3,0,0.034547
benchmark/laut/kaluza/1168/sink.s3,0,0.036348
benchmark/laut/kaluza/515/sink.s3,0,0.033960
benchmark/laut/kaluza/1594/sink.s3,0,0.035397
benchmark/laut/kaluza/1188/sink.s3,0,0.035871
benchmark/laut/kaluza/1190/sink.s3,0,0.024267
benchmark/laut/kaluza/1056/sink.s3,1,0.071678
benchmark/laut/kaluza/1608/sink.s3,0,0.035685
benchmark/laut/kaluza/179/sink.s3,1,0.037135
benchmark/laut/kaluza/931/sink.s3,1,0.035089
benchmark/laut/kaluza/1189/sink.s3,0,0.035115
benchmark/laut/kaluza/1664/sink.s3,1,0.034411
benchmark/laut/kaluza/1923/sink.s3,1,0.035361
benchmark/laut/kaluza/1478/sink.s3,0,0.037055
benchmark/laut/kaluza/985/sink.s3,0,0.033413
benchmark/laut/kaluza/1694/sink.s3,0,0.036226
benchmark/laut/kaluza/628/sink.s3,1,0.049276
benchmark/laut/kaluza/375/sink.s3,1,0.036638
benchmark/laut/kaluza/407/sink.s3,0,0.034840
benchmark/laut/kaluza/16/sink.s3,1,0.070466
benchmark/laut/kaluza/1726/sink.s3,1,0.038954
benchmark/laut/kaluza/1556/sink.s3,0,0.033499
benchmark/laut/kaluza/1277/sink.s3,0,0.035293
benchmark/laut/kaluza/609/sink.s3,1,0.036015
benchmark/laut/kaluza/506/sink.s3,1,0.035855
benchmark/laut/kaluza/598/sink.s3,1,0.034668
benchmark/laut/kaluza/742/sink.s3,1,0.035589
benchmark/laut/kaluza/427/sink.s3,1,0.065086
benchmark/laut/kaluza/235/sink.s3,0,0.035325
benchmark/laut/kaluza/1663/sink.s3,1,0.037942
benchmark/laut/kaluza/756/sink.s3,1,0.034308
benchmark/laut/kaluza/238/sink.s3,1,0.066340
benchmark/laut/kaluza/833/sink.s3,1,0.034846
benchmark/laut/kaluza/1771/sink.s3,1,0.065387
benchmark/laut/kaluza/750/sink.s3,0,0.040701
benchmark/laut/kaluza/960/sink.s3,0,0.035635
benchmark/laut/kaluza/129/sink.s3,1,0.066316
benchmark/laut/kaluza/980/sink.s3,1,0.067002
benchmark/laut/kaluza/1559/sink.s3,0,0.034334
benchmark/laut/kaluza/1974/sink.s3,1,0.035320
benchmark/laut/kaluza/273/sink.s3,1,0.035224
benchmark/laut/kaluza/1054/sink.s3,0,0.034173
benchmark/laut/kaluza/278/sink.s3,1,0.035043
benchmark/laut/kaluza/549/sink.s3,0,0.034932
benchmark/laut/kaluza/1716/sink.s3,1,0.067273
benchmark/laut/kaluza/619/sink.s3,0,0.069864
benchmark/laut/kaluza/242/sink.s3,1,0.040734
benchmark/laut/kaluza/995/sink.s3,0,0.034446
benchmark/laut/kaluza/85/sink.s3,1,0.034680
benchmark/laut/kaluza/122/sink.s3,0,0.034817
benchmark/laut/kaluza/757/sink.s3,1,0.034616
benchmark/laut/kaluza/1667/sink.s3,0,0.036538
benchmark/laut/kaluza/1995/sink.s3,1,0.066038
benchmark/laut/kaluza/1810/sink.s3,1,0.034225
benchmark/laut/kaluza/1406/sink.s3,1,0.066970
benchmark/laut/kaluza/125/sink.s3,1,0.068020
benchmark/laut/kaluza/343/sink.s3,0,0.034351
benchmark/laut/kaluza/703/sink.s3,0,0.034220
benchmark/laut/kaluza/503/sink.s3,1,0.036240
benchmark/laut/kaluza/1973/sink.s3,0,0.034907
benchmark/laut/kaluza/1297/sink.s3,0,0.032736
benchmark/laut/kaluza/280/sink.s3,0,0.169647
benchmark/laut/kaluza/1307/sink.s3,0,0.036032
benchmark/laut/kaluza/1766/sink.s3,0,0.035340
benchmark/laut/kaluza/1315/sink.s3,0,0.035796
benchmark/laut/kaluza/590/sink.s3,1,0.036542
benchmark/laut/kaluza/526/sink.s3,0,0.035329
benchmark/laut/kaluza/1786/sink.s3,1,0.036107
benchmark/laut/kaluza/788/sink.s3,1,0.067376
benchmark/laut/kaluza/1782/sink.s3,0,0.035303
benchmark/laut/kaluza/708/sink.s3,1,0.067187
benchmark/laut/kaluza/674/sink.s3,1,0.036004
benchmark/laut/kaluza/887/sink.s3,0,0.035592
benchmark/laut/kaluza/220/sink.s3,1,0.036891
benchmark/laut/kaluza/1227/sink.s3,0,0.034684
benchmark/laut/kaluza/1163/sink.s3,0,0.033935
benchmark/laut/kaluza/733/sink.s3,0,0.036487
benchmark/laut/kaluza/1448/sink.s3,0,0.034207
benchmark/laut/kaluza/164/sink.s3,1,0.038291
benchmark/laut/kaluza/829/sink.s3,0,0.036249
benchmark/laut/kaluza/253/sink.s3,1,0.267007
benchmark/laut/kaluza/1040/sink.s3,0,0.034405
benchmark/laut/kaluza/112/sink.s3,1,0.035421
benchmark/laut/kaluza/963/sink.s3,1,0.068960
benchmark/laut/kaluza/600/sink.s3,0,0.034982
benchmark/laut/kaluza/1683/sink.s3,1,0.871965
benchmark/laut/kaluza/939/sink.s3,1,0.067214
benchmark/laut/kaluza/1642/sink.s3,0,0.068070
benchmark/laut/kaluza/838/sink.s3,0,0.038921
benchmark/laut/kaluza/832/sink.s3,0,0.036121
benchmark/laut/kaluza/490/sink.s3,0,0.034562
benchmark/laut/kaluza/223/sink.s3,0,0.023232
benchmark/laut/kaluza/681/sink.s3,1,0.066603
benchmark/laut/kaluza/1935/sink.s3,1,0.036982
benchmark/laut/kaluza/415/sink.s3,1,0.065829
benchmark/laut/kaluza/477/sink.s3,1,0.034606
benchmark/laut/kaluza/764/sink.s3,1,0.035236
benchmark/laut/kaluza/1897/sink.s3,0,0.036136
benchmark/laut/kaluza/622/sink.s3,0,0.068353
benchmark/laut/kaluza/233/sink.s3,1,0.170887
benchmark/laut/kaluza/1018/sink.s3,1,0.034017
benchmark/laut/kaluza/418/sink.s3,1,0.033856
benchmark/laut/kaluza/1349/sink.s3,1,0.035032
benchmark/laut/kaluza/657/sink.s3,1,0.035130
benchmark/laut/kaluza/244/sink.s3,0,0.033851
benchmark/laut/kaluza/1972/sink.s3,0,0.067179
benchmark/laut/kaluza/1637/sink.s3,0,0.034343
benchmark/laut/kaluza/847/sink.s3,1,0.034299
benchmark/laut/kaluza/1234/sink.s3,1,0.066853
benchmark/laut/kaluza/60/sink.s3,1,0.034858
benchmark/laut/kaluza/1461/sink.s3,1,0.033136
benchmark/laut/kaluza/795/sink.s3,1,0.066656
benchmark/laut/kaluza/1690/sink.s3,1,0.065690
benchmark/laut/kaluza/1049/sink.s3,0,0.036641
benchmark/laut/kaluza/131/sink.s3,0,0.033417
benchmark/laut/kaluza/26/sink.s3,0,0.032894
benchmark/laut/kaluza/37/sink.s3,1,0.065047
benchmark/laut/kaluza/1121/sink.s3,0,0.037211
benchmark/laut/kaluza/1366/sink.s3,0,0.035947
benchmark/laut/kaluza/1986/sink.s3,1,0.036362
benchmark/laut/kaluza/271/sink.s3,1,0.067762
benchmark/laut/kaluza/1528/sink.s3,1,0.035861
benchmark/laut/kaluza/1516/sink.s3,1,0.034582
benchmark/laut/kaluza/777/sink.s3,0,0.020608
benchmark/laut/kaluza/267/sink.s3,1,0.035857
benchmark/laut/kaluza/1308/sink.s3,0,0.033040
benchmark/laut/kaluza/137/sink.s3,1,0.033643
benchmark/laut/kaluza/548/sink.s3,0,0.022957
benchmark/laut/kaluza/1408/sink.s3,0,0.020307
benchmark/laut/kaluza/1300/sink.s3,1,0.066286
benchmark/laut/kaluza/586/sink.s3,0,0.042931
benchmark/laut/kaluza/523/sink.s3,1,0.037304
benchmark/laut/kaluza/1232/sink.s3,0,0.038070
benchmark/laut/kaluza/1926/sink.s3,0,0.035350
benchmark/laut/kaluza/962/sink.s3,1,0.036752
benchmark/laut/kaluza/1859/sink.s3,1,0.067202
benchmark/laut/kaluza/974/sink.s3,0,0.036324
benchmark/laut/kaluza/1464/sink.s3,0,0.035006
benchmark/laut/kaluza/922/sink.s3,0,0.034174
benchmark/laut/kaluza/1167/sink.s3,1,0.034356
benchmark/laut/kaluza/1476/sink.s3,1,0.034362
benchmark/laut/kaluza/419/sink.s3,1,0.033822
benchmark/laut/kaluza/1643/sink.s3,0,0.040211
benchmark/laut/kaluza/1469/sink.s3,0,0.033925
benchmark/laut/kaluza/5/sink.s3,0,0.033583
benchmark/laut/kaluza/351/sink.s3,0,0.034195
benchmark/laut/kaluza/462/sink.s3,1,0.050181
benchmark/laut/kaluza/349/sink.s3,1,0.034904
benchmark/laut/kaluza/540/sink.s3,1,0.069131
benchmark/laut/kaluza/123/sink.s3,1,0.038025
benchmark/laut/kaluza/636/sink.s3,0,0.115909
benchmark/laut/kaluza/1557/sink.s3,0,0.066050
benchmark/laut/kaluza/4/sink.s3,1,0.066879
benchmark/laut/kaluza/744/sink.s3,0,0.034137
benchmark/laut/kaluza/132/sink.s3,1,0.067878
benchmark/laut/kaluza/914/sink.s3,0,0.067870
benchmark/laut/kaluza/380/sink.s3,1,0.035278
benchmark/laut/kaluza/1427/sink.s3,1,0.035078
benchmark/laut/kaluza/1057/sink.s3,0,0.038311
benchmark/laut/kaluza/1749/sink.s3,1,0.033542
benchmark/laut/kaluza/1353/sink.s3,0,0.035049
benchmark/laut/kaluza/866/sink.s3,0,0.035424
benchmark/laut/kaluza/669/sink.s3,0,0.034744
benchmark/laut/kaluza/1553/sink.s3,1,0.035125
benchmark/laut/kaluza/1279/sink.s3,0,0.036691
benchmark/laut/kaluza/1759/sink.s3,0,0.033558
benchmark/laut/kaluza/603/sink.s3,1,0.069196
benchmark/laut/kaluza/1728/sink.s3,0,0.036557
benchmark/laut/kaluza/354/sink.s3,1,0.035261
benchmark/laut/kaluza/1391/sink.s3,0,0.035182
benchmark/laut/kaluza/582/sink.s3,0,0.034645
benchmark/laut/kaluza/1272/sink.s3,1,0.035085
benchmark/laut/kaluza/1879/sink.s3,1,0.038971
benchmark/laut/kaluza/1186/sink.s3,0,0.035037
benchmark/laut/kaluza/448/sink.s3,1,0.035869
benchmark/laut/kaluza/722/sink.s3,1,0.035955
benchmark/laut/kaluza/794/sink.s3,0,0.035004
benchmark/laut/kaluza/881/sink.s3,1,0.034155
benchmark/laut/kaluza/941/sink.s3,1,0.034022
benchmark/laut/kaluza/86/sink.s3,1,0.223938
benchmark/laut/kaluza/24/sink.s3,0,0.066099
benchmark/laut/kaluza/630/sink.s3,0,0.065725
benchmark/laut/kaluza/583/sink.s3,0,0.036192
benchmark/laut/kaluza/1802/sink.s3,0,0.035113
benchmark/laut/kaluza/706/sink.s3,0,0.038959
benchmark/laut/kaluza/1670/sink.s3,1,0.033815
benchmark/laut/kaluza/1861/sink.s3,0,0.033994
benchmark/laut/kaluza/1767/sink.s3,1,0.034980
benchmark/laut/kaluza/1015/sink.s3,0,0.036030
benchmark/laut/kaluza/1063/sink.s3,0,0.037681
benchmark/laut/kaluza/1633/sink.s3,1,0.036479
benchmark/laut/kaluza/1548/sink.s3,0,0.037264
benchmark/laut/kaluza/859/sink.s3,1,0.034514
benchmark/laut/kaluza/856/sink.s3,1,0.034466
benchmark/laut/kaluza/495/sink.s3,0,0.034265
benchmark/laut/kaluza/206/sink.s3,1,0.066820
benchmark/laut/kaluza/1312/sink.s3,1,0.033816
benchmark/laut/kaluza/1772/sink.s3,0,0.070231
benchmark/laut/kaluza/1921/sink.s3,1,0.069788
benchmark/laut/kaluza/1209/sink.s3,1,0.069715
benchmark/laut/kaluza/912/sink.s3,0,0.069126
benchmark/laut/kaluza/956/sink.s3,0,0.033109
benchmark/laut/kaluza/1584/sink.s3,0,0.033741
benchmark/laut/kaluza/1846/sink.s3,0,0.035457
benchmark/laut/kaluza/1696/sink.s3,1,0.067182
benchmark/laut/kaluza/474/sink.s3,1,0.034686
benchmark/laut/kaluza/140/sink.s3,0,0.035880
benchmark/laut/kaluza/1490/sink.s3,1,0.067233
benchmark/laut/kaluza/1486/sink.s3,0,0.036528
benchmark/laut/kaluza/1682/sink.s3,0,0.036149
benchmark/laut/kaluza/1367/sink.s3,1,0.065755
benchmark/laut/kaluza/439/sink.s3,0,0.036506
benchmark/laut/kaluza/918/sink.s3,0,0.034163
benchmark/laut/kaluza/50/sink.s3,0,0.035220
benchmark/laut/kaluza/1198/sink.s3,0,0.034529
benchmark/laut/kaluza/519/sink.s3,0,0.035948
benchmark/laut/kaluza/758/sink.s3,1,0.067613
benchmark/laut/kaluza/90/sink.s3,1,0.035199
benchmark/laut/kaluza/312/sink.s3,0,0.033805
benchmark/laut/kaluza/1589/sink.s3,0,0.034195
benchmark/laut/kaluza/1785/sink.s3,0,0.035957
benchmark/laut/kaluza/1998/sink.s3,0,0.033240
benchmark/laut/kaluza/1396/sink.s3,1,0.034426
benchmark/laut/kaluza/1703/sink.s3,1,0.065448
benchmark/laut/kaluza/1522/sink.s3,0,0.036023
benchmark/laut/kaluza/970/sink.s3,0,0.021841
benchmark/laut/kaluza/1375/sink.s3,1,0.037936
benchmark/laut/kaluza/1176/sink.s3,0,0.033940
benchmark/laut/kaluza/1064/sink.s3,1,0.036357
benchmark/laut/kaluza/171/sink.s3,1,0.067077
benchmark/laut/kaluza/1763/sink.s3,0,0.033976
benchmark/laut/kaluza/1083/sink.s3,0,0.035649
benchmark/laut/kaluza/1797/sink.s3,0,0.036240
benchmark/laut/kaluza/1078/sink.s3,1,0.042948
benchmark/laut/kaluza/1266/sink.s3,0,0.032500
benchmark/laut/kaluza/1790/sink.s3,1,0.068690
benchmark/laut/kaluza/488/sink.s3,0,0.034109
benchmark/laut/kaluza/363/sink.s3,1,0.067135
benchmark/laut/kaluza/1839/sink.s3,0,0.037042
benchmark/laut/kaluza/1565/sink.s3,0,0.035020
benchmark/laut/kaluza/8/sink.s3,1,0.034556
benchmark/laut/kaluza/1941/sink.s3,0,0.034366
benchmark/laut/kaluza/373/sink.s3,1,0.035858
benchmark/laut/kaluza/1970/sink.s3,0,0.037637
benchmark/laut/kaluza/1208/sink.s3,1,0.037364
benchmark/laut/kaluza/1487/sink.s3,0,0.035515
benchmark/laut/kaluza/94/sink.s3,1,0.035316
benchmark/laut/kaluza/935/sink.s3,0,0.035210
benchmark/laut/kaluza/1193/sink.s3,0,0.034855
benchmark/laut/kaluza/58/sink.s3,0,0.034349
benchmark/laut/kaluza/1764/sink.s3,0,0.034242
benchmark/laut/kaluza/1811/sink.s3,0,0.036479
benchmark/laut/kaluza/1354/sink.s3,0,0.037173
benchmark/laut/kaluza/1519/sink.s3,0,0.034611
benchmark/laut/kaluza/369/sink.s3,1,0.065875
benchmark/laut/kaluza/1592/sink.s3,0,0.034193
benchmark/laut/kaluza/119/sink.s3,0,0.020174
benchmark/laut/kaluza/1120/sink.s3,0,0.034170
benchmark/laut/kaluza/1090/sink.s3,0,0.022435
benchmark/laut/kaluza/1360/sink.s3,1,0.066188
benchmark/laut/kaluza/1600/sink.s3,0,0.033417
benchmark/laut/kaluza/1428/sink.s3,1,0.035287
benchmark/laut/kaluza/402/sink.s3,0,0.033812
benchmark/laut/kaluza/1979/sink.s3,0,0.034830
benchmark/laut/kaluza/1110/sink.s3,0,0.117107
benchmark/laut/kaluza/930/sink.s3,0,0.032091
benchmark/laut/kaluza/870/sink.s3,1,0.033095
benchmark/laut/kaluza/1554/sink.s3,1,0.038030
benchmark/laut/kaluza/228/sink.s3,1,0.066784
benchmark/laut/kaluza/815/sink.s3,0,0.035032
benchmark/laut/kaluza/782/sink.s3,1,0.035806
benchmark/laut/kaluza/1287/sink.s3,0,0.034347
benchmark/laut/kaluza/1129/sink.s3,1,0.034108
benchmark/laut/kaluza/678/sink.s3,1,0.034750
benchmark/laut/kaluza/1732/sink.s3,1,0.035956
benchmark/laut/kaluza/1524/sink.s3,1,0.035604
benchmark/laut/kaluza/382/sink.s3,0,0.037106
benchmark/laut/kaluza/1296/sink.s3,0,0.035759
benchmark/laut/kaluza/471/sink.s3,0,0.036614
benchmark/laut/kaluza/277/sink.s3,1,0.035882
benchmark/laut/kaluza/1204/sink.s3,1,0.036974
benchmark/laut/kaluza/1170/sink.s3,0,0.120049
benchmark/laut/kaluza/1035/sink.s3,1,0.035658
benchmark/laut/kaluza/1698/sink.s3,0,0.037176
benchmark/laut/kaluza/804/sink.s3,1,0.035037
benchmark/laut/kaluza/339/sink.s3,0,0.033253
benchmark/laut/kaluza/972/sink.s3,0,0.033031
benchmark/laut/kaluza/1014/sink.s3,1,0.035112
benchmark/laut/kaluza/485/sink.s3,1,0.034738
benchmark/laut/kaluza/1748/sink.s3,1,0.035055
benchmark/laut/kaluza/1395/sink.s3,1,0.035277
benchmark/laut/kaluza/1399/sink.s3,1,0.036887
benchmark/laut/kaluza/1833/sink.s3,0,0.034093
benchmark/laut/kaluza/1580/sink.s3,0,0.035305
benchmark/laut/kaluza/845/sink.s3,1,0.035981
benchmark/laut/kaluza/401/sink.s3,0,0.067629
benchmark/laut/kaluza/14/sink.s3,1,0.068466
benchmark/laut/kaluza/658/sink.s3,0,0.036991
benchmark/laut/kaluza/254/sink.s3,0,0.034116
benchmark/laut/kaluza/255/sink.s3,1,0.067215
benchmark/laut/kaluza/1022/sink.s3,1,0.068099
benchmark/laut/kaluza/602/sink.s3,1,0.035075
benchmark/laut/kaluza/1990/sink.s3,0,0.037206
benchmark/laut/kaluza/1100/sink.s3,0,0.034105
benchmark/laut/kaluza/1192/sink.s3,1,0.034327
benchmark/laut/kaluza/1882/sink.s3,1,0.035908
benchmark/laut/kaluza/1948/sink.s3,1,0.065109
benchmark/laut/kaluza/1646/sink.s3,0,0.035105
benchmark/laut/kaluza/697/sink.s3,0,0.035714
benchmark/laut/kaluza/927/sink.s3,0,0.034073
benchmark/laut/kaluza/1886/sink.s3,1,0.066004
benchmark/laut/kaluza/304/sink.s3,1,0.034138
benchmark/laut/kaluza/1236/sink.s3,0,0.034761
benchmark/laut/kaluza/1076/sink.s3,0,0.034550
benchmark/laut/kaluza/1376/sink.s3,1,0.065404
benchmark/laut/kaluza/1540/sink.s3,0,0.035690
benchmark/laut/kaluza/440/sink.s3,0,0.033646
benchmark/laut/kaluza/151/sink.s3,1,0.066022
benchmark/laut/kaluza/1454/sink.s3,0,0.035662
benchmark/laut/kaluza/342/sink.s3,1,0.046713
benchmark/laut/kaluza/1560/sink.s3,0,0.036263
benchmark/laut/kaluza/365/sink.s3,1,0.038335
benchmark/laut/kaluza/1394/sink.s3,1,0.035330
benchmark/laut/kaluza/1562/sink.s3,0,0.033732
benchmark/laut/kaluza/101/sink.s3,1,0.038369
benchmark/laut/kaluza/400/sink.s3,0,0.020177
benchmark/laut/kaluza/294/sink.s3,1,0.065909
benchmark/laut/kaluza/675/sink.s3,0,0.033376
benchmark/laut/kaluza/1837/sink.s3,1,0.065117
benchmark/laut/kaluza/54/sink.s3,0,0.034689
benchmark/laut/kaluza/1840/sink.s3,1,0.067134
benchmark/laut/kaluza/247/sink.s3,0,0.034831
benchmark/laut/kaluza/110/sink.s3,0,0.033324
benchmark/laut/kaluza/476/sink.s3,1,0.035632
benchmark/laut/kaluza/45/sink.s3,0,0.034625
benchmark/laut/kaluza/853/sink.s3,1,0.038423
benchmark/laut/kaluza/1095/sink.s3,1,0.034240
benchmark/laut/kaluza/1370/sink.s3,1,0.035457
benchmark/laut/kaluza/1630/sink.s3,1,0.033043
benchmark/laut/kaluza/1655/sink.s3,0,0.037855
benchmark/laut/kaluza/1734/sink.s3,0,0.036630
benchmark/laut/kaluza/521/sink.s3,0,0.039093
benchmark/laut/kaluza/484/sink.s3,1,0.034024
benchmark/laut/kaluza/944/sink.s3,0,0.036258
benchmark/laut/kaluza/527/sink.s3,0,0.036983
benchmark/laut/kaluza/902/sink.s3,0,0.074734
benchmark/laut/kaluza/193/sink.s3,1,0.069001
benchmark/laut/kaluza/1595/sink.s3,0,0.034673
benchmark/laut/kaluza/291/sink.s3,0,0.070729
benchmark/laut/kaluza/528/sink.s3,1,0.036288
benchmark/laut/kaluza/824/sink.s3,1,0.034514
benchmark/laut/kaluza/493/sink.s3,0,0.033996
benchmark/laut/kaluza/1924/sink.s3,0,0.035444
benchmark/laut/kaluza/1746/sink.s3,0,0.033755
benchmark/laut/kaluza/1708/sink.s3,1,0.035580
benchmark/laut/kaluza/1084/sink.s3,0,0.034164
benchmark/laut/kaluza/1050/sink.s3,0,0.035437
benchmark/laut/kaluza/432/sink.s3,0,0.035466
benchmark/laut/kaluza/1692/sink.s3,1,0.034426
benchmark/laut/kaluza/154/sink.s3,1,0.035688
benchmark/laut/kaluza/105/sink.s3,1,0.035610
benchmark/laut/kaluza/95/sink.s3,1,0.066159
benchmark/laut/kaluza/1650/sink.s3,1,0.035973
benchmark/laut/kaluza/1013/sink.s3,0,0.034708
benchmark/laut/kaluza/1160/sink.s3,0,0.034783
benchmark/laut/kaluza/1896/sink.s3,1,0.071301
benchmark/laut/kaluza/1221/sink.s3,0,0.034736
benchmark/laut/kaluza/250/sink.s3,1,0.068994
benchmark/laut/kaluza/1405/sink.s3,0,0.028411
benchmark/laut/kaluza/1457/sink.s3,0,0.034196
benchmark/laut/kaluza/774/sink.s3,0,0.036329
benchmark/laut/kaluza/1215/sink.s3,0,0.035799
benchmark/laut/kaluza/1143/sink.s3,0,0.041374
benchmark/laut/kaluza/104/sink.s3,1,0.035596
benchmark/laut/kaluza/1675/sink.s3,1,0.035492
benchmark/laut/kaluza/933/sink.s3,0,0.035037
benchmark/laut/kaluza/303/sink.s3,1,0.035801
benchmark/laut/kaluza/864/sink.s3,1,0.066888
benchmark/laut/kaluza/237/sink.s3,1,0.068687
benchmark/laut/kaluza/1412/sink.s3,0,0.070030
benchmark/laut/kaluza/330/sink.s3,0,0.121143
benchmark/laut/kaluza/1181/sink.s3,0,0.033929
benchmark/laut/kaluza/1331/sink.s3,1,0.066841
benchmark/laut/kaluza/1695/sink.s3,1,0.067440
benchmark/laut/kaluza/1194/sink.s3,1,0.035624
benchmark/laut/kaluza/1818/sink.s3,1,0.035943
benchmark/laut/kaluza/450/sink.s3,0,0.037284
benchmark/laut/kaluza/747/sink.s3,0,0.035874
benchmark/laut/kaluza/1409/sink.s3,1,0.116961
benchmark/laut/kaluza/138/sink.s3,1,0.067671
benchmark/laut/kaluza/1809/sink.s3,1,0.071777
benchmark/laut/kaluza/1987/sink.s3,0,0.034537
benchmark/laut/kaluza/1159/sink.s3,0,0.034887
benchmark/laut/kaluza/900/sink.s3,0,0.036937
benchmark/laut/kaluza/534/sink.s3,0,0.071107
benchmark/laut/kaluza/183/sink.s3,0,0.036831
benchmark/laut/kaluza/1462/sink.s3,0,0.035504
benchmark/laut/kaluza/1456/sink.s3,1,0.035460
benchmark/laut/kaluza/683/sink.s3,0,0.034217
benchmark/laut/kaluza/1681/sink.s3,0,0.039846
benchmark/laut/kaluza/208/sink.s3,1,0.041746
benchmark/laut/kaluza/760/sink.s3,0,0.035099
benchmark/laut/kaluza/612/sink.s3,0,0.034196
benchmark/laut/kaluza/753/sink.s3,0,0.035511
benchmark/laut/kaluza/575/sink.s3,1,0.066856
benchmark/laut/kaluza/1222/sink.s3,1,0.037085
benchmark/laut/kaluza/1844/sink.s3,1,0.037623
benchmark/laut/kaluza/1458/sink.s3,0,0.118726
benchmark/laut/kaluza/1825/sink.s3,1,0.071338
benchmark/laut/kaluza/144/sink.s3,1,0.034279
benchmark/laut/kaluza/1760/sink.s3,1,0.036170
benchmark/laut/kaluza/1821/sink.s3,1,0.074450
benchmark/laut/kaluza/1214/sink.s3,1,0.039736
benchmark/laut/kaluza/1984/sink.s3,1,0.035062
benchmark/laut/kaluza/1537/sink.s3,1,0.067413
benchmark/laut/kaluza/655/sink.s3,1,0.074383
benchmark/laut/kaluza/1801/sink.s3,0,0.034524
benchmark/laut/kaluza/961/sink.s3,0,0.035121
benchmark/laut/kaluza/1401/sink.s3,0,0.035450
benchmark/laut/kaluza/964/sink.s3,1,0.034293
benchmark/laut/kaluza/1485/sink.s3,1,0.067185
benchmark/laut/kaluza/1325/sink.s3,0,0.036745
benchmark/laut/kaluza/453/sink.s3,0,0.039557
benchmark/laut/kaluza/262/sink.s3,1,0.218186
benchmark/laut/kaluza/692/sink.s3,1,0.067483
benchmark/laut/kaluza/1985/sink.s3,0,0.036123
benchmark/laut/kaluza/589/sink.s3,0,0.033956
benchmark/laut/kaluza/1475/sink.s3,0,0.034949
benchmark/laut/kaluza/187/sink.s3,0,0.036678
benchmark/laut/kaluza/514/sink.s3,0,0.035833
benchmark/laut/kaluza/917/sink.s3,0,0.033237
benchmark/laut/kaluza/1977/sink.s3,1,0.067032
benchmark/laut/kaluza/314/sink.s3,0,0.034736
benchmark/laut/kaluza/976/sink.s3,0,0.034651
benchmark/laut/kaluza/1756/sink.s3,0,0.038130
benchmark/laut/kaluza/38/sink.s3,0,0.034584
benchmark/laut/kaluza/202/sink.s3,1,0.034471
benchmark/laut/kaluza/1342/sink.s3,1,0.035793
benchmark/laut/kaluza/555/sink.s3,1,0.067386
benchmark/laut/kaluza/1933/sink.s3,0,0.078880
benchmark/laut/kaluza/1397/sink.s3,1,0.067426
benchmark/laut/kaluza/1605/sink.s3,0,0.038664
benchmark/laut/kaluza/889/sink.s3,1,0.067284
benchmark/laut/kaluza/6/sink.s3,1,0.065157
benchmark/laut/kaluza/173/sink.s3,1,0.067508
benchmark/laut/kaluza/1880/sink.s3,1,0.067567
benchmark/laut/kaluza/199/sink.s3,0,0.036935
benchmark/laut/kaluza/578/sink.s3,1,0.066302
benchmark/laut/kaluza/1743/sink.s3,1,0.067831
benchmark/laut/kaluza/571/sink.s3,1,0.068169
benchmark/laut/kaluza/1679/sink.s3,1,0.037797
benchmark/laut/kaluza/124/sink.s3,0,0.065477
benchmark/laut/kaluza/335/sink.s3,1,0.036610
benchmark/laut/kaluza/1997/sink.s3,0,0.033887
benchmark/laut/kaluza/778/sink.s3,0,0.034302
benchmark/laut/kaluza/1247/sink.s3,1,0.068571
benchmark/laut/kaluza/1587/sink.s3,0,0.033761
benchmark/laut/kaluza/1617/sink.s3,0,0.034025
benchmark/laut/kaluza/113/sink.s3,1,0.034193
benchmark/laut/kaluza/270/sink.s3,0,0.035228
benchmark/laut/kaluza/1920/sink.s3,0,0.034819
benchmark/laut/kaluza/507/sink.s3,0,0.033053
benchmark/laut/kaluza/393/sink.s3,0,0.034982
benchmark/laut/kaluza/1020/sink.s3,0,0.041765
benchmark/laut/kaluza/1322/sink.s3,0,0.034197
benchmark/laut/kaluza/660/sink.s3,1,0.035923
benchmark/laut/kaluza/1441/sink.s3,1,0.034524
benchmark/laut/kaluza/1007/sink.s3,0,0.034661
benchmark/laut/kaluza/1000/sink.s3,0,0.039850
benchmark/laut/kaluza/1911/sink.s3,1,0.036588
benchmark/laut/kaluza/1251/sink.s3,1,0.036665
benchmark/laut/kaluza/1479/sink.s3,1,0.034782
benchmark/laut/kaluza/849/sink.s3,1,0.035674
benchmark/laut/kaluza/673/sink.s3,1,0.065125
benchmark/laut/kaluza/306/sink.s3,0,0.019165
benchmark/laut/kaluza/637/sink.s3,0,0.037439
benchmark/laut/kaluza/982/sink.s3,0,0.038214
benchmark/laut/kaluza/143/sink.s3,1,0.034193
benchmark/laut/kaluza/1071/sink.s3,1,0.034582
benchmark/laut/kaluza/1939/sink.s3,0,0.035754
benchmark/laut/kaluza/321/sink.s3,1,0.034525
benchmark/laut/kaluza/327/sink.s3,1,0.035080
benchmark/laut/kaluza/761/sink.s3,1,0.034669
benchmark/laut/kaluza/1723/sink.s3,0,0.166102
benchmark/laut/kaluza/1884/sink.s3,0,0.038422
benchmark/laut/kaluza/542/sink.s3,0,0.038946
benchmark/laut/kaluza/903/sink.s3,1,0.034918
benchmark/laut/kaluza/592/sink.s3,1,0.034057
benchmark/laut/kaluza/1953/sink.s3,0,0.037368
benchmark/laut/kaluza/1051/sink.s3,1,0.035221
benchmark/laut/kaluza/1623/sink.s3,0,0.035882
benchmark/laut/kaluza/248/sink.s3,1,0.068289
benchmark/laut/kaluza/265/sink.s3,1,0.033693
benchmark/laut/kaluza/359/sink.s3,0,0.033743
benchmark/laut/kaluza/61/sink.s3,0,0.034433
benchmark/laut/kaluza/821/sink.s3,1,0.036520
benchmark/laut/kaluza/68/sink.s3,1,0.065558
benchmark/laut/kaluza/340/sink.s3,1,0.034334
benchmark/laut/kaluza/1744/sink.s3,1,0.033029
benchmark/laut/kaluza/858/sink.s3,0,0.033816
benchmark/laut/kaluza/1126/sink.s3,1,0.066248
benchmark/laut/kaluza/468/sink.s3,0,0.067531
benchmark/laut/kaluza/1863/sink.s3,0,0.034975
benchmark/laut/kaluza/682/sink.s3,0,0.036344
benchmark/laut/kaluza/1601/sink.s3,0,0.034877
benchmark/laut/kaluza/473/sink.s3,1,0.067167
benchmark/laut/kaluza/360/sink.s3,1,0.036757
benchmark/laut/kaluza/1011/sink.s3,1,0.035648
benchmark/laut/kaluza/1691/sink.s3,0,0.033950
benchmark/laut/kaluza/155/sink.s3,1,0.035288
benchmark/laut/kaluza/1591/sink.s3,0,0.019750
benchmark/laut/kaluza/1680/sink.s3,0,0.033961
benchmark/laut/kaluza/200/sink.s3,0,0.017695
benchmark/laut/kaluza/967/sink.s3,0,0.073292
benchmark/laut/kaluza/574/sink.s3,1,0.071562
benchmark/laut/kaluza/741/sink.s3,1,0.035828
benchmark/laut/kaluza/1309/sink.s3,1,0.032994
benchmark/laut/kaluza/1365/sink.s3,0,0.034921
benchmark/laut/kaluza/1359/sink.s3,1,0.067133
benchmark/laut/kaluza/803/sink.s3,0,0.036339
benchmark/laut/kaluza/1521/sink.s3,1,0.034196
benchmark/laut/kaluza/1618/sink.s3,0,0.035521
benchmark/laut/kaluza/1531/sink.s3,1,0.035087
benchmark/laut/kaluza/1472/sink.s3,0,0.033473
benchmark/laut/kaluza/1381/sink.s3,1,0.034782
benchmark/laut/kaluza/707/sink.s3,0,0.035146
benchmark/laut/kaluza/159/sink.s3,0,0.035287
benchmark/laut/kaluza/908/sink.s3,0,0.033890
benchmark/laut/kaluza/1465/sink.s3,0,0.035809
benchmark/laut/kaluza/790/sink.s3,0,0.067181
benchmark/laut/kaluza/1/sink.s3,0,0.036210
benchmark/laut/kaluza/1845/sink.s3,1,0.035098
benchmark/laut/kaluza/752/sink.s3,1,0.033863
benchmark/laut/kaluza/1672/sink.s3,0,0.034196
benchmark/laut/kaluza/1677/sink.s3,0,0.034624
benchmark/laut/kaluza/376/sink.s3,0,0.036298
benchmark/laut/kaluza/1539/sink.s3,0,0.033761
benchmark/laut/kaluza/1857/sink.s3,0,0.036468
benchmark/laut/kaluza/1255/sink.s3,1,0.035312
benchmark/laut/kaluza/1286/sink.s3,0,0.035518
benchmark/laut/kaluza/1323/sink.s3,0,0.033799
benchmark/laut/kaluza/1338/sink.s3,1,0.069110
benchmark/laut/kaluza/975/sink.s3,1,0.035713
benchmark/laut/kaluza/1422/sink.s3,0,0.035481
benchmark/laut/kaluza/1702/sink.s3,0,0.034267
benchmark/laut/kaluza/263/sink.s3,1,0.040728
benchmark/laut/kaluza/1851/sink.s3,0,0.035525
benchmark/laut/kaluza/479/sink.s3,1,0.033300
benchmark/laut/kaluza/952/sink.s3,1,0.068506
benchmark/laut/kaluza/1596/sink.s3,1,0.033764
benchmark/laut/kaluza/1210/sink.s3,1,0.034971
benchmark/laut/kaluza/218/sink.s3,1,0.034957
benchmark/laut/kaluza/158/sink.s3,1,0.171529
benchmark/laut/kaluza/1505/sink.s3,1,0.068789
benchmark/laut/kaluza/483/sink.s3,0,0.065217
benchmark/laut/kaluza/1774/sink.s3,1,0.033829
benchmark/laut/kaluza/1653/sink.s3,0,0.034105
benchmark/laut/kaluza/746/sink.s3,1,0.067303
benchmark/laut/kaluza/716/sink.s3,0,0.033412
benchmark/laut/kaluza/792/sink.s3,1,0.035283
benchmark/laut/kaluza/305/sink.s3,1,0.035760
benchmark/laut/kaluza/1828/sink.s3,0,0.037371
benchmark/laut/kaluza/1042/sink.s3,0,0.034381
benchmark/laut/kaluza/1028/sink.s3,1,0.037389
benchmark/laut/kaluza/806/sink.s3,1,0.037958
benchmark/laut/kaluza/1927/sink.s3,0,0.034204
benchmark/laut/kaluza/556/sink.s3,1,0.036149
benchmark/laut/kaluza/494/sink.s3,0,0.019432
benchmark/laut/kaluza/89/sink.s3,1,0.036350
benchmark/laut/kaluza/222/sink.s3,0,0.034378
benchmark/laut/kaluza/1497/sink.s3,1,0.036259
benchmark/laut/kaluza/1943/sink.s3,1,0.034175
benchmark/laut/kaluza/581/sink.s3,1,0.034033
benchmark/laut/kaluza/1875/sink.s3,1,0.037073
benchmark/laut/kaluza/72/sink.s3,1,0.066710
benchmark/laut/kaluza/1520/sink.s3,1,0.032493
benchmark/laut/kaluza/1001/sink.s3,1,0.034939
benchmark/laut/kaluza/1080/sink.s3,1,0.034940
benchmark/laut/kaluza/1930/sink.s3,1,0.033737
benchmark/laut/kaluza/408/sink.s3,1,0.070268
benchmark/laut/kaluza/230/sink.s3,1,0.072196
benchmark/laut/kaluza/416/sink.s3,0,0.068615
benchmark/laut/kaluza/297/sink.s3,1,0.069212
benchmark/laut/kaluza/1947/sink.s3,1,0.033473
benchmark/laut/kaluza/1858/sink.s3,0,0.036214
benchmark/laut/kaluza/1957/sink.s3,0,0.037338
benchmark/laut/kaluza/1242/sink.s3,0,0.035042
benchmark/laut/kaluza/1499/sink.s3,0,0.035824
benchmark/laut/kaluza/1942/sink.s3,0,0.036742
benchmark/laut/kaluza/634/sink.s3,1,0.035319
benchmark/laut/kaluza/1739/sink.s3,1,0.034452
benchmark/laut/kaluza/1355/sink.s3,1,0.037272
benchmark/laut/kaluza/1319/sink.s3,1,0.066941
benchmark/laut/kaluza/1113/sink.s3,1,0.037133
benchmark/laut/kaluza/1988/sink.s3,1,0.034343
benchmark/laut/kaluza/309/sink.s3,0,0.035234
benchmark/laut/kaluza/1362/sink.s3,1,0.320549
benchmark/laut/kaluza/1356/sink.s3,0,0.032284
benchmark/laut/kaluza/1295/sink.s3,1,0.067646
benchmark/laut/kaluza/1364/sink.s3,1,0.072164
benchmark/laut/kaluza/1832/sink.s3,0,0.036107
benchmark/laut/kaluza/1033/sink.s3,1,0.035582
benchmark/laut/kaluza/1676/sink.s3,1,0.035991
benchmark/laut/kaluza/781/sink.s3,0,0.034107
benchmark/laut/kaluza/396/sink.s3,1,0.070482
benchmark/laut/kaluza/1804/sink.s3,1,0.068872
benchmark/laut/kaluza/1976/sink.s3,1,0.037799
benchmark/laut/kaluza/547/sink.s3,0,0.034376
benchmark/laut/kaluza/981/sink.s3,1,0.068885
benchmark/laut/kaluza/9/sink.s3,1,0.120182
benchmark/laut/kaluza/1934/sink.s3,1,0.068337
benchmark/laut/kaluza/1158/sink.s3,0,0.035009
benchmark/laut/kaluza/676/sink.s3,0,0.034249
benchmark/laut/kaluza/1762/sink.s3,1,0.035419
benchmark/laut/kaluza/32/sink.s3,0,0.036821
benchmark/laut/kaluza/1123/sink.s3,1,0.035812
benchmark/laut/kaluza/1578/sink.s3,1,0.036253
benchmark/laut/kaluza/1303/sink.s3,0,0.038588
benchmark/laut/kaluza/1404/sink.s3,1,0.033964
benchmark/laut/kaluza/63/sink.s3,1,0.034741
benchmark/laut/kaluza/1489/sink.s3,0,0.066146
benchmark/laut/kaluza/1403/sink.s3,0,0.034086
benchmark/laut/kaluza/1971/sink.s3,1,0.067008
benchmark/laut/kaluza/1037/sink.s3,0,0.034673
benchmark/laut/kaluza/308/sink.s3,0,0.033780
benchmark/laut/kaluza/623/sink.s3,0,0.035818
benchmark/laut/kaluza/1010/sink.s3,1,0.035205
benchmark/laut/kaluza/576/sink.s3,0,0.034548
benchmark/laut/kaluza/1346/sink.s3,0,0.034709
benchmark/laut/kaluza/1410/sink.s3,0,0.036835
benchmark/laut/kaluza/1606/sink.s3,0,0.042480
benchmark/laut/kaluza/70/sink.s3,1,0.035733
benchmark/laut/kaluza/1707/sink.s3,0,0.036817
benchmark/laut/kaluza/282/sink.s3,1,0.069534
benchmark/laut/kaluza/1899/sink.s3,0,0.033423
benchmark/laut/kaluza/287/sink.s3,1,0.034888
benchmark/laut/kaluza/182/sink.s3,1,0.039182
benchmark/laut/kaluza/1402/sink.s3,0,0.034364
benchmark/laut/kaluza/644/sink.s3,0,0.034337
benchmark/laut/kaluza/1249/sink.s3,0,0.034415
benchmark/laut/kaluza/252/sink.s3,1,0.035411
benchmark/laut/kaluza/828/sink.s3,0,0.035788
benchmark/laut/kaluza/508/sink.s3,0,0.036275
benchmark/laut/kaluza/1320/sink.s3,0,0.036139
benchmark/laut/kaluza/907/sink.s3,0,0.018939
benchmark/laut/kaluza/194/sink.s3,1,0.035299
benchmark/laut/kaluza/1620/sink.s3,1,0.035233
benchmark/laut/kaluza/1098/sink.s3,0,0.033799
benchmark/laut/kaluza/19/sink.s3,0,0.036034
benchmark/laut/kaluza/1872/sink.s3,0,0.035349
benchmark/laut/kaluza/170/sink.s3,1,0.035690
benchmark/laut/kaluza/1340/sink.s3,0,0.037077
benchmark/laut/kaluza/246/sink.s3,1,0.074015
benchmark/laut/kaluza/684/sink.s3,1,0.067708
benchmark/laut/kaluza/1660/sink.s3,1,0.033782
benchmark/laut/kaluza/458/sink.s3,0,0.033408
benchmark/laut/kaluza/245/sink.s3,1,0.037734
benchmark/laut/kaluza/435/sink.s3,1,0.037411
benchmark/laut/kaluza/341/sink.s3,0,0.033380
benchmark/laut/kaluza/698/sink.s3,1,0.034892
benchmark/laut/kaluza/1177/sink.s3,0,0.034798
benchmark/laut/kaluza/1371/sink.s3,1,0.086368
benchmark/laut/kaluza/1673/sink.s3,1,0.035192
benchmark/laut/kaluza/1132/sink.s3,1,0.066151
benchmark/laut/kaluza/91/sink.s3,1,0.067077
benchmark/laut/kaluza/1264/sink.s3,0,0.035288
benchmark/laut/kaluza/1793/sink.s3,0,0.036456
benchmark/laut/kaluza/1794/sink.s3,0,0.034409
benchmark/laut/kaluza/1889/sink.s3,0,0.044435
benchmark/laut/kaluza/1141/sink.s3,0,0.034417
benchmark/laut/kaluza/1260/sink.s3,0,0.034787
benchmark/laut/kaluza/1693/sink.s3,1,0.066364
benchmark/laut/kaluza/451/sink.s3,0,0.033717
benchmark/laut/kaluza/848/sink.s3,1,0.068275
benchmark/laut/kaluza/749/sink.s3,1,0.034270
benchmark/laut/kaluza/1124/sink.s3,0,0.038673
benchmark/laut/kaluza/1536/sink.s3,0,0.034264
benchmark/laut/kaluza/796/sink.s3,0,0.035176
benchmark/laut/kaluza/633/sink.s3,1,0.076269
benchmark/laut/kaluza/1563/sink.s3,1,0.036489
benchmark/laut/kaluza/810/sink.s3,0,0.035372
benchmark/laut/kaluza/955/sink.s3,1,0.067875
benchmark/laut/kaluza/1153/sink.s3,0,0.022268
benchmark/laut/kaluza/1616/sink.s3,1,0.068475
benchmark/laut/kaluza/562/sink.s3,1,0.034443
benchmark/laut/kaluza/530/sink.s3,0,0.034377
benchmark/laut/kaluza/2/sink.s3,1,0.036260
benchmark/laut/kaluza/1929/sink.s3,0,0.068219
benchmark/laut/kaluza/593/sink.s3,0,0.035639
benchmark/laut/kaluza/629/sink.s3,1,0.066412
benchmark/laut/kaluza/1715/sink.s3,1,0.067265
benchmark/laut/kaluza/885/sink.s3,0,0.035597
benchmark/laut/kaluza/500/sink.s3,1,0.066704
benchmark/laut/kaluza/671/sink.s3,1,0.066191
benchmark/laut/kaluza/472/sink.s3,1,0.036112
benchmark/laut/kaluza/1145/sink.s3,1,0.034624
benchmark/laut/kaluza/1445/sink.s3,1,0.037887
benchmark/laut/kaluza/44/sink.s3,1,0.066260
benchmark/laut/kaluza/264/sink.s3,1,0.037949
benchmark/laut/kaluza/133/sink.s3,1,0.069685
benchmark/laut/kaluza/863/sink.s3,1,0.034171
benchmark/laut/kaluza/984/sink.s3,0,0.036660
benchmark/laut/kaluza/800/sink.s3,0,0.324038
benchmark/laut/kaluza/1527/sink.s3,1,0.117798
benchmark/laut/kaluza/1665/sink.s3,1,0.067198
benchmark/laut/kaluza/178/sink.s3,1,0.067183
benchmark/laut/kaluza/1108/sink.s3,0,0.034055
benchmark/laut/kaluza/616/sink.s3,0,0.037766
benchmark/laut/kaluza/959/sink.s3,0,0.035327
benchmark/laut/kaluza/1400/sink.s3,1,0.036128
benchmark/laut/kaluza/1778/sink.s3,0,0.038993
benchmark/laut/kaluza/1569/sink.s3,0,0.037482
benchmark/laut/kaluza/537/sink.s3,0,0.033959
benchmark/laut/kaluza/370/sink.s3,0,0.071741
benchmark/laut/kaluza/1842/sink.s3,0,0.034250
benchmark/laut/kaluza/251/sink.s3,1,0.072560
benchmark/laut/kaluza/114/sink.s3,1,0.066853
benchmark/laut/kaluza/1413/sink.s3,0,0.321325
benchmark/laut/kaluza/18/sink.s3,0,0.070569
benchmark/laut/kaluza/1975/sink.s3,0,0.035033
benchmark/laut/kaluza/55/sink.s3,1,0.069169
benchmark/laut/kaluza/852/sink.s3,0,0.035121
benchmark/laut/kaluza/29/sink.s3,1,0.039037
benchmark/laut/kaluza/496/sink.s3,0,0.034076
benchmark/laut/kaluza/1164/sink.s3,0,0.041824
benchmark/laut/kaluza/298/sink.s3,0,0.117159
benchmark/laut/kaluza/1645/sink.s3,0,0.036148
benchmark/laut/kaluza/1229/sink.s3,0,0.034421
benchmark/laut/kaluza/345/sink.s3,1,0.035751
benchmark/laut/kaluza/319/sink.s3,1,0.168636
benchmark/laut/kaluza/1224/sink.s3,1,0.069288
benchmark/laut/kaluza/1687/sink.s3,1,0.072271
benchmark/laut/kaluza/625/sink.s3,1,0.066504
benchmark/laut/kaluza/1966/sink.s3,0,0.034201
benchmark/laut/kaluza/536/sink.s3,1,0.069339
benchmark/laut/kaluza/1136/sink.s3,0,0.035509
benchmark/laut/kaluza/1146/sink.s3,1,0.071366
benchmark/laut/kaluza/1928/sink.s3,0,0.040885
benchmark/laut/kaluza/718/sink.s3,0,0.035076
benchmark/laut/kaluza/793/sink.s3,1,0.035269
benchmark/laut/kaluza/926/sink.s3,1,0.065024
benchmark/laut/kaluza/1096/sink.s3,0,0.035718
benchmark/laut/kaluza/236/sink.s3,1,0.222009
benchmark/laut/kaluza/1494/sink.s3,1,0.066029
benchmark/laut/kaluza/780/sink.s3,0,0.072503
benchmark/laut/kaluza/1496/sink.s3,0,0.067523
benchmark/laut/kaluza/320/sink.s3,1,0.068787
benchmark/laut/kaluza/798/sink.s3,0,0.037939
benchmark/laut/kaluza/946/sink.s3,1,0.035160
benchmark/laut/kaluza/1302/sink.s3,1,0.035296
benchmark/laut/kaluza/1085/sink.s3,0,0.036674
benchmark/laut/kaluza/679/sink.s3,1,0.035512
benchmark/laut/kaluza/651/sink.s3,0,0.034025
benchmark/laut/kaluza/1874/sink.s3,0,0.034702
benchmark/laut/kaluza/1134/sink.s3,1,0.071719
benchmark/laut/kaluza/1662/sink.s3,1,0.067005
benchmark/laut/kaluza/1903/sink.s3,0,0.067836
benchmark/laut/kaluza/809/sink.s3,1,0.034857
benchmark/laut/kaluza/290/sink.s3,0,0.034367
benchmark/laut/kaluza/563/sink.s3,0,0.035088
benchmark/laut/kaluza/872/sink.s3,0,0.034836
benchmark/laut/kaluza/1357/sink.s3,1,0.069049
benchmark/laut/kaluza/1225/sink.s3,0,0.036675
benchmark/laut/kaluza/1384/sink.s3,1,0.034747
benchmark/laut/kaluza/720/sink.s3,1,0.035301
benchmark/laut/kaluza/34/sink.s3,1,0.069298
benchmark/laut/kaluza/1904/sink.s3,0,0.037844
benchmark/laut/kaluza/212/sink.s3,0,0.035022
benchmark/laut/kaluza/899/sink.s3,1,0.067621
benchmark/laut/kaluza/1599/sink.s3,0,0.034852
benchmark/laut/kaluza/857/sink.s3,0,0.034092
benchmark/laut/kaluza/372/sink.s3,1,0.039970
benchmark/laut/kaluza/807/sink.s3,0,0.033297
benchmark/laut/kaluza/1796/sink.s3,1,0.065842
benchmark/laut/kaluza/1103/sink.s3,0,0.034134
benchmark/laut/kaluza/203/sink.s3,1,0.035950
benchmark/laut/kaluza/919/sink.s3,1,0.036016
benchmark/laut/kaluza/1416/sink.s3,1,0.040395
benchmark/laut/kaluza/1735/sink.s3,1,0.035954
benchmark/laut/kaluza/971/sink.s3,0,0.033551
benchmark/laut/kaluza/1806/sink.s3,0,0.037662
benchmark/laut/kaluza/195/sink.s3,1,0.036110
benchmark/laut/kaluza/226/sink.s3,0,0.035203
benchmark/laut/kaluza/638/sink.s3,0,0.034615
benchmark/laut/kaluza/1610/sink.s3,1,0.066185
benchmark/laut/kaluza/1424/sink.s3,1,0.034909
benchmark/laut/kaluza/988/sink.s3,0,0.033572
benchmark/laut/kaluza/1130/sink.s3,1,0.073756
benchmark/laut/kaluza/57/sink.s3,0,0.221787
benchmark/laut/kaluza/1006/sink.s3,0,0.080133
benchmark/laut/kaluza/293/sink.s3,0,0.035036
benchmark/laut/kaluza/1377/sink.s3,0,0.034963
benchmark/laut/kaluza/730/sink.s3,1,0.035297
benchmark/laut/kaluza/737/sink.s3,1,0.068547
benchmark/laut/kaluza/1787/sink.s3,1,0.036358
benchmark/laut/kaluza/1902/sink.s3,1,0.034844
benchmark/laut/kaluza/1258/sink.s3,0,0.033580
benchmark/laut/kaluza/1890/sink.s3,1,0.035424
benchmark/laut/kaluza/288/sink.s3,0,0.117994
benchmark/laut/kaluza/938/sink.s3,0,0.032882
benchmark/laut/kaluza/525/sink.s3,0,0.035329
benchmark/laut/kaluza/1621/sink.s3,0,0.033093
benchmark/laut/kaluza/1220/sink.s3,1,0.066629
benchmark/laut/kaluza/1139/sink.s3,0,0.034410
benchmark/laut/kaluza/1217/sink.s3,0,0.020106
benchmark/laut/kaluza/1607/sink.s3,0,0.037239
benchmark/laut/kaluza/350/sink.s3,1,0.034670
benchmark/laut/kaluza/1733/sink.s3,0,0.069259
benchmark/laut/kaluza/1754/sink.s3,0,0.036253
benchmark/laut/kaluza/650/sink.s3,0,0.034271
benchmark/laut/kaluza/1114/sink.s3,1,0.036712
benchmark/laut/kaluza/1946/sink.s3,0,0.033321
benchmark/laut/kaluza/906/sink.s3,0,0.034848
benchmark/laut/kaluza/219/sink.s3,1,0.068416
benchmark/laut/kaluza/1046/sink.s3,1,0.035629
benchmark/laut/kaluza/1383/sink.s3,1,0.035297
benchmark/laut/kaluza/618/sink.s3,1,0.070013
benchmark/laut/kaluza/552/sink.s3,0,0.038181
benchmark/laut/kaluza/868/sink.s3,0,0.033569
benchmark/laut/kaluza/1463/sink.s3,0,0.019670
benchmark/laut/kaluza/1582/sink.s3,0,0.033506
benchmark/laut/kaluza/1019/sink.s3,0,0.033983
benchmark/laut/kaluza/40/sink.s3,0,0.034179
benchmark/laut/kaluza/196/sink.s3,1,0.035217
benchmark/laut/kaluza/969/sink.s3,1,0.036777
benchmark/laut/kaluza/869/sink.s3,0,0.037637
benchmark/laut/kaluza/383/sink.s3,1,0.068879
benchmark/laut/kaluza/7/sink.s3,0,0.067343
benchmark/laut/kaluza/850/sink.s3,0,0.037333
benchmark/laut/kaluza/296/sink.s3,0,0.033092
benchmark/laut/kaluza/1622/sink.s3,1,0.036973
benchmark/laut/kaluza/1119/sink.s3,1,0.036219
benchmark/laut/kaluza/584/sink.s3,0,0.036012
benchmark/laut/kaluza/39/sink.s3,0,0.036531
benchmark/laut/kaluza/1468/sink.s3,1,0.034591
benchmark/laut/kaluza/1500/sink.s3,0,0.034390
benchmark/laut/kaluza/1753/sink.s3,0,0.041042
benchmark/laut/kaluza/1029/sink.s3,1,0.034260
benchmark/laut/kaluza/115/sink.s3,1,0.034663
benchmark/laut/kaluza/1900/sink.s3,0,0.037862
benchmark/laut/kaluza/951/sink.s3,0,0.033285
benchmark/laut/kaluza/1321/sink.s3,0,0.035432
benchmark/laut/kaluza/1273/sink.s3,0,0.035289
benchmark/laut/kaluza/817/sink.s3,0,0.036878
benchmark/laut/kaluza/518/sink.s3,1,0.067082
benchmark/laut/kaluza/497/sink.s3,1,0.066516
benchmark/laut/kaluza/56/sink.s3,1,0.421180
benchmark/laut/kaluza/163/sink.s3,1,0.035889
benchmark/laut/kaluza/712/sink.s3,0,0.117179
benchmark/laut/kaluza/841/sink.s3,0,0.035897
benchmark/laut/kaluza/986/sink.s3,0,0.035084
benchmark/laut/kaluza/259/sink.s3,1,0.066898
benchmark/laut/kaluza/239/sink.s3,1,0.075391
benchmark/laut/kaluza/1038/sink.s3,0,0.065676
benchmark/laut/kaluza/1418/sink.s3,1,0.035286
benchmark/laut/kaluza/392/sink.s3,0,0.035922
benchmark/laut/kaluza/783/sink.s3,0,0.019210
benchmark/laut/kaluza/665/sink.s3,1,0.035654
benchmark/laut/kaluza/1736/sink.s3,1,0.035064
benchmark/laut/kaluza/231/sink.s3,1,0.034558
benchmark/laut/kaluza/281/sink.s3,0,0.064921
benchmark/laut/kaluza/1757/sink.s3,0,0.036295
benchmark/laut/kaluza/545/sink.s3,0,0.032335
benchmark/laut/kaluza/1183/sink.s3,1,0.074438
benchmark/laut/kaluza/1350/sink.s3,1,0.066040
benchmark/laut/kaluza/1482/sink.s3,0,0.036387
benchmark/laut/kaluza/836/sink.s3,0,1.080773
benchmark/laut/kaluza/283/sink.s3,0,0.119588
benchmark/laut/kaluza/950/sink.s3,0,0.034368
benchmark/laut/kaluza/1451/sink.s3,1,0.034106
benchmark/laut/kaluza/1089/sink.s3,0,0.035061
benchmark/laut/kaluza/1815/sink.s3,0,0.032649
benchmark/laut/kaluza/1823/sink.s3,0,0.034666
benchmark/laut/kaluza/1358/sink.s3,0,0.020999
benchmark/laut/kaluza/1155/sink.s3,1,0.034003
benchmark/laut/kaluza/1738/sink.s3,0,0.034080
benchmark/laut/kaluza/835/sink.s3,1,0.070056
benchmark/laut/kaluza/117/sink.s3,0,0.033555
benchmark/laut/kaluza/1573/sink.s3,1,0.035389
benchmark/laut/kaluza/739/sink.s3,0,0.035985
benchmark/laut/kaluza/1352/sink.s3,0,0.034093
benchmark/laut/kaluza/766/sink.s3,1,0.035696
benchmark/laut/kaluza/862/sink.s3,1,0.034848
benchmark/laut/kaluza/1648/sink.s3,1,0.040362
benchmark/laut/kaluza/640/sink.s3,1,0.036019
benchmark/laut/kaluza/66/sink.s3,0,0.067077
benchmark/laut/kaluza/1374/sink.s3,1,0.070508
benchmark/laut/kaluza/434/sink.s3,0,0.069905
benchmark/laut/kaluza/1652/sink.s3,1,0.068379
benchmark/laut/kaluza/1755/sink.s3,0,0.068417
benchmark/laut/kaluza/1869/sink.s3,0,0.034902
benchmark/laut/kaluza/106/sink.s3,1,0.066117
benchmark/laut/kaluza/371/sink.s3,1,0.036200
benchmark/laut/kaluza/910/sink.s3,1,0.038575
benchmark/laut/kaluza/1639/sink.s3,1,0.034631
benchmark/laut/kaluza/180/sink.s3,1,0.068061
benchmark/laut/kaluza/680/sink.s3,0,0.034066
benchmark/laut/kaluza/882/sink.s3,0,0.037445
benchmark/laut/kaluza/256/sink.s3,1,0.034438
benchmark/laut/kaluza/1962/sink.s3,0,0.034354
benchmark/laut/kaluza/1907/sink.s3,0,0.034492
benchmark/laut/kaluza/1107/sink.s3,0,0.034631
benchmark/laut/kaluza/395/sink.s3,0,0.033416
benchmark/laut/kaluza/1898/sink.s3,0,0.035052
benchmark/laut/kaluza/1678/sink.s3,1,0.073003
benchmark/laut/kaluza/1274/sink.s3,0,0.036487
benchmark/laut/kaluza/162/sink.s3,1,0.034083
benchmark/laut/kaluza/27/sink.s3,0,0.022241
benchmark/laut/kaluza/891/sink.s3,0,0.066496
benchmark/laut/kaluza/378/sink.s3,0,0.034484
benchmark/laut/kaluza/1830/sink.s3,1,0.067830
benchmark/laut/kaluza/1178/sink.s3,1,0.034897
benchmark/laut/kaluza/1142/sink.s3,1,0.066894
benchmark/laut/kaluza/1932/sink.s3,1,0.035132
benchmark/laut/kaluza/1151/sink.s3,1,0.067050
benchmark/laut/kaluza/1813/sink.s3,1,0.035935
benchmark/laut/kaluza/591/sink.s3,1,0.067819
benchmark/laut/kaluza/1922/sink.s3,0,0.033485
benchmark/laut/kaluza/1588/sink.s3,0,0.037277
benchmark/laut/kaluza/1074/sink.s3,1,0.066077
benchmark/laut/kaluza/1862/sink.s3,0,0.034888
benchmark/laut/kaluza/274/sink.s3,1,0.037054
benchmark/laut/kaluza/1816/sink.s3,0,0.035019
benchmark/laut/kaluza/1931/sink.s3,1,0.036039
benchmark/laut/kaluza/1480/sink.s3,1,0.035265
benchmark/laut/kaluza/1909/sink.s3,0,0.021225
benchmark/laut/kaluza/1940/sink.s3,1,0.034713
benchmark/laut/kaluza/1841/sink.s3,0,0.035787
benchmark/laut/kaluza/649/sink.s3,0,0.034890
benchmark/laut/kaluza/1526/sink.s3,0,0.037230
benchmark/laut/kaluza/59/sink.s3,0,0.036925
benchmark/laut/kaluza/875/sink.s3,0,0.036909
benchmark/laut/kaluza/1855/sink.s3,0,0.034151
benchmark/laut/kaluza/1805/sink.s3,1,0.037021
benchmark/laut/kaluza/165/sink.s3,1,0.035937
benchmark/laut/kaluza/275/sink.s3,1,0.068247
benchmark/laut/kaluza/128/sink.s3,1,0.035134
benchmark/laut/kaluza/217/sink.s3,1,0.034609
benchmark/laut/kaluza/1301/sink.s3,0,0.020639
benchmark/laut/kaluza/830/sink.s3,0,0.037208
benchmark/laut/kaluza/157/sink.s3,1,0.065031
benchmark/laut/kaluza/1502/sink.s3,0,0.038649
benchmark/laut/kaluza/1233/sink.s3,1,0.069723
benchmark/laut/kaluza/1704/sink.s3,0,0.034848
benchmark/laut/kaluza/1328/sink.s3,0,0.036022
benchmark/laut/kaluza/1981/sink.s3,1,0.034538
benchmark/laut/kaluza/1104/sink.s3,1,0.034989
benchmark/laut/kaluza/1626/sink.s3,0,0.034062
benchmark/laut/kaluza/1614/sink.s3,1,0.035575
benchmark/laut/kaluza/1956/sink.s3,1,0.051569
benchmark/laut/kaluza/532/sink.s3,0,0.035995
benchmark/laut/kaluza/1093/sink.s3,1,0.065600
benchmark/laut/kaluza/1769/sink.s3,1,0.068589
benchmark/laut/kaluza/76/sink.s3,1,0.071445
benchmark/laut/kaluza/269/sink.s3,1,0.036879
benchmark/laut/kaluza/554/sink.s3,1,0.033531
benchmark/laut/kaluza/1344/sink.s3,0,0.034868
benchmark/laut/kaluza/447/sink.s3,0,0.034992
benchmark/laut/kaluza/573/sink.s3,1,0.067754
benchmark/laut/kaluza/398/sink.s3,0,0.035816
benchmark/laut/kaluza/329/sink.s3,1,0.034155
benchmark/laut/kaluza/1624/sink.s3,0,0.034371
benchmark/laut/kaluza/71/sink.s3,1,0.068598
benchmark/laut/kaluza/1627/sink.s3,0,0.036154
benchmark/laut/kaluza/1171/sink.s3,1,0.033788
benchmark/laut/kaluza/1278/sink.s3,0,0.036077
benchmark/laut/kaluza/993/sink.s3,1,0.042525
benchmark/laut/kaluza/668/sink.s3,1,0.069407
benchmark/laut/kaluza/827/sink.s3,1,0.069168
benchmark/laut/kaluza/787/sink.s3,0,0.070631
benchmark/laut/kaluza/1267/sink.s3,1,0.066343
benchmark/laut/kaluza/1386/sink.s3,0,0.033678
benchmark/laut/kaluza/1511/sink.s3,1,0.035681
benchmark/laut/kaluza/608/sink.s3,1,0.071741
benchmark/laut/kaluza/69/sink.s3,1,0.034287
benchmark/laut/kaluza/21/sink.s3,1,0.035691
benchmark/laut/kaluza/1721/sink.s3,1,0.035676
benchmark/laut/kaluza/1240/sink.s3,0,0.033126
benchmark/laut/kaluza/837/sink.s3,0,0.035859
benchmark/laut/kaluza/366/sink.s3,0,0.218515
benchmark/laut/kaluza/1268/sink.s3,1,0.035452
benchmark/laut/kaluza/1510/sink.s3,1,0.068108
benchmark/laut/kaluza/1036/sink.s3,1,0.037846
benchmark/laut/kaluza/313/sink.s3,1,0.071298
benchmark/laut/kaluza/978/sink.s3,0,0.035660
benchmark/laut/kaluza/1625/sink.s3,0,0.033390
benchmark/laut/kaluza/1945/sink.s3,0,0.033484
benchmark/laut/kaluza/661/sink.s3,0,0.035471
benchmark/laut/kaluza/577/sink.s3,1,0.073688
benchmark/laut/kaluza/364/sink.s3,1,0.067025
benchmark/laut/kaluza/599/sink.s3,0,0.072784
benchmark/laut/kaluza/1425/sink.s3,0,0.069922
benchmark/laut/kaluza/1138/sink.s3,1,0.069482
benchmark/laut/kaluza/1543/sink.s3,1,0.069776
benchmark/laut/kaluza/232/sink.s3,1,0.074927
benchmark/laut/kaluza/1112/sink.s3,1,0.115812
benchmark/laut/kaluza/1363/sink.s3,1,0.066373
benchmark/laut/kaluza/201/sink.s3,1,0.066050
benchmark/laut/kaluza/36/sink.s3,1,0.035448
benchmark/laut/kaluza/1750/sink.s3,1,0.069436
benchmark/laut/kaluza/1293/sink.s3,1,0.034883
benchmark/laut/kaluza/855/sink.s3,1,0.034857
benchmark/laut/kaluza/1330/sink.s3,0,0.033174
benchmark/laut/kaluza/816/sink.s3,1,0.066825
benchmark/laut/kaluza/588/sink.s3,0,0.036025
benchmark/laut/kaluza/20/sink.s3,0,0.034188
benchmark/laut/kaluza/413/sink.s3,1,0.066349
benchmark/laut/kaluza/15/sink.s3,1,0.038717
benchmark/laut/kaluza/1791/sink.s3,1,0.067236
benchmark/laut/kaluza/120/sink.s3,1,0.318804
benchmark/laut/kaluza/1390/sink.s3,0,0.072280
benchmark/laut/kaluza/1495/sink.s3,0,0.034122
benchmark/laut/kaluza/1871/sink.s3,0,0.032688
benchmark/laut/kaluza/116/sink.s3,1,0.274828
benchmark/laut/kaluza/240/sink.s3,0,0.033972
benchmark/laut/kaluza/261/sink.s3,0,0.116912
benchmark/laut/kaluza/613/sink.s3,0,0.038961
benchmark/laut/kaluza/77/sink.s3,1,0.034578
benchmark/laut/kaluza/1135/sink.s3,0,0.034914
benchmark/laut/kaluza/1593/sink.s3,0,0.035553
benchmark/laut/kaluza/403/sink.s3,0,0.034646
benchmark/laut/kaluza/1335/sink.s3,0,0.034886
benchmark/laut/kaluza/456/sink.s3,0,0.069366
benchmark/laut/kaluza/361/sink.s3,1,0.035652
benchmark/laut/kaluza/148/sink.s3,1,0.067868
benchmark/laut/kaluza/1867/sink.s3,0,0.036054
benchmark/laut/kaluza/347/sink.s3,1,0.034778
benchmark/laut/kaluza/546/sink.s3,1,0.036129
benchmark/laut/kaluza/374/sink.s3,1,0.035154
benchmark/laut/kaluza/1231/sink.s3,0,0.035940
benchmark/laut/kaluza/1203/sink.s3,0,0.034291
benchmark/laut/kaluza/594/sink.s3,1,0.035532
benchmark/laut/kaluza/865/sink.s3,0,0.075837
benchmark/laut/kaluza/1849/sink.s3,1,0.067979
benchmark/laut/kaluza/921/sink.s3,0,0.033433
benchmark/laut/kaluza/1021/sink.s3,0,0.034637
benchmark/laut/kaluza/1005/sink.s3,0,0.035782
benchmark/laut/kaluza/1361/sink.s3,1,0.035643
benchmark/laut/kaluza/861/sink.s3,1,0.035513
benchmark/laut/kaluza/300/sink.s3,1,0.035870
benchmark/laut/kaluza/1843/sink.s3,1,0.042545
benchmark/laut/kaluza/192/sink.s3,0,0.034166
benchmark/laut/kaluza/1893/sink.s3,1,0.034566
benchmark/laut/kaluza/627/sink.s3,1,0.067161
benchmark/laut/kaluza/516/sink.s3,1,0.065465
benchmark/laut/kaluza/33/sink.s3,1,0.034760
benchmark/laut/kaluza/1685/sink.s3,0,0.035640
benchmark/laut/kaluza/377/sink.s3,1,0.035623
benchmark/laut/kaluza/535/sink.s3,0,0.033944
benchmark/laut/kaluza/1436/sink.s3,0,0.035715
benchmark/laut/kaluza/1327/sink.s3,0,0.036529
benchmark/laut/kaluza/166/sink.s3,1,0.072149
benchmark/laut/kaluza/1992/sink.s3,0,0.034775
benchmark/laut/kaluza/11/sink.s3,0,0.034574
benchmark/laut/kaluza/1960/sink.s3,0,0.034730
benchmark/laut/kaluza/1032/sink.s3,0,0.034892
benchmark/laut/kaluza/626/sink.s3,1,0.035408
benchmark/laut/kaluza/1111/sink.s3,1,0.035123
benchmark/laut/kaluza/438/sink.s3,0,0.035690
benchmark/laut/kaluza/391/sink.s3,0,0.034935
benchmark/laut/kaluza/1161/sink.s3,0,0.034808
benchmark/laut/kaluza/1387/sink.s3,1,0.067548
benchmark/laut/kaluza/1378/sink.s3,t,0.0
benchmark/laut/kaluza/1311/sink.s3,1,0.065467
benchmark/laut/kaluza/52/sink.s3,1,0.039502
benchmark/laut/kaluza/481/sink.s3,0,0.035040
benchmark/laut/kaluza/1275/sink.s3,0,0.034169
benchmark/laut/kaluza/1854/sink.s3,0,0.034088
benchmark/laut/kaluza/1068/sink.s3,1,0.035275
benchmark/laut/kaluza/46/sink.s3,0,0.022192
benchmark/laut/kaluza/538/sink.s3,1,0.065133
benchmark/laut/kaluza/83/sink.s3,1,0.035924
benchmark/laut/kaluza/431/sink.s3,1,0.068630
benchmark/laut/kaluza/1669/sink.s3,1,0.035684
benchmark/laut/kaluza/664/sink.s3,0,0.035194
benchmark/laut/kaluza/221/sink.s3,0,0.035178
benchmark/laut/kaluza/10/sink.s3,1,0.035272
benchmark/laut/kaluza/732/sink.s3,0,0.034619
benchmark/laut/kaluza/1280/sink.s3,0,0.037808
benchmark/laut/kaluza/389/sink.s3,0,0.034676
benchmark/laut/kaluza/999/sink.s3,0,0.035122
benchmark/laut/kaluza/936/sink.s3,0,0.035524
benchmark/laut/kaluza/1575/sink.s3,0,0.036454
benchmark/laut/kaluza/1201/sink.s3,1,0.034750
benchmark/laut/kaluza/145/sink.s3,1,0.034352
benchmark/laut/kaluza/1191/sink.s3,0,0.034512
benchmark/laut/kaluza/1175/sink.s3,1,0.039069
benchmark/laut/kaluza/1152/sink.s3,0,0.038269
benchmark/laut/kaluza/1348/sink.s3,0,0.035354
benchmark/laut/kaluza/802/sink.s3,1,0.034494
benchmark/laut/kaluza/1638/sink.s3,0,0.033899
benchmark/laut/kaluza/654/sink.s3,1,0.038611
benchmark/laut/kaluza/1052/sink.s3,1,0.066126
benchmark/laut/kaluza/1720/sink.s3,1,0.066574
benchmark/laut/kaluza/142/sink.s3,0,0.035544
benchmark/laut/kaluza/601/sink.s3,0,0.035033
benchmark/laut/kaluza/336/sink.s3,1,0.035503
benchmark/laut/kaluza/1512/sink.s3,0,0.034172
benchmark/laut/kaluza/550/sink.s3,0,0.037007
benchmark/laut/kaluza/894/sink.s3,0,0.038455
benchmark/laut/kaluza/1432/sink.s3,1,0.166501
benchmark/laut/kaluza/302/sink.s3,1,0.034807
benchmark/laut/kaluza/1282/sink.s3,0,0.033052
benchmark/laut/kaluza/1710/sink.s3,0,0.035642
benchmark/laut/kaluza/1086/sink.s3,0,0.035428
benchmark/laut/kaluza/65/sink.s3,1,0.418947
benchmark/laut/kaluza/1887/sink.s3,0,0.068248
benchmark/laut/kaluza/813/sink.s3,1,0.067791
benchmark/laut/kaluza/1649/sink.s3,0,0.034517
benchmark/laut/kaluza/1024/sink.s3,0,0.041870
benchmark/laut/kaluza/1870/sink.s3,1,0.066679
benchmark/laut/kaluza/134/sink.s3,0,0.167864
benchmark/laut/kaluza/805/sink.s3,1,0.035234
benchmark/laut/kaluza/1329/sink.s3,0,0.033293
benchmark/laut/kaluza/1963/sink.s3,0,0.035562
benchmark/laut/kaluza/1542/sink.s3,0,0.067669
benchmark/laut/kaluza/846/sink.s3,0,0.035149
benchmark/laut/kaluza/1567/sink.s3,0,0.032296
benchmark/laut/kaluza/1709/sink.s3,0,0.037400
benchmark/laut/kaluza/533/sink.s3,0,0.034715
benchmark/laut/kaluza/1069/sink.s3,1,0.034246
benchmark/laut/kaluza/1751/sink.s3,1,0.035384
benchmark/laut/kaluza/311/sink.s3,1,0.033871
benchmark/laut/kaluza/979/sink.s3,0,0.036730
benchmark/laut/kaluza/466/sink.s3,0,0.035383
benchmark/laut/kaluza/1262/sink.s3,0,0.036731
benchmark/laut/kaluza/714/sink.s3,0,0.035322
benchmark/laut/kaluza/1256/sink.s3,1,0.068796
benchmark/laut/kaluza/168/sink.s3,0,0.035481
benchmark/laut/kaluza/913/sink.s3,1,0.068375
benchmark/laut/kaluza/1058/sink.s3,1,0.034535
benchmark/laut/kaluza/820/sink.s3,1,0.035837
benchmark/laut/kaluza/1062/sink.s3,1,0.034416
benchmark/laut/kaluza/1819/sink.s3,1,0.034688
benchmark/laut/kaluza/1117/sink.s3,0,0.034087
benchmark/laut/kaluza/1244/sink.s3,0,0.032993
benchmark/laut/kaluza/1109/sink.s3,1,0.033722
benchmark/laut/kaluza/1853/sink.s3,1,0.034928
benchmark/laut/kaluza/672/sink.s3,0,0.035323
benchmark/laut/kaluza/522/sink.s3,1,0.035720
benchmark/laut/kaluza/1030/sink.s3,1,0.035307
benchmark/laut/kaluza/924/sink.s3,0,0.036548
benchmark/laut/kaluza/1137/sink.s3,0,0.039328
benchmark/laut/kaluza/1641/sink.s3,0,0.073999
benchmark/laut/kaluza/1568/sink.s3,0,0.069283
benchmark/laut/kaluza/153/sink.s3,1,0.117484
benchmark/laut/kaluza/285/sink.s3,0,0.071318
benchmark/laut/kaluza/631/sink.s3,1,0.068800
benchmark/laut/kaluza/62/sink.s3,0,0.032846
benchmark/laut/kaluza/1079/sink.s3,0,0.034550
benchmark/laut/kaluza/1185/sink.s3,0,0.034075
benchmark/laut/kaluza/689/sink.s3,1,0.067075
benchmark/laut/kaluza/1228/sink.s3,1,0.034457
benchmark/laut/kaluza/1199/sink.s3,1,0.034602
benchmark/laut/kaluza/1847/sink.s3,1,0.037022
benchmark/laut/kaluza/1895/sink.s3,0,0.035699
benchmark/laut/kaluza/1237/sink.s3,0,0.035276
benchmark/laut/kaluza/461/sink.s3,0,0.037747
benchmark/laut/kaluza/1829/sink.s3,1,0.035292
benchmark/laut/kaluza/1147/sink.s3,0,0.035745
benchmark/laut/kaluza/1438/sink.s3,0,0.035850
benchmark/laut/kaluza/1651/sink.s3,0,0.036972
benchmark/laut/kaluza/717/sink.s3,0,0.039086
benchmark/laut/kaluza/109/sink.s3,1,0.034464
benchmark/laut/kaluza/1304/sink.s3,0,0.033243
benchmark/laut/kaluza/646/sink.s3,0,0.034535
benchmark/laut/kaluza/176/sink.s3,1,0.167300
benchmark/laut/kaluza/1398/sink.s3,0,0.033472
benchmark/laut/kaluza/126/sink.s3,1,0.169969
benchmark/laut/kaluza/379/sink.s3,1,0.035797
benchmark/laut/kaluza/1674/sink.s3,1,0.038046
benchmark/laut/kaluza/1004/sink.s3,1,0.066044
benchmark/laut/kaluza/505/sink.s3,1,0.035205
benchmark/laut/kaluza/1959/sink.s3,0,0.035457
benchmark/laut/kaluza/452/sink.s3,1,0.033726
benchmark/laut/kaluza/949/sink.s3,0,0.035692
benchmark/laut/kaluza/1105/sink.s3,1,0.035484
benchmark/laut/kaluza/498/sink.s3,1,0.035990
benchmark/laut/kaluza/734/sink.s3,1,0.035052
benchmark/laut/kaluza/1281/sink.s3,1,0.035636
benchmark/laut/kaluza/1477/sink.s3,0,0.034628
benchmark/laut/kaluza/1549/sink.s3,0,0.036974
benchmark/laut/kaluza/1031/sink.s3,0,0.034624
benchmark/laut/kaluza/1310/sink.s3,1,0.066910
benchmark/laut/kaluza/1166/sink.s3,0,0.034284
benchmark/laut/kaluza/1781/sink.s3,1,0.069577
benchmark/laut/kaluza/1372/sink.s3,0,0.034424
benchmark/laut/kaluza/1603/sink.s3,0,0.034912
benchmark/laut/kaluza/1572/sink.s3,1,0.065958
benchmark/laut/kaluza/98/sink.s3,1,0.070532
benchmark/laut/kaluza/197/sink.s3,1,0.035117
benchmark/laut/kaluza/517/sink.s3,0,0.033890
benchmark/laut/kaluza/1226/sink.s3,0,0.035332
benchmark/laut/kaluza/1230/sink.s3,0,0.033995
benchmark/laut/kaluza/1435/sink.s3,1,0.034808
benchmark/laut/kaluza/328/sink.s3,1,0.035814
benchmark/laut/kaluza/1713/sink.s3,1,0.042972
benchmark/laut/kaluza/1634/sink.s3,0,0.036850
benchmark/laut/kaluza/299/sink.s3,1,0.068918
benchmark/laut/kaluza/559/sink.s3,0,0.041810
benchmark/laut/kaluza/322/sink.s3,0,0.037004
benchmark/laut/kaluza/478/sink.s3,1,0.037308
benchmark/laut/kaluza/1444/sink.s3,1,0.039005
benchmark/laut/kaluza/107/sink.s3,1,0.034946
benchmark/laut/kaluza/1474/sink.s3,0,0.035808
benchmark/laut/kaluza/1722/sink.s3,0,0.068151
benchmark/laut/kaluza/896/sink.s3,1,0.066366
benchmark/laut/kaluza/1632/sink.s3,0,0.035700
benchmark/laut/kaluza/1507/sink.s3,1,0.066142
benchmark/laut/kaluza/1838/sink.s3,0,0.035537
benchmark/laut/kaluza/1619/sink.s3,1,0.167988
benchmark/laut/kaluza/1629/sink.s3,0,0.066617
benchmark/laut/kaluza/1761/sink.s3,1,0.034551
benchmark/laut/kaluza/1442/sink.s3,0,0.033953
benchmark/laut/kaluza/1820/sink.s3,0,0.033567
benchmark/laut/kaluza/207/sink.s3,1,0.034000
benchmark/laut/kaluza/958/sink.s3,1,0.035135
benchmark/laut/kaluza/1373/sink.s3,1,0.036442
benchmark/laut/kaluza/457/sink.s3,1,0.035984
benchmark/laut/kaluza/227/sink.s3,1,0.073339
benchmark/laut/kaluza/1053/sink.s3,0,0.034311
benchmark/laut/kaluza/1581/sink.s3,0,0.069171
benchmark/laut/kaluza/1467/sink.s3,0,0.035071
benchmark/laut/kaluza/1169/sink.s3,1,0.069870
benchmark/laut/kaluza/701/sink.s3,1,0.068433
benchmark/laut/kaluza/998/sink.s3,1,0.065928
benchmark/laut/kaluza/394/sink.s3,0,0.034549
benchmark/laut/kaluza/973/sink.s3,0,0.034378
benchmark/laut/kaluza/898/sink.s3,1,0.066534
benchmark/laut/kaluza/659/sink.s3,0,0.035438
benchmark/laut/kaluza/1283/sink.s3,1,0.036576
benchmark/laut/kaluza/422/sink.s3,1,0.034437
benchmark/laut/kaluza/1094/sink.s3,1,0.035495
benchmark/laut/kaluza/445/sink.s3,1,0.067647
benchmark/laut/kaluza/1431/sink.s3,0,0.034572
benchmark/laut/kaluza/1343/sink.s3,0,0.035319
benchmark/laut/kaluza/430/sink.s3,0,0.065623
benchmark/laut/kaluza/693/sink.s3,0,0.033920
benchmark/laut/kaluza/333/sink.s3,1,0.032964
benchmark/laut/kaluza/1414/sink.s3,0,0.032030
benchmark/laut/kaluza/1285/sink.s3,1,0.034375
benchmark/laut/kaluza/888/sink.s3,1,0.067555
benchmark/laut/kaluza/688/sink.s3,1,0.037325
benchmark/laut/kaluza/879/sink.s3,1,0.034009
benchmark/laut/kaluza/486/sink.s3,1,0.035298
benchmark/laut/kaluza/710/sink.s3,0,0.021771
benchmark/laut/kaluza/1530/sink.s3,1,0.064916
benchmark/laut/kaluza/1148/sink.s3,0,0.035746
benchmark/laut/kaluza/1711/sink.s3,0,0.034178
benchmark/laut/kaluza/954/sink.s3,0,0.034134
benchmark/laut/kaluza/892/sink.s3,0,0.034886
benchmark/laut/kaluza/901/sink.s3,0,0.020110
benchmark/laut/kaluza/1133/sink.s3,1,0.037294
benchmark/laut/kaluza/754/sink.s3,0,0.033916
benchmark/laut/kaluza/1212/sink.s3,1,0.032897
benchmark/laut/kaluza/224/sink.s3,1,0.036950
benchmark/laut/kaluza/1901/sink.s3,1,0.033147
benchmark/laut/kaluza/1207/sink.s3,1,0.036314
benchmark/laut/kaluza/1952/sink.s3,0,0.035194
benchmark/laut/kaluza/905/sink.s3,0,0.037761
benchmark/laut/kaluza/1523/sink.s3,1,0.034495
benchmark/laut/kaluza/337/sink.s3,0,0.035327
benchmark/laut/kaluza/860/sink.s3,1,0.034153
benchmark/laut/kaluza/539/sink.s3,1,0.069435
benchmark/laut/kaluza/1218/sink.s3,1,0.034059
benchmark/laut/kaluza/1392/sink.s3,1,0.065720
benchmark/laut/kaluza/417/sink.s3,1,0.065799
benchmark/laut/kaluza/424/sink.s3,0,0.035701
benchmark/laut/kaluza/915/sink.s3,0,0.033768
benchmark/laut/kaluza/1324/sink.s3,1,0.034101
benchmark/laut/kaluza/286/sink.s3,0,0.019348
benchmark/laut/kaluza/635/sink.s3,0,0.036167
benchmark/laut/kaluza/268/sink.s3,1,0.068181
benchmark/laut/kaluza/1254/sink.s3,1,0.035227
benchmark/laut/kaluza/1585/sink.s3,1,0.068674
benchmark/laut/kaluza/662/sink.s3,1,0.071521
benchmark/laut/kaluza/1025/sink.s3,1,0.067697
benchmark/laut/kaluza/983/sink.s3,0,0.035440
benchmark/laut/kaluza/175/sink.s3,0,0.034176
benchmark/laut/kaluza/353/sink.s3,1,0.038767
benchmark/laut/kaluza/1509/sink.s3,0,0.033941
benchmark/laut/kaluza/1550/sink.s3,1,0.066884
benchmark/laut/kaluza/1740/sink.s3,1,0.034347
benchmark/laut/kaluza/1574/sink.s3,1,0.037016
benchmark/laut/kaluza/1182/sink.s3,0,0.033583
benchmark/laut/kaluza/1407/sink.s3,1,0.067815
benchmark/laut/kaluza/1983/sink.s3,0,0.033074
benchmark/laut/kaluza/1498/sink.s3,0,0.037566
benchmark/laut/kaluza/352/sink.s3,0,0.033959
benchmark/laut/kaluza/1644/sink.s3,0,0.035316
benchmark/laut/kaluza/17/sink.s3,1,0.038294
benchmark/laut/kaluza/22/sink.s3,1,0.035285
benchmark/laut/kaluza/1597/sink.s3,0,0.038739
benchmark/laut/kaluza/1727/sink.s3,1,0.069261
benchmark/laut/kaluza/775/sink.s3,1,0.069371
benchmark/laut/kaluza/99/sink.s3,1,0.035039
benchmark/laut/kaluza/1991/sink.s3,0,0.034664
benchmark/laut/kaluza/1878/sink.s3,0,0.033654
benchmark/laut/kaluza/726/sink.s3,1,0.066091
benchmark/laut/kaluza/1106/sink.s3,1,0.066735
benchmark/laut/kaluza/1951/sink.s3,1,0.036766
benchmark/laut/kaluza/25/sink.s3,1,0.069058
benchmark/laut/kaluza/1434/sink.s3,1,0.066054
benchmark/laut/kaluza/75/sink.s3,1,0.067474
benchmark/laut/kaluza/1252/sink.s3,0,0.034542
benchmark/laut/kaluza/1332/sink.s3,1,0.038624
benchmark/laut/kaluza/1219/sink.s3,1,0.034739
benchmark/laut/kaluza/1822/sink.s3,1,0.037140
benchmark/laut/kaluza/1654/sink.s3,1,0.035985
benchmark/laut/kaluza/1466/sink.s3,1,0.034549
benchmark/laut/kaluza/639/sink.s3,1,0.068069
benchmark/laut/kaluza/1172/sink.s3,0,0.035858
benchmark/laut/kaluza/1788/sink.s3,0,0.035609
benchmark/laut/kaluza/1916/sink.s3,1,0.034599
benchmark/laut/kaluza/41/sink.s3,0,0.033852
benchmark/laut/kaluza/243/sink.s3,1,0.035372
benchmark/laut/kaluza/604/sink.s3,0,0.035106
benchmark/laut/kaluza/1081/sink.s3,0,0.034591
benchmark/laut/kaluza/715/sink.s3,0,0.035781
benchmark/laut/kaluza/784/sink.s3,0,0.036348
benchmark/laut/kaluza/1719/sink.s3,0,0.034026
benchmark/laut/kaluza/1666/sink.s3,1,0.043989
benchmark/laut/kaluza/1047/sink.s3,0,0.036329
benchmark/laut/kaluza/1415/sink.s3,0,0.322401
benchmark/laut/kaluza/1780/sink.s3,1,0.066533
benchmark/laut/kaluza/428/sink.s3,0,0.033416
benchmark/laut/kaluza/1066/sink.s3,0,0.034745
benchmark/laut/kaluza/1768/sink.s3,0,0.035952
benchmark/laut/kaluza/736/sink.s3,1,0.036684
benchmark/laut/kaluza/1269/sink.s3,0,0.036552
benchmark/laut/kaluza/421/sink.s3,0,0.034248
benchmark/laut/kaluza/1555/sink.s3,1,0.035463
benchmark/laut/kaluza/1433/sink.s3,0,0.068116
benchmark/laut/kaluza/1877/sink.s3,1,0.034167
benchmark/laut/kaluza/397/sink.s3,0,0.035022
benchmark/laut/kaluza/725/sink.s3,1,0.036840
benchmark/laut/kaluza/524/sink.s3,0,0.034517
benchmark/laut/kaluza/73/sink.s3,1,0.033840
benchmark/laut/kaluza/1092/sink.s3,0,0.037195
benchmark/laut/kaluza/100/sink.s3,1,0.035378
benchmark/laut/kaluza/96/sink.s3,0,0.037264
benchmark/laut/kaluza/141/sink.s3,1,0.066068
benchmark/laut/kaluza/890/sink.s3,0,0.068648
benchmark/laut/kaluza/1881/sink.s3,0,0.034295
benchmark/laut/kaluza/324/sink.s3,1,0.032525
benchmark/laut/kaluza/834/sink.s3,0,0.033604
benchmark/laut/kaluza/595/sink.s3,0,0.034114
benchmark/laut/kaluza/317/sink.s3,1,0.033802
benchmark/laut/kaluza/1529/sink.s3,0,0.036002
benchmark/laut/kaluza/1944/sink.s3,1,0.066725
benchmark/laut/kaluza/652/sink.s3,0,0.034583
benchmark/laut/kaluza/1292/sink.s3,1,0.066386
benchmark/laut/kaluza/1501/sink.s3,0,0.065135
benchmark/laut/kaluza/557/sink.s3,0,0.035710
benchmark/laut/kaluza/893/sink.s3,0,0.034510
benchmark/laut/kaluza/570/sink.s3,0,0.036300
benchmark/laut/kaluza/1206/sink.s3,0,0.034042
benchmark/laut/kaluza/1290/sink.s3,0,0.035429
benchmark/laut/kaluza/130/sink.s3,1,0.034228
benchmark/laut/kaluza/1659/sink.s3,1,0.038341
benchmark/laut/kaluza/210/sink.s3,1,0.036361
benchmark/laut/kaluza/1706/sink.s3,1,0.038167
benchmark/laut/kaluza/1379/sink.s3,1,0.037277
benchmark/laut/kaluza/1009/sink.s3,1,0.035614
benchmark/laut/kaluza/1235/sink.s3,1,0.035255
benchmark/laut/kaluza/1317/sink.s3,1,0.035064
benchmark/laut/kaluza/443/sink.s3,1,0.036786
benchmark/laut/kaluza/1949/sink.s3,0,0.035843
benchmark/laut/kaluza/1656/sink.s3,0,0.033902
benchmark/laut/kaluza/992/sink.s3,1,0.033883
benchmark/laut/kaluza/932/sink.s3,0,0.033984
benchmark/laut/kaluza/1246/sink.s3,1,0.067569
benchmark/laut/kaluza/1615/sink.s3,0,0.040491
benchmark/laut/kaluza/385/sink.s3,0,0.026926
benchmark/laut/kaluza/1440/sink.s3,0,0.034616
benchmark/laut/kaluza/1812/sink.s3,1,0.039454
benchmark/laut/kaluza/1730/sink.s3,1,0.037618
benchmark/laut/kaluza/840/sink.s3,1,0.067352
benchmark/laut/kaluza/367/sink.s3,0,0.035981
benchmark/laut/kaluza/35/sink.s3,1,0.035545
benchmark/laut/kaluza/1635/sink.s3,1,0.037205
benchmark/laut/kaluza/1257/sink.s3,1,0.034823
benchmark/laut/kaluza/31/sink.s3,1,0.067389
benchmark/laut/kaluza/437/sink.s3,1,0.037641
benchmark/laut/kaluza/48/sink.s3,1,0.036001
benchmark/laut/kaluza/1385/sink.s3,0,0.034935
benchmark/laut/kaluza/1826/sink.s3,1,0.068598
benchmark/laut/kaluza/991/sink.s3,1,0.069857
benchmark/laut/kaluza/1337/sink.s3,0,0.036560
benchmark/laut/kaluza/1954/sink.s3,1,0.035430
benchmark/laut/kaluza/1697/sink.s3,0,0.034935
benchmark/laut/kaluza/229/sink.s3,0,0.036486
benchmark/laut/kaluza/1515/sink.s3,0,0.035311
benchmark/laut/kaluza/272/sink.s3,1,0.037685
benchmark/laut/kaluza/704/sink.s3,0,0.069186
benchmark/laut/kaluza/241/sink.s3,1,0.034946
benchmark/laut/kaluza/1336/sink.s3,0,0.034016
benchmark/laut/kaluza/1525/sink.s3,0,0.033475
benchmark/laut/kaluza/423/sink.s3,0,0.034265
benchmark/laut/kaluza/1994/sink.s3,1,0.035065
benchmark/laut/kaluza/819/sink.s3,1,0.065111
benchmark/laut/kaluza/346/sink.s3,0,0.033894
benchmark/laut/kaluza/789/sink.s3,0,0.036714
benchmark/laut/kaluza/1459/sink.s3,0,0.034466
benchmark/laut/kaluza/801/sink.s3,1,0.037280
benchmark/laut/kaluza/1532/sink.s3,1,0.036177
benchmark/laut/kaluza/895/sink.s3,1,0.036917
benchmark/laut/kaluza/111/sink.s3,1,0.034849
benchmark/laut/kaluza/997/sink.s3,1,0.068524
benchmark/laut/kaluza/1717/sink.s3,1,0.036250
benchmark/laut/kaluza/731/sink.s3,1,0.822091
benchmark/laut/kaluza/1783/sink.s3,1,0.074933
benchmark/laut/kaluza/74/sink.s3,1,0.270891
benchmark/laut/kaluza/1873/sink.s3,0,0.221839
benchmark/laut/kaluza/234/sink.s3,1,0.170133
benchmark/laut/kaluza/1197/sink.s3,1,0.033996
benchmark/laut/kaluza/161/sink.s3,1,0.071356
benchmark/laut/kaluza/1561/sink.s3,1,0.068592
benchmark/laut/kaluza/1087/sink.s3,1,0.068122
benchmark/laut/kaluza/799/sink.s3,1,0.068533
benchmark/laut/kaluza/279/sink.s3,1,0.034163
benchmark/laut/kaluza/990/sink.s3,0,0.069585
benchmark/laut/kaluza/249/sink.s3,0,0.034310
benchmark/laut/kaluza/215/sink.s3,1,0.066682
benchmark/laut/kaluza/743/sink.s3,0,0.032592
benchmark/laut/kaluza/677/sink.s3,1,0.116059
benchmark/laut/kaluza/469/sink.s3,1,0.068258
benchmark/laut/kaluza/459/sink.s3,0,0.035094
benchmark/laut/kaluza/225/sink.s3,0,0.117482
benchmark/laut/kaluza/686/sink.s3,1,0.066993
benchmark/laut/kaluza/597/sink.s3,0,0.032665
benchmark/laut/kaluza/1265/sink.s3,0,0.032936
benchmark/laut/kaluza/97/sink.s3,0,0.171337
benchmark/laut/kaluza/23/sink.s3,1,0.038532
benchmark/laut/kaluza/1891/sink.s3,0,0.034242
benchmark/laut/kaluza/696/sink.s3,1,0.036287
benchmark/laut/kaluza/384/sink.s3,0,0.035149
benchmark/laut/kaluza/292/sink.s3,0,0.034682
benchmark/laut/kaluza/355/sink.s3,1,0.036179
benchmark/laut/kaluza/1852/sink.s3,0,0.035593
benchmark/laut/kaluza/1150/sink.s3,1,0.035984
benchmark/laut/kaluza/1288/sink.s3,1,0.036519
benchmark/laut/kaluza/1294/sink.s3,1,0.035840
benchmark/laut/kaluza/617/sink.s3,0,0.033723
benchmark/laut/kaluza/357/sink.s3,0,0.037089
benchmark/laut/kaluza/190/sink.s3,0,0.034816
benchmark/laut/kaluza/47/sink.s3,0,0.037532
benchmark/laut/kaluza/387/sink.s3,0,0.034035
benchmark/laut/kaluza/1043/sink.s3,1,0.035925
benchmark/laut/kaluza/842/sink.s3,1,0.067400
benchmark/laut/kaluza/502/sink.s3,0,0.035893
benchmark/laut/kaluza/1388/sink.s3,0,0.035309
benchmark/laut/kaluza/258/sink.s3,1,0.069058
benchmark/laut/kaluza/1253/sink.s3,0,0.034656
benchmark/laut/kaluza/656/sink.s3,0,0.033632
benchmark/laut/kaluza/1831/sink.s3,1,0.068418
benchmark/laut/kaluza/937/sink.s3,0,0.034686
benchmark/laut/kaluza/289/sink.s3,1,0.067266
benchmark/laut/kaluza/1671/sink.s3,0,0.034280
benchmark/laut/kaluza/1016/sink.s3,0,0.034526
benchmark/laut/kaluza/1885/sink.s3,1,0.035319
benchmark/laut/kaluza/1506/sink.s3,1,0.033135
benchmark/laut/kaluza/1250/sink.s3,1,0.034499
benchmark/laut/kaluza/844/sink.s3,0,0.034389
benchmark/laut/kaluza/1503/sink.s3,1,0.035662
benchmark/laut/kaluza/1213/sink.s3,1,0.034330
benchmark/laut/kaluza/1102/sink.s3,1,0.067372
benchmark/laut/kaluza/509/sink.s3,1,0.035176
benchmark/laut/kaluza/1368/sink.s3,0,0.065730
benchmark/laut/kaluza/441/sink.s3,0,0.034998
benchmark/laut/kaluza/877/sink.s3,1,0.067016
benchmark/laut/kaluza/977/sink.s3,0,0.034032
benchmark/laut/kaluza/695/sink.s3,1,0.034119
benchmark/laut/kaluza/699/sink.s3,0,0.019339
benchmark/laut/kaluza/1776/sink.s3,0,0.037871
benchmark/laut/kaluza/666/sink.s3,1,0.032916
benchmark/laut/kaluza/648/sink.s3,1,0.067470
benchmark/laut/kaluza/1775/sink.s3,0,0.069145
benchmark/laut/kaluza/1541/sink.s3,1,0.035100
benchmark/laut/kaluza/566/sink.s3,0,0.034296
benchmark/laut/kaluza/1470/sink.s3,1,0.034136
benchmark/laut/kaluza/943/sink.s3,0,0.033692
benchmark/laut/kaluza/1866/sink.s3,0,0.035985
benchmark/laut/kaluza/1393/sink.s3,0,0.035993
benchmark/laut/kaluza/769/sink.s3,1,0.040096
benchmark/laut/kaluza/1865/sink.s3,0,0.036479
benchmark/laut/kaluza/1964/sink.s3,1,0.039270
benchmark/laut/kaluza/310/sink.s3,1,0.035258
benchmark/laut/kaluza/1493/sink.s3,0,0.035581
benchmark/laut/kaluza/181/sink.s3,1,0.037636
benchmark/laut/kaluza/172/sink.s3,1,0.036448
benchmark/laut/kaluza/412/sink.s3,1,0.035292
benchmark/laut/kaluza/1658/sink.s3,1,0.034037
benchmark/laut/kaluza/368/sink.s3,1,0.035597
benchmark/laut/kaluza/558/sink.s3,0,0.035888
benchmark/laut/kaluza/786/sink.s3,1,0.065697
benchmark/laut/kaluza/146/sink.s3,1,0.037086
benchmark/laut/kaluza/1429/sink.s3,0,0.033673
benchmark/laut/kaluza/1023/sink.s3,0,0.033720
benchmark/laut/kaluza/1827/sink.s3,0,0.034071
benchmark/laut/kaluza/1571/sink.s3,1,0.035220
benchmark/laut/kaluza/1598/sink.s3,0,0.038007
benchmark/laut/kaluza/934/sink.s3,0,0.037322
benchmark/laut/kaluza/690/sink.s3,1,0.033679
benchmark/laut/kaluza/475/sink.s3,0,0.034493
benchmark/laut/kaluza/1712/sink.s3,0,0.035496
benchmark/laut/kaluza/307/sink.s3,1,0.036736
benchmark/laut/kaluza/436/sink.s3,1,0.066428
benchmark/laut/kaluza/1492/sink.s3,1,0.035800
benchmark/laut/kaluza/1773/sink.s3,0,0.033598
benchmark/laut/kaluza/687/sink.s3,1,0.068036
benchmark/laut/kaluza/1196/sink.s3,0,0.035152
benchmark/laut/kaluza/748/sink.s3,1,0.036178
benchmark/laut/kaluza/1481/sink.s3,1,0.035117
benchmark/laut/kaluza/1003/sink.s3,0,0.066555
benchmark/laut/kaluza/1661/sink.s3,1,0.036083
benchmark/laut/kaluza/727/sink.s3,0,0.167949
benchmark/laut/kaluza/51/sink.s3,0,0.036166
benchmark/laut/kaluza/1888/sink.s3,1,0.038067
benchmark/laut/kaluza/904/sink.s3,1,0.034041
benchmark/laut/kaluza/1299/sink.s3,1,0.066813
benchmark/laut/kaluza/1075/sink.s3,0,0.034529
benchmark/laut/kaluza/301/sink.s3,0,0.035729
benchmark/laut/kaluza/465/sink.s3,1,0.034685
benchmark/laut/kaluza/825/sink.s3,0,0.035862
benchmark/laut/kaluza/624/sink.s3,0,0.034452
benchmark/laut/kaluza/1045/sink.s3,0,0.034976
benchmark/laut/kaluza/808/sink.s3,0,0.067004
benchmark/laut/kaluza/1128/sink.s3,0,0.035260
benchmark/laut/kaluza/185/sink.s3,0,0.033104
benchmark/laut/kaluza/1558/sink.s3,1,0.066462
benchmark/laut/kaluza/740/sink.s3,0,0.035709
benchmark/laut/kaluza/587/sink.s3,1,0.067258
benchmark/laut/kaluza/156/sink.s3,1,0.119659
benchmark/laut/kaluza/1968/sink.s3,0,0.035100
benchmark/laut/kaluza/1115/sink.s3,0,0.034470
benchmark/laut/kaluza/1305/sink.s3,0,0.035283
benchmark/laut/kaluza/771/sink.s3,1,0.046436
benchmark/laut/kaluza/1737/sink.s3,0,0.034385
benchmark/laut/kaluza/1908/sink.s3,1,0.033882
benchmark/laut/kaluza/953/sink.s3,0,0.034478
benchmark/laut/kaluza/323/sink.s3,1,0.065816
benchmark/laut/kaluza/1041/sink.s3,1,0.065336
benchmark/laut/kaluza/93/sink.s3,1,0.035970
benchmark/laut/kaluza/1758/sink.s3,1,0.035317
benchmark/laut/kaluza/1925/sink.s3,0,0.035371
benchmark/laut/kaluza/831/sink.s3,1,0.034992
benchmark/laut/kaluza/386/sink.s3,1,0.035472
benchmark/laut/kaluza/1417/sink.s3,0,0.039154
benchmark/laut/kaluza/1271/sink.s3,0,0.032981
benchmark/laut/kaluza/1544/sink.s3,0,0.034700
benchmark/laut/kaluza/1439/sink.s3,1,0.869755
benchmark/laut/kaluza/1631/sink.s3,1,0.036308
benchmark/laut/kaluza/711/sink.s3,0,0.033363
benchmark/laut/kaluza/1101/sink.s3,0,0.033306
benchmark/laut/kaluza/1173/sink.s3,0,0.033498
benchmark/laut/kaluza/1604/sink.s3,0,0.033730
benchmark/laut/kaluza/663/sink.s3,0,0.034655
benchmark/laut/kaluza/1216/sink.s3,0,0.034760
benchmark/laut/kaluza/567/sink.s3,1,0.065408
benchmark/laut/kaluza/1055/sink.s3,1,0.036025
benchmark/laut/kaluza/1179/sink.s3,1,0.034253
benchmark/laut/kaluza/1576/sink.s3,1,0.066729
benchmark/laut/kaluza/942/sink.s3,0,0.021790
benchmark/laut/kaluza/1097/sink.s3,0,0.035342
benchmark/laut/kaluza/520/sink.s3,1,0.034525
benchmark/laut/kaluza/429/sink.s3,0,0.034023
benchmark/laut/kaluza/878/sink.s3,0,0.038266
benchmark/laut/kaluza/1195/sink.s3,1,0.037733
benchmark/laut/kaluza/87/sink.s3,1,0.033762
benchmark/laut/kaluza/709/sink.s3,0,0.033128
benchmark/laut/kaluza/874/sink.s3,0,0.036719
benchmark/laut/kaluza/785/sink.s3,1,0.069769
benchmark/laut/kaluza/606/sink.s3,0,0.068961
benchmark/laut/kaluza/88/sink.s3,1,0.034672
benchmark/laut/kaluza/1647/sink.s3,0,0.036667
benchmark/laut/kaluza/266/sink.s3,1,0.039318
benchmark/laut/kaluza/1807/sink.s3,1,0.039465
benchmark/laut/kaluza/1453/sink.s3,0,0.034219
benchmark/laut/kaluza/1989/sink.s3,1,0.036180
benchmark/laut/kaluza/965/sink.s3,0,0.034066
benchmark/laut/kaluza/1140/sink.s3,1,0.035364
benchmark/laut/kaluza/2000/sink.s3,1,0.033142
benchmark/laut/kaluza/1552/sink.s3,1,0.032562
benchmark/laut/kaluza/1795/sink.s3,1,0.034413
benchmark/laut/kaluza/1937/sink.s3,1,0.035850
benchmark/laut/kaluza/1612/sink.s3,0,0.034474
benchmark/laut/kaluza/543/sink.s3,0,0.037958
benchmark/laut/kaluza/470/sink.s3,1,0.034044
benchmark/laut/kaluza/1747/sink.s3,0,0.035986
benchmark/laut/kaluza/579/sink.s3,0,0.066446
benchmark/laut/kaluza/1099/sink.s3,1,0.066936
benchmark/laut/kaluza/1996/sink.s3,0,0.033536
benchmark/laut/kaluza/1915/sink.s3,1,0.033961
benchmark/laut/kaluza/996/sink.s3,1,0.034988
benchmark/laut/kaluza/454/sink.s3,1,0.066437
benchmark/laut/kaluza/214/sink.s3,1,0.066888
benchmark/laut/kaluza/529/sink.s3,0,0.033789
benchmark/laut/kaluza/738/sink.s3,1,0.067487
benchmark/laut/kaluza/580/sink.s3,0,0.034663
benchmark/laut/kaluza/947/sink.s3,1,0.034785
benchmark/laut/kaluza/1533/sink.s3,0,0.034163
benchmark/laut/kaluza/1906/sink.s3,0,0.036300
benchmark/laut/kaluza/751/sink.s3,0,0.034129
benchmark/laut/kaluza/1223/sink.s3,0,0.033320
benchmark/laut/kaluza/1551/sink.s3,1,0.066929
benchmark/laut/kaluza/204/sink.s3,1,0.222514
benchmark/laut/kaluza/723/sink.s3,1,0.118897
benchmark/laut/kaluza/325/sink.s3,1,0.034016
benchmark/laut/kaluza/1546/sink.s3,0,0.034816
benchmark/laut/kaluza/773/sink.s3,0,0.034897
benchmark/laut/kaluza/1149/sink.s3,0,0.036152
benchmark/laut/kaluza/152/sink.s3,1,0.068202
benchmark/laut/kaluza/1955/sink.s3,1,0.066012
benchmark/laut/kaluza/596/sink.s3,0,0.034121
benchmark/laut/kaluza/615/sink.s3,1,0.034489
benchmark/laut/kaluza/1517/sink.s3,0,0.035380
benchmark/laut/kaluza/150/sink.s3,1,0.035205
benchmark/laut/kaluza/136/sink.s3,0,0.040995
benchmark/laut/kaluza/1798/sink.s3,1,0.035038
benchmark/laut/kaluza/791/sink.s3,0,0.034474
benchmark/laut/kaluza/1316/sink.s3,1,0.037381
benchmark/laut/kaluza/1116/sink.s3,1,0.065432
benchmark/laut/kaluza/1545/sink.s3,0,0.033362
benchmark/laut/kaluza/694/sink.s3,1,0.066475
benchmark/laut/kaluza/928/sink.s3,0,0.036966
benchmark/laut/kaluza/78/sink.s3,1,0.034100
benchmark/laut/kaluza/843/sink.s3,0,0.068836
benchmark/laut/kaluza/1411/sink.s3,1,0.066608
benchmark/laut/kaluza/1473/sink.s3,0,0.036336
benchmark/laut/kaluza/1504/sink.s3,1,0.036390
benchmark/laut/kaluza/188/sink.s3,0,0.035332
benchmark/laut/kaluza/444/sink.s3,0,0.034926
benchmark/laut/kaluza/1688/sink.s3,1,0.035374
benchmark/laut/kaluza/501/sink.s3,1,0.034308
benchmark/laut/kaluza/513/sink.s3,1,0.034596
benchmark/laut/kaluza/1131/sink.s3,1,0.068037
benchmark/laut/kaluza/621/sink.s3,0,0.068614
benchmark/laut/kaluza/1583/sink.s3,0,0.036287
benchmark/laut/kaluza/645/sink.s3,1,0.035478
benchmark/laut/kaluza/1777/sink.s3,1,0.036067
benchmark/laut/kaluza/1313/sink.s3,0,0.033559
benchmark/laut/kaluza/948/sink.s3,1,0.036601
benchmark/laut/kaluza/189/sink.s3,1,0.168550
benchmark/laut/kaluza/724/sink.s3,0,0.037848
benchmark/laut/kaluza/1741/sink.s3,0,0.033911
benchmark/laut/kaluza/643/sink.s3,0,0.034302
benchmark/laut/kaluza/79/sink.s3,1,0.035759
benchmark/laut/kaluza/358/sink.s3,0,0.035332
benchmark/laut/kaluza/929/sink.s3,1,0.036221
benchmark/laut/kaluza/356/sink.s3,0,0.035419
benchmark/laut/kaluza/84/sink.s3,1,0.037271
benchmark/laut/kaluza/1070/sink.s3,1,0.035403
benchmark/laut/kaluza/103/sink.s3,1,0.067031
benchmark/laut/kaluza/719/sink.s3,t,0.0
benchmark/laut/kaluza/940/sink.s3,0,0.035710
benchmark/laut/kaluza/1165/sink.s3,0,0.034017
benchmark/laut/kaluza/1936/sink.s3,1,0.034274
benchmark/laut/kaluza/409/sink.s3,1,0.035194
benchmark/laut/kaluza/1072/sink.s3,1,0.065977
benchmark/laut/kaluza/1419/sink.s3,0,0.035233
benchmark/laut/kaluza/897/sink.s3,1,0.033849
benchmark/laut/kaluza/1792/sink.s3,1,0.171655
benchmark/laut/kaluza/480/sink.s3,1,0.066760
benchmark/laut/kaluza/1705/sink.s3,0,0.038894
benchmark/laut/kaluza/1154/sink.s3,0,0.034810
benchmark/laut/kaluza/1298/sink.s3,1,0.038832
benchmark/laut/kaluza/779/sink.s3,0,0.035541
benchmark/laut/kaluza/1187/sink.s3,1,0.037410
benchmark/laut/kaluza/1157/sink.s3,1,0.035578
benchmark/laut/kaluza/1547/sink.s3,0,0.034707
benchmark/laut/kaluza/1118/sink.s3,1,0.067861
benchmark/laut/kaluza/1306/sink.s3,0,0.033925
benchmark/laut/kaluza/1999/sink.s3,0,0.039125
benchmark/laut/kaluza/568/sink.s3,1,0.066273
benchmark/laut/kaluza/883/sink.s3,0,0.034553
benchmark/laut/kaluza/1779/sink.s3,0,0.034702
benchmark/laut/kaluza/1628/sink.s3,1,0.038495
benchmark/laut/kaluza/332/sink.s3,1,0.036514
benchmark/laut/kaluza/818/sink.s3,1,0.067419
benchmark/laut/kaluza/957/sink.s3,0,0.038081
benchmark/laut/kaluza/12/sink.s3,0,0.036541
benchmark/laut/kaluza/1450/sink.s3,1,0.066102
benchmark/laut/kaluza/425/sink.s3,0,0.033548
benchmark/laut/kaluza/569/sink.s3,0,0.033649
benchmark/laut/kaluza/1538/sink.s3,0,0.034836
benchmark/laut/kaluza/1611/sink.s3,0,0.035542
benchmark/laut/kaluza/43/sink.s3,0,0.021342
benchmark/laut/kaluza/177/sink.s3,1,0.034438
benchmark/laut/kaluza/1640/sink.s3,1,0.068462
benchmark/laut/kaluza/82/sink.s3,1,0.219655
benchmark/laut/kaluza/1284/sink.s3,0,0.034256
benchmark/laut/kaluza/169/sink.s3,1,0.035268
benchmark/laut/kaluza/1447/sink.s3,0,0.036918
benchmark/laut/kaluza/1380/sink.s3,1,0.067126
benchmark/laut/kaluza/1803/sink.s3,1,0.069285
benchmark/laut/kaluza/1263/sink.s3,0,0.035893
benchmark/laut/kaluza/191/sink.s3,1,0.035581
benchmark/laut/kaluza/632/sink.s3,1,0.036546
benchmark/laut/kaluza/610/sink.s3,1,0.065759
benchmark/laut/kaluza/1345/sink.s3,0,0.034877
benchmark/laut/kaluza/667/sink.s3,1,0.035156
benchmark/laut/kaluza/1017/sink.s3,1,0.037196
benchmark/laut/kaluza/426/sink.s3,0,0.033669
benchmark/laut/kaluza/315/sink.s3,1,0.069676
benchmark/laut/kaluza/916/sink.s3,0,0.034315
benchmark/laut/kaluza/1570/sink.s3,0,0.033236
benchmark/laut/kaluza/767/sink.s3,1,0.066291
benchmark/laut/kaluza/1423/sink.s3,1,0.064860
benchmark/laut/kaluza/531/sink.s3,1,0.033599
benchmark/laut/kaluza/1657/sink.s3,1,0.036663
benchmark/laut/kaluza/1860/sink.s3,1,0.035062
benchmark/laut/kaluza/1731/sink.s3,0,0.037870
benchmark/laut/kaluza/1012/sink.s3,0,0.044768
benchmark/laut/kaluza/1914/sink.s3,1,0.036321
benchmark/laut/kaluza/464/sink.s3,1,0.034511
benchmark/laut/kaluza/614/sink.s3,1,0.038815
benchmark/laut/kaluza/1579/sink.s3,0,0.035929
benchmark/laut/kaluza/721/sink.s3,0,0.033815
benchmark/laut/kaluza/871/sink.s3,1,0.068461
benchmark/laut/kaluza/572/sink.s3,1,0.067571
benchmark/laut/kaluza/755/sink.s3,0,0.034202
benchmark/laut/kaluza/1483/sink.s3,0,0.035342
benchmark/laut/kaluza/1967/sink.s3,0,0.036654
benchmark/laut/kaluza/565/sink.s3,0,0.036178
benchmark/laut/kaluza/504/sink.s3,0,0.036373
benchmark/laut/kaluza/1718/sink.s3,1,0.036308
benchmark/laut/kaluza/1421/sink.s3,1,0.068765
benchmark/laut/kaluza/1910/sink.s3,1,0.034559
benchmark/laut/kaluza/553/sink.s3,0,0.033755
benchmark/laut/kaluza/1073/sink.s3,1,0.066801
benchmark/laut/kaluza/334/sink.s3,1,0.066870
benchmark/laut/kaluza/989/sink.s3,1,0.064869
benchmark/laut/kaluza/1125/sink.s3,0,0.032428
benchmark/laut/kaluza/641/sink.s3,0,0.067132
benchmark/laut/kaluza/1856/sink.s3,1,0.037958
benchmark/laut/kaluza/331/sink.s3,1,0.036097
benchmark/laut/kaluza/1008/sink.s3,1,0.064765
benchmark/laut/kaluza/560/sink.s3,1,0.034196
benchmark/laut/kaluza/463/sink.s3,0,0.039492
benchmark/laut/kaluza/541/sink.s3,1,0.041307
benchmark/laut/kaluza/511/sink.s3,1,0.068552
benchmark/laut/kaluza/1488/sink.s3,1,0.069187
benchmark/laut/kaluza/1491/sink.s3,0,0.075769
benchmark/laut/kaluza/1044/sink.s3,0,0.070824
benchmark/laut/kaluza/433/sink.s3,1,0.034214
benchmark/laut/kaluza/1088/sink.s3,1,0.037372
benchmark/laut/kaluza/1059/sink.s3,1,0.067146
benchmark/laut/kaluza/1912/sink.s3,1,0.033907
benchmark/laut/kaluza/1535/sink.s3,1,0.071277
benchmark/laut/kaluza/812/sink.s3,1,0.034815
benchmark/laut/kaluza/1566/sink.s3,0,0.034347
benchmark/laut/kaluza/139/sink.s3,1,0.069476
benchmark/laut/kaluza/1326/sink.s3,1,0.066962
benchmark/laut/kaluza/867/sink.s3,1,0.077799
benchmark/laut/kaluza/260/sink.s3,0,0.019202
benchmark/laut/kaluza/729/sink.s3,1,0.032060
benchmark/laut/kaluza/772/sink.s3,0,0.037254
benchmark/laut/kaluza/1938/sink.s3,0,0.034838
benchmark/laut/kaluza/410/sink.s3,1,0.034497
benchmark/laut/kaluza/1027/sink.s3,0,0.039735
benchmark/laut/kaluza/1982/sink.s3,0,0.034135
benchmark/laut/kaluza/642/sink.s3,0,0.034605
benchmark/laut/kaluza/1993/sink.s3,0,0.034604
benchmark/laut/kaluza/1238/sink.s3,1,0.067918