benchmark=kaluza,solver=trau,TO=20.000000
path,sat,time
benchmark/laut/kaluza/404/sink.s3,1,1.229257
benchmark/laut/kaluza/1789/sink.s3,0,0.018459
benchmark/laut/kaluza/1144/sink.s3,0,0.066280
benchmark/laut/kaluza/1636/sink.s3,0,0.033969
benchmark/laut/kaluza/405/sink.s3,1,0.069362
benchmark/laut/kaluza/1800/sink.s3,1,0.066792
benchmark/laut/kaluza/1211/sink.s3,1,0.119535
benchmark/laut/kaluza/987/sink.s3,0,0.033630
benchmark/laut/kaluza/968/sink.s3,0,0.018254
benchmark/laut/kaluza/1484/sink.s3,0,0.018143
benchmark/laut/kaluza/1514/sink.s3,1,0.067897
benchmark/laut/kaluza/1799/sink.s3,1,0.075678
benchmark/laut/kaluza/1065/sink.s3,0,0.033908
benchmark/laut/kaluza/1382/sink.s3,1,0.066986
benchmark/laut/kaluza/1836/sink.s3,0,0.033873
benchmark/laut/kaluza/1508/sink.s3,1,0.073611
benchmark/laut/kaluza/1725/sink.s3,0,0.035576
benchmark/laut/kaluza/763/sink.s3,1,0.070044
benchmark/laut/kaluza/1745/sink.s3,1,0.069591
benchmark/laut/kaluza/1289/sink.s3,1,0.069540
benchmark/laut/kaluza/811/sink.s3,0,0.033883
benchmark/laut/kaluza/198/sink.s3,0,0.017054
benchmark/laut/kaluza/765/sink.s3,0,0.036182
benchmark/laut/kaluza/127/sink.s3,1,0.066479
benchmark/laut/kaluza/647/sink.s3,1,0.067217
benchmark/laut/kaluza/1241/sink.s3,1,0.066198
benchmark/laut/kaluza/1969/sink.s3,0,0.071402
benchmark/laut/kaluza/1460/sink.s3,0,0.033293
benchmark/laut/kaluza/92/sink.s3,1,0.068137
benchmark/laut/kaluza/1180/sink.s3,0,0.035560
benchmark/laut/kaluza/1919/sink.s3,1,0.067084
benchmark/laut/kaluza/135/sink.s3,0,0.035082
benchmark/laut/kaluza/1894/sink.s3,0,0.032743
benchmark/laut/kaluza/1613/sink.s3,1,0.065103
benchmark/laut/kaluza/1590/sink.s3,0,0.033684
benchmark/laut/kaluza/499/sink.s3,1,0.067920
benchmark/laut/kaluza/512/sink.s3,0,0.033567
benchmark/laut/kaluza/482/sink.s3,1,0.066526
benchmark/laut/kaluza/585/sink.s3,0,0.035739
benchmark/laut/kaluza/118/sink.s3,0,0.018242
benchmark/laut/kaluza/1958/sink.s3,0,0.033308
benchmark/laut/kaluza/1446/sink.s3,1,0.069056
benchmark/laut/kaluza/886/sink.s3,0,0.019711
benchmark/laut/kaluza/160/sink.s3,1,0.066619
benchmark/laut/kaluza/1883/sink.s3,0,0.035822
benchmark/laut/kaluza/1534/sink.s3,0,0.070699
benchmark/laut/kaluza/814/sink.s3,0,0.035343
benchmark/laut/kaluza/911/sink.s3,0,0.033361
benchmark/laut/kaluza/1205/sink.s3,0,0.033523
benchmark/laut/kaluza/388/sink.s3,1,0.068335
benchmark/laut/kaluza/564/sink.s3,1,0.068113
benchmark/laut/kaluza/1347/sink.s3,0,0.034223
benchmark/laut/kaluza/1389/sink.s3,1,0.067137
benchmark/laut/kaluza/1162/sink.s3,1,0.070522
benchmark/laut/kaluza/487/sink.s3,1,0.066051
benchmark/laut/kaluza/923/sink.s3,0,0.035904
benchmark/laut/kaluza/702/sink.s3,0,0.033990
benchmark/laut/kaluza/1351/sink.s3,0,0.069529
benchmark/laut/kaluza/1002/sink.s3,1,0.074790
benchmark/laut/kaluza/1564/sink.s3,0,0.017951
benchmark/laut/kaluza/108/sink.s3,0,0.017851
benchmark/laut/kaluza/381/sink.s3,1,0.067613
benchmark/laut/kaluza/1824/sink.s3,1,0.067635
benchmark/laut/kaluza/768/sink.s3,0,0.036283
benchmark/laut/kaluza/295/sink.s3,1,0.068939
benchmark/laut/kaluza/420/sink.s3,0,0.037476
benchmark/laut/kaluza/823/sink.s3,1,0.070506
benchmark/laut/kaluza/1752/sink.s3,1,0.071542
benchmark/laut/kaluza/945/sink.s3,1,0.067178
benchmark/laut/kaluza/64/sink.s3,1,0.073461
benchmark/laut/kaluza/544/sink.s3,1,0.037492
benchmark/laut/kaluza/80/sink.s3,1,0.067294
benchmark/laut/kaluza/966/sink.s3,1,0.067417
benchmark/laut/kaluza/1814/sink.s3,0,0.034269
benchmark/laut/kaluza/561/sink.s3,0,0.018384
benchmark/laut/kaluza/1602/sink.s3,0,0.035553
benchmark/laut/kaluza/1333/sink.s3,0,0.036671
benchmark/laut/kaluza/442/sink.s3,1,0.068043
benchmark/laut/kaluza/186/sink.s3,1,0.069501
benchmark/laut/kaluza/1848/sink.s3,0,0.032302
benchmark/laut/kaluza/284/sink.s3,1,0.067846
benchmark/laut/kaluza/53/sink.s3,1,0.066879
benchmark/laut/kaluza/1868/sink.s3,1,0.068129
benchmark/laut/kaluza/876/sink.s3,1,0.067498
benchmark/laut/kaluza/411/sink.s3,0,0.041540
benchmark/laut/kaluza/691/sink.s3,1,0.066486
benchmark/laut/kaluza/1724/sink.s3,1,0.067946
benchmark/laut/kaluza/759/sink.s3,1,0.066960
benchmark/laut/kaluza/1420/sink.s3,0,0.038747
benchmark/laut/kaluza/1765/sink.s3,0,0.018951
benchmark/laut/kaluza/1876/sink.s3,1,0.068609
benchmark/laut/kaluza/745/sink.s3,0,0.038822
benchmark/laut/kaluza/121/sink.s3,1,0.069919
benchmark/laut/kaluza/1835/sink.s3,0,0.035369
benchmark/laut/kaluza/1122/sink.s3,1,0.068249
benchmark/laut/kaluza/1200/sink.s3,0,0.018586
benchmark/laut/kaluza/1437/sink.s3,1,0.068653
benchmark/laut/kaluza/1334/sink.s3,0,0.018319
benchmark/laut/kaluza/1913/sink.s3,1,0.066723
benchmark/laut/kaluza/1174/sink.s3,0,0.035560
benchmark/laut/kaluza/205/sink.s3,0,0.018814
benchmark/laut/kaluza/149/sink.s3,1,0.068588
benchmark/laut/kaluza/318/sink.s3,1,0.068369
benchmark/laut/kaluza/1259/sink.s3,1,0.069539
benchmark/laut/kaluza/1291/sink.s3,1,0.068260
benchmark/laut/kaluza/1980/sink.s3,0,0.042410
benchmark/laut/kaluza/174/sink.s3,1,0.067453
benchmark/laut/kaluza/762/sink.s3,1,0.065929
benchmark/laut/kaluza/30/sink.s3,1,0.067298
benchmark/laut/kaluza/909/sink.s3,1,0.066501
benchmark/laut/kaluza/316/sink.s3,1,0.373600
benchmark/laut/kaluza/1077/sink.s3,0,0.034464
benchmark/laut/kaluza/1742/sink.s3,0,0.035236
benchmark/laut/kaluza/1156/sink.s3,0,0.020735
benchmark/laut/kaluza/1668/sink.s3,0,0.034418
benchmark/laut/kaluza/211/sink.s3,1,0.035078
benchmark/laut/kaluza/167/sink.s3,1,0.065782
benchmark/laut/kaluza/1689/sink.s3,0,0.037274
benchmark/laut/kaluza/851/sink.s3,0,0.018640
benchmark/laut/kaluza/1917/sink.s3,0,0.035893
benchmark/laut/kaluza/839/sink.s3,1,0.068928
benchmark/laut/kaluza/1471/sink.s3,1,0.069202
benchmark/laut/kaluza/620/sink.s3,1,0.067070
benchmark/laut/kaluza/1184/sink.s3,1,0.065559
benchmark/laut/kaluza/1245/sink.s3,1,0.118161
benchmark/laut/kaluza/873/sink.s3,1,0.072142
benchmark/laut/kaluza/467/sink.s3,0,0.035673
benchmark/laut/kaluza/1091/sink.s3,1,0.068974
benchmark/laut/kaluza/1701/sink.s3,1,0.067198
benchmark/laut/kaluza/489/sink.s3,1,0.069806
benchmark/laut/kaluza/276/sink.s3,1,0.072883
benchmark/laut/kaluza/1239/sink.s3,1,0.072668
benchmark/laut/kaluza/1834/sink.s3,0,0.017750
benchmark/laut/kaluza/605/sink.s3,0,0.019687
benchmark/laut/kaluza/510/sink.s3,1,0.069071
benchmark/laut/kaluza/1061/sink.s3,1,0.065510
benchmark/laut/kaluza/1082/sink.s3,0,0.018548
benchmark/laut/kaluza/1729/sink.s3,0,0.021187
benchmark/laut/kaluza/13/sink.s3,1,0.066314
benchmark/laut/kaluza/1518/sink.s3,0,0.036140
benchmark/laut/kaluza/1455/sink.s3,0,0.018218
benchmark/laut/kaluza/1686/sink.s3,0,0.018334
benchmark/laut/kaluza/1978/sink.s3,1,0.068089
benchmark/laut/kaluza/1699/sink.s3,0,0.019283
benchmark/laut/kaluza/1905/sink.s3,0,0.034462
benchmark/laut/kaluza/49/sink.s3,1,0.065186
benchmark/laut/kaluza/1513/sink.s3,1,0.070034
benchmark/laut/kaluza/1339/sink.s3,0,0.071918
benchmark/laut/kaluza/1243/sink.s3,1,0.065253
benchmark/laut/kaluza/770/sink.s3,1,0.070375
benchmark/laut/kaluza/1318/sink.s3,0,0.069642
benchmark/laut/kaluza/257/sink.s3,1,0.066699
benchmark/laut/kaluza/390/sink.s3,1,0.070889
benchmark/laut/kaluza/1426/sink.s3,1,0.073562
benchmark/laut/kaluza/1039/sink.s3,0,0.067138
benchmark/laut/kaluza/216/sink.s3,1,0.625429
benchmark/laut/kaluza/607/sink.s3,0,0.019253
benchmark/laut/kaluza/399/sink.s3,0,0.040839
benchmark/laut/kaluza/1127/sink.s3,0,0.037724
benchmark/laut/kaluza/1452/sink.s3,0,0.017648
benchmark/laut/kaluza/735/sink.s3,1,0.067263
benchmark/laut/kaluza/920/sink.s3,0,0.035544
benchmark/laut/kaluza/1261/sink.s3,0,0.017661
benchmark/laut/kaluza/348/sink.s3,1,0.033910
benchmark/laut/kaluza/492/sink.s3,1,0.065467
benchmark/laut/kaluza/670/sink.s3,0,0.018697
benchmark/laut/kaluza/1449/sink.s3,0,0.019398
benchmark/laut/kaluza/209/sink.s3,1,0.069243
benchmark/laut/kaluza/776/sink.s3,0,0.037176
benchmark/laut/kaluza/1067/sink.s3,0,0.034160
benchmark/laut/kaluza/797/sink.s3,0,0.036037
benchmark/laut/kaluza/1276/sink.s3,1,0.076422
benchmark/laut/kaluza/1369/sink.s3,1,0.070964
benchmark/laut/kaluza/1430/sink.s3,1,0.067874
benchmark/laut/kaluza/338/sink.s3,1,0.072384
benchmark/laut/kaluza/653/sink.s3,1,0.071203
benchmark/laut/kaluza/1577/sink.s3,0,0.069862
benchmark/laut/kaluza/344/sink.s3,1,0.067141
benchmark/laut/kaluza/1961/sink.s3,0,0.020500
benchmark/laut/kaluza/611/sink.s3,1,0.068730
benchmark/laut/kaluza/1586/sink.s3,1,0.066851
benchmark/laut/kaluza/184/sink.s3,1,0.067906
benchmark/laut/kaluza/1341/sink.s3,0,0.033498
benchmark/laut/kaluza/1808/sink.s3,0,0.033996
benchmark/laut/kaluza/994/sink.s3,0,0.035468
benchmark/laut/kaluza/406/sink.s3,0,0.069106
benchmark/laut/kaluza/880/sink.s3,0,0.018372
benchmark/laut/kaluza/551/sink.s3,0,0.033337
benchmark/laut/kaluza/1026/sink.s3,0,0.034862
benchmark/laut/kaluza/449/sink.s3,0,0.020459
benchmark/laut/kaluza/1060/sink.s3,0,0.035178
benchmark/laut/kaluza/1850/sink.s3,1,0.071404
benchmark/laut/kaluza/1817/sink.s3,0,0.068628
benchmark/laut/kaluza/884/sink.s3,0,0.071788
benchmark/laut/kaluza/42/sink.s3,1,0.068875
benchmark/laut/kaluza/67/sink.s3,1,0.065807
benchmark/laut/kaluza/1202/sink.s3,1,0.068085
benchmark/laut/kaluza/102/sink.s3,1,0.074397
benchmark/laut/kaluza/1918/sink.s3,0,0.034996
benchmark/laut/kaluza/1892/sink.s3,1,0.116955
benchmark/laut/kaluza/700/sink.s3,1,0.067918
benchmark/laut/kaluza/826/sink.s3,1,0.070585
benchmark/laut/kaluza/28/sink.s3,1,0.064437
benchmark/laut/kaluza/854/sink.s3,1,0.070787
benchmark/laut/kaluza/1950/sink.s3,0,0.036777
benchmark/laut/kaluza/925/sink.s3,1,0.071873
benchmark/laut/kaluza/326/sink.s3,0,0.036654
benchmark/laut/kaluza/1443/sink.s3,0,0.035336
benchmark/laut/kaluza/213/sink.s3,1,0.070115
benchmark/laut/kaluza/1314/sink.s3,0,0.069475
benchmark/laut/kaluza/705/sink.s3,1,0.072511
benchmark/laut/kaluza/455/sink.s3,0,0.038573
benchmark/laut/kaluza/491/sink.s3,0,0.065850
benchmark/laut/kaluza/685/sink.s3,1,0.119565
benchmark/laut/kaluza/1034/sink.s3,1,0.065498
benchmark/laut/kaluza/81/sink.s3,1,0.124029
benchmark/laut/kaluza/460/sink.s3,0,0.032876
benchmark/laut/kaluza/414/sink.s3,1,0.066763
benchmark/laut/kaluza/1609/sink.s3,0,0.017714
benchmark/laut/kaluza/147/sink.s3,1,0.068449
benchmark/laut/kaluza/1714/sink.s3,0,0.018000
benchmark/laut/kaluza/1248/sink.s3,0,0.018496
benchmark/laut/kaluza/1864/sink.s3,0,0.016273
benchmark/laut/kaluza/713/sink.s3,1,0.066508
benchmark/laut/kaluza/362/sink.s3,0,0.034269
benchmark/laut/kaluza/728/sink.s3,0,0.033356
benchmark/laut/kaluza/1684/sink.s3,1,0.068856
benchmark/laut/kaluza/1270/sink.s3,0,0.036367
benchmark/laut/kaluza/1770/sink.s3,1,0.272607
benchmark/laut/kaluza/1700/sink.s3,1,0.068000
benchmark/laut/kaluza/1784/sink.s3,0,0.020341
benchmark/laut/kaluza/446/sink.s3,0,0.019448
benchmark/laut/kaluza/1965/sink.s3,1,0.118108
benchmark/laut/kaluza/822/sink.s3,1,0.119071
benchmark/laut/kaluza/1048/sink.s3,1,0.119303
benchmark/laut/kaluza/3/sink.s3,0,0.071043
benchmark/laut/kaluza/1168/sink.s3,0,0.070680
benchmark/laut/kaluza/515/sink.s3,0,0.068468
benchmark/laut/kaluza/1594/sink.s3,0,0.039885
benchmark/laut/kaluza/1188/sink.s3,0,0.066756
benchmark/laut/kaluza/1190/sink.s3,0,0.034211
benchmark/laut/kaluza/1056/sink.s3,1,0.067881
benchmark/laut/kaluza/1608/sink.s3,0,0.019241
benchmark/laut/kaluza/179/sink.s3,1,0.068523
benchmark/laut/kaluza/931/sink.s3,1,0.067710
benchmark/laut/kaluza/1189/sink.s3,0,0.036002
benchmark/laut/kaluza/1664/sink.s3,1,0.067537
benchmark/laut/kaluza/1923/sink.s3,1,0.073290
benchmark/laut/kaluza/1478/sink.s3,0,0.067819
benchmark/laut/kaluza/985/sink.s3,0,0.069681
benchmark/laut/kaluza/1694/sink.s3,0,0.033985
benchmark/laut/kaluza/628/sink.s3,1,0.066664
benchmark/laut/kaluza/375/sink.s3,1,0.070497
benchmark/laut/kaluza/407/sink.s3,0,0.037420
benchmark/laut/kaluza/16/sink.s3,1,0.071654
benchmark/laut/kaluza/1726/sink.s3,1,0.066149
benchmark/laut/kaluza/1556/sink.s3,0,0.019477
benchmark/laut/kaluza/1277/sink.s3,0,0.036556
benchmark/laut/kaluza/609/sink.s3,1,0.070378
benchmark/laut/kaluza/506/sink.s3,1,0.067988
benchmark/laut/kaluza/598/sink.s3,1,0.069323
benchmark/laut/kaluza/742/sink.s3,1,0.078463
benchmark/laut/kaluza/427/sink.s3,1,0.068899
benchmark/laut/kaluza/235/sink.s3,0,0.068423
benchmark/laut/kaluza/1663/sink.s3,1,0.119828
benchmark/laut/kaluza/756/sink.s3,1,0.067082
benchmark/laut/kaluza/238/sink.s3,1,0.065041
benchmark/laut/kaluza/833/sink.s3,1,0.180122
benchmark/laut/kaluza/1771/sink.s3,1,0.066615
benchmark/laut/kaluza/750/sink.s3,0,0.034132
benchmark/laut/kaluza/960/sink.s3,0,0.034273
benchmark/laut/kaluza/129/sink.s3,1,0.070662
benchmark/laut/kaluza/980/sink.s3,1,0.066821
benchmark/laut/kaluza/1559/sink.s3,0,0.036458
benchmark/laut/kaluza/1974/sink.s3,1,0.072554
benchmark/laut/kaluza/273/sink.s3,1,0.068933
benchmark/laut/kaluza/1054/sink.s3,0,0.035687
benchmark/laut/kaluza/278/sink.s3,1,0.071251
benchmark/laut/kaluza/549/sink.s3,0,0.021405
benchmark/laut/kaluza/1716/sink.s3,1,0.067250
benchmark/laut/kaluza/619/sink.s3,0,0.034678
benchmark/laut/kaluza/242/sink.s3,1,0.067233
benchmark/laut/kaluza/995/sink.s3,0,0.070320
benchmark/laut/kaluza/85/sink.s3,1,0.071920
benchmark/laut/kaluza/122/sink.s3,0,0.041452
benchmark/laut/kaluza/757/sink.s3,1,0.068092
benchmark/laut/kaluza/1667/sink.s3,0,0.037481
benchmark/laut/kaluza/1995/sink.s3,1,0.066719
benchmark/laut/kaluza/1810/sink.s3,1,0.067776
benchmark/laut/kaluza/1406/sink.s3,1,0.072473
benchmark/laut/kaluza/125/sink.s3,1,0.124356
benchmark/laut/kaluza/343/sink.s3,0,0.069437
benchmark/laut/kaluza/703/sink.s3,0,0.034992
benchmark/laut/kaluza/503/sink.s3,1,0.067957
benchmark/laut/kaluza/1973/sink.s3,0,0.034380
benchmark/laut/kaluza/1297/sink.s3,0,0.040324
benchmark/laut/kaluza/280/sink.s3,0,0.316807
benchmark/laut/kaluza/1307/sink.s3,0,0.034106
benchmark/laut/kaluza/1766/sink.s3,0,0.017344
benchmark/laut/kaluza/1315/sink.s3,0,0.035272
benchmark/laut/kaluza/590/sink.s3,1,0.067104
benchmark/laut/kaluza/526/sink.s3,0,0.070290
benchmark/laut/kaluza/1786/sink.s3,1,0.035929
benchmark/laut/kaluza/788/sink.s3,1,0.068956
benchmark/laut/kaluza/1782/sink.s3,0,0.042514
benchmark/laut/kaluza/708/sink.s3,1,0.067338
benchmark/laut/kaluza/674/sink.s3,1,0.069728
benchmark/laut/kaluza/887/sink.s3,0,0.036887
benchmark/laut/kaluza/220/sink.s3,1,0.034943
benchmark/laut/kaluza/1227/sink.s3,0,0.035510
benchmark/laut/kaluza/1163/sink.s3,0,0.019415
benchmark/laut/kaluza/733/sink.s3,0,0.034331
benchmark/laut/kaluza/1448/sink.s3,0,0.018113
benchmark/laut/kaluza/164/sink.s3,1,0.069738
benchmark/laut/kaluza/829/sink.s3,0,0.068735
benchmark/laut/kaluza/253/sink.s3,1,0.471539
benchmark/laut/kaluza/1040/sink.s3,0,0.034718
benchmark/laut/kaluza/112/sink.s3,1,0.070705
benchmark/laut/kaluza/963/sink.s3,1,0.065968
benchmark/laut/kaluza/600/sink.s3,0,0.034860
benchmark/laut/kaluza/1683/sink.s3,1,0.318614
benchmark/laut/kaluza/939/sink.s3,1,0.066749
benchmark/laut/kaluza/1642/sink.s3,0,0.020411
benchmark/laut/kaluza/838/sink.s3,0,0.017718
benchmark/laut/kaluza/832/sink.s3,0,0.035410
benchmark/laut/kaluza/490/sink.s3,0,0.066686
benchmark/laut/kaluza/223/sink.s3,0,0.071531
benchmark/laut/kaluza/681/sink.s3,1,0.069674
benchmark/laut/kaluza/1935/sink.s3,1,0.068899
benchmark/laut/kaluza/415/sink.s3,1,0.117958
benchmark/laut/kaluza/477/sink.s3,1,0.067476
benchmark/laut/kaluza/764/sink.s3,1,0.071829
benchmark/laut/kaluza/1897/sink.s3,0,0.035315
benchmark/laut/kaluza/622/sink.s3,0,0.018924
benchmark/laut/kaluza/233/sink.s3,1,0.328347
benchmark/laut/kaluza/1018/sink.s3,1,0.066682
benchmark/laut/kaluza/418/sink.s3,1,0.065996
benchmark/laut/kaluza/1349/sink.s3,1,0.067655
benchmark/laut/kaluza/657/sink.s3,1,0.038432
benchmark/laut/kaluza/244/sink.s3,0,0.017837
benchmark/laut/kaluza/1972/sink.s3,0,0.035172
benchmark/laut/kaluza/1637/sink.s3,0,0.035531
benchmark/laut/kaluza/847/sink.s3,1,0.067511
benchmark/laut/kaluza/1234/sink.s3,1,0.068502
benchmark/laut/kaluza/60/sink.s3,1,0.084370
benchmark/laut/kaluza/1461/sink.s3,1,0.066411
benchmark/laut/kaluza/795/sink.s3,1,0.119483
benchmark/laut/kaluza/1690/sink.s3,1,0.120282
benchmark/laut/kaluza/1049/sink.s3,0,0.071972
benchmark/laut/kaluza/131/sink.s3,0,0.037850
benchmark/laut/kaluza/26/sink.s3,0,0.035965
benchmark/laut/kaluza/37/sink.s3,1,0.068388
benchmark/laut/kaluza/1121/sink.s3,0,0.068750
benchmark/laut/kaluza/1366/sink.s3,0,0.042600
benchmark/laut/kaluza/1986/sink.s3,1,0.067948
benchmark/laut/kaluza/271/sink.s3,1,0.122993
benchmark/laut/kaluza/1528/sink.s3,1,0.067854
benchmark/laut/kaluza/1516/sink.s3,1,0.071178
benchmark/laut/kaluza/777/sink.s3,0,0.019190
benchmark/laut/kaluza/267/sink.s3,1,0.071561
benchmark/laut/kaluza/1308/sink.s3,0,0.019086
benchmark/laut/kaluza/137/sink.s3,1,0.068490
benchmark/laut/kaluza/548/sink.s3,0,0.033291
benchmark/laut/kaluza/1408/sink.s3,0,0.034350
benchmark/laut/kaluza/1300/sink.s3,1,0.067060
benchmark/laut/kaluza/586/sink.s3,0,0.017385
benchmark/laut/kaluza/523/sink.s3,1,0.067085
benchmark/laut/kaluza/1232/sink.s3,0,0.068901
benchmark/laut/kaluza/1926/sink.s3,0,0.037511
benchmark/laut/kaluza/962/sink.s3,1,0.067953
benchmark/laut/kaluza/1859/sink.s3,1,0.066576
benchmark/laut/kaluza/974/sink.s3,0,0.068665
benchmark/laut/kaluza/1464/sink.s3,0,0.034124
benchmark/laut/kaluza/922/sink.s3,0,0.033298
benchmark/laut/kaluza/1167/sink.s3,1,0.070328
benchmark/laut/kaluza/1476/sink.s3,1,0.066139
benchmark/laut/kaluza/419/sink.s3,1,0.065378
benchmark/laut/kaluza/1643/sink.s3,0,0.034100
benchmark/laut/kaluza/1469/sink.s3,0,0.019299
benchmark/laut/kaluza/5/sink.s3,0,0.035548
benchmark/laut/kaluza/351/sink.s3,0,0.035193
benchmark/laut/kaluza/462/sink.s3,1,0.070218
benchmark/laut/kaluza/349/sink.s3,1,0.032473
benchmark/laut/kaluza/540/sink.s3,1,0.067163
benchmark/laut/kaluza/123/sink.s3,1,0.069222
benchmark/laut/kaluza/636/sink.s3,0,0.035408
benchmark/laut/kaluza/1557/sink.s3,0,0.039025
benchmark/laut/kaluza/4/sink.s3,1,0.068863
benchmark/laut/kaluza/744/sink.s3,0,0.067526
benchmark/laut/kaluza/132/sink.s3,1,0.072357
benchmark/laut/kaluza/914/sink.s3,0,0.068866
benchmark/laut/kaluza/380/sink.s3,1,0.069725
benchmark/laut/kaluza/1427/sink.s3,1,0.067876
benchmark/laut/kaluza/1057/sink.s3,0,0.036535
benchmark/laut/kaluza/1749/sink.s3,1,0.067436
benchmark/laut/kaluza/1353/sink.s3,0,0.071074
benchmark/laut/kaluza/866/sink.s3,0,0.035465
benchmark/laut/kaluza/669/sink.s3,0,0.034899
benchmark/laut/kaluza/1553/sink.s3,1,0.074138
benchmark/laut/kaluza/1279/sink.s3,0,0.019388
benchmark/laut/kaluza/1759/sink.s3,0,0.036917
benchmark/laut/kaluza/603/sink.s3,1,0.068079
benchmark/laut/kaluza/1728/sink.s3,0,0.035232
benchmark/laut/kaluza/354/sink.s3,1,0.034602
benchmark/laut/kaluza/1391/sink.s3,0,0.018455
benchmark/laut/kaluza/582/sink.s3,0,0.018871
benchmark/laut/kaluza/1272/sink.s3,1,0.066497
benchmark/laut/kaluza/1879/sink.s3,1,0.066681
benchmark/laut/kaluza/1186/sink.s3,0,0.018484
benchmark/laut/kaluza/448/sink.s3,1,0.070988
benchmark/laut/kaluza/722/sink.s3,1,0.066842
benchmark/laut/kaluza/794/sink.s3,0,0.019794
benchmark/laut/kaluza/881/sink.s3,1,0.067653
benchmark/laut/kaluza/941/sink.s3,1,0.065576
benchmark/laut/kaluza/86/sink.s3,1,0.622067
benchmark/laut/kaluza/24/sink.s3,0,0.016874
benchmark/laut/kaluza/630/sink.s3,0,0.019190
benchmark/laut/kaluza/583/sink.s3,0,0.067797
benchmark/laut/kaluza/1802/sink.s3,0,0.035829
benchmark/laut/kaluza/706/sink.s3,0,0.068545
benchmark/laut/kaluza/1670/sink.s3,1,0.079677
benchmark/laut/kaluza/1861/sink.s3,0,0.038595
benchmark/laut/kaluza/1767/sink.s3,1,0.069947
benchmark/laut/kaluza/1015/sink.s3,0,0.037419
benchmark/laut/kaluza/1063/sink.s3,0,0.034721
benchmark/laut/kaluza/1633/sink.s3,1,0.068750
benchmark/laut/kaluza/1548/sink.s3,0,0.018778
benchmark/laut/kaluza/859/sink.s3,1,0.125131
benchmark/laut/kaluza/856/sink.s3,1,0.067298
benchmark/laut/kaluza/495/sink.s3,0,0.017977
benchmark/laut/kaluza/206/sink.s3,1,0.069584
benchmark/laut/kaluza/1312/sink.s3,1,0.067684
benchmark/laut/kaluza/1772/sink.s3,0,0.019472
benchmark/laut/kaluza/1921/sink.s3,1,0.067721
benchmark/laut/kaluza/1209/sink.s3,1,0.065526
benchmark/laut/kaluza/912/sink.s3,0,0.069601
benchmark/laut/kaluza/956/sink.s3,0,0.069326
benchmark/laut/kaluza/1584/sink.s3,0,0.034464
benchmark/laut/kaluza/1846/sink.s3,0,0.018332
benchmark/laut/kaluza/1696/sink.s3,1,0.066058
benchmark/laut/kaluza/474/sink.s3,1,0.068199
benchmark/laut/kaluza/140/sink.s3,0,0.069027
benchmark/laut/kaluza/1490/sink.s3,1,0.119072
benchmark/laut/kaluza/1486/sink.s3,0,0.074966
benchmark/laut/kaluza/1682/sink.s3,0,0.034650
benchmark/laut/kaluza/1367/sink.s3,1,0.066303
benchmark/laut/kaluza/439/sink.s3,0,0.035853
benchmark/laut/kaluza/918/sink.s3,0,0.067455
benchmark/laut/kaluza/50/sink.s3,0,0.033587
benchmark/laut/kaluza/1198/sink.s3,0,0.036248
benchmark/laut/kaluza/519/sink.s3,0,0.019578
benchmark/laut/kaluza/758/sink.s3,1,0.119183
benchmark/laut/kaluza/90/sink.s3,1,0.068968
benchmark/laut/kaluza/312/sink.s3,0,0.034824
benchmark/laut/kaluza/1589/sink.s3,0,0.033178
benchmark/laut/kaluza/1785/sink.s3,0,0.019285
benchmark/laut/kaluza/1998/sink.s3,0,0.020776
benchmark/laut/kaluza/1396/sink.s3,1,0.068325
benchmark/laut/kaluza/1703/sink.s3,1,0.067020
benchmark/laut/kaluza/1522/sink.s3,0,0.034037
benchmark/laut/kaluza/970/sink.s3,0,0.017281
benchmark/laut/kaluza/1375/sink.s3,1,0.067242
benchmark/laut/kaluza/1176/sink.s3,0,0.018071
benchmark/laut/kaluza/1064/sink.s3,1,0.073749
benchmark/laut/kaluza/171/sink.s3,1,0.074109
benchmark/laut/kaluza/1763/sink.s3,0,0.033685
benchmark/laut/kaluza/1083/sink.s3,0,0.037503
benchmark/laut/kaluza/1797/sink.s3,0,0.018162
benchmark/laut/kaluza/1078/sink.s3,1,0.068143
benchmark/laut/kaluza/1266/sink.s3,0,0.036216
benchmark/laut/kaluza/1790/sink.s3,1,0.071954
benchmark/laut/kaluza/488/sink.s3,0,0.069964
benchmark/laut/kaluza/363/sink.s3,1,0.040469
benchmark/laut/kaluza/1839/sink.s3,0,0.033585
benchmark/laut/kaluza/1565/sink.s3,0,0.036625
benchmark/laut/kaluza/8/sink.s3,1,0.034669
benchmark/laut/kaluza/1941/sink.s3,0,0.036609
benchmark/laut/kaluza/373/sink.s3,1,0.040422
benchmark/laut/kaluza/1970/sink.s3,0,0.034910
benchmark/laut/kaluza/1208/sink.s3,1,0.067885
benchmark/laut/kaluza/1487/sink.s3,0,0.041393
benchmark/laut/kaluza/94/sink.s3,1,0.066902
benchmark/laut/kaluza/935/sink.s3,0,0.033810
benchmark/laut/kaluza/1193/sink.s3,0,0.034520
benchmark/laut/kaluza/58/sink.s3,0,0.018180
benchmark/laut/kaluza/1764/sink.s3,0,0.017664
benchmark/laut/kaluza/1811/sink.s3,0,0.035187
benchmark/laut/kaluza/1354/sink.s3,0,0.033989
benchmark/laut/kaluza/1519/sink.s3,0,0.034406
benchmark/laut/kaluza/369/sink.s3,1,0.071894
benchmark/laut/kaluza/1592/sink.s3,0,0.069469
benchmark/laut/kaluza/119/sink.s3,0,0.032270
benchmark/laut/kaluza/1120/sink.s3,0,0.020351
benchmark/laut/kaluza/1090/sink.s3,0,0.033163
benchmark/laut/kaluza/1360/sink.s3,1,0.068582
benchmark/laut/kaluza/1600/sink.s3,0,0.017214
benchmark/laut/kaluza/1428/sink.s3,1,0.066443
benchmark/laut/kaluza/402/sink.s3,0,0.038388
benchmark/laut/kaluza/1979/sink.s3,0,0.034725
benchmark/laut/kaluza/1110/sink.s3,0,0.022631
benchmark/laut/kaluza/930/sink.s3,0,0.034694
benchmark/laut/kaluza/870/sink.s3,1,0.072205
benchmark/laut/kaluza/1554/sink.s3,1,0.068362
benchmark/laut/kaluza/228/sink.s3,1,0.121134
benchmark/laut/kaluza/815/sink.s3,0,0.075504
benchmark/laut/kaluza/782/sink.s3,1,0.067249
benchmark/laut/kaluza/1287/sink.s3,0,0.036638
benchmark/laut/kaluza/1129/sink.s3,1,0.066805
benchmark/laut/kaluza/678/sink.s3,1,0.068501
benchmark/laut/kaluza/1732/sink.s3,1,0.065913
benchmark/laut/kaluza/1524/sink.s3,1,0.065706
benchmark/laut/kaluza/382/sink.s3,0,0.035503
benchmark/laut/kaluza/1296/sink.s3,0,0.035071
benchmark/laut/kaluza/471/sink.s3,0,0.037133
benchmark/laut/kaluza/277/sink.s3,1,0.067388
benchmark/laut/kaluza/1204/sink.s3,1,0.073201
benchmark/laut/kaluza/1170/sink.s3,0,0.069804
benchmark/laut/kaluza/1035/sink.s3,1,0.065807
benchmark/laut/kaluza/1698/sink.s3,0,0.069471
benchmark/laut/kaluza/804/sink.s3,1,0.122748
benchmark/laut/kaluza/339/sink.s3,0,0.035222
benchmark/laut/kaluza/972/sink.s3,0,0.038974
benchmark/laut/kaluza/1014/sink.s3,1,0.069685
benchmark/laut/kaluza/485/sink.s3,1,0.068397
benchmark/laut/kaluza/1748/sink.s3,1,0.067790
benchmark/laut/kaluza/1395/sink.s3,1,0.065877
benchmark/laut/kaluza/1399/sink.s3,1,0.065920
benchmark/laut/kaluza/1833/sink.s3,0,0.018572
benchmark/laut/kaluza/1580/sink.s3,0,0.037888
benchmark/laut/kaluza/845/sink.s3,1,0.065126
benchmark/laut/kaluza/401/sink.s3,0,0.017668
benchmark/laut/kaluza/14/sink.s3,1,0.175691
benchmark/laut/kaluza/658/sink.s3,0,0.033526
benchmark/laut/kaluza/254/sink.s3,0,0.022551
benchmark/laut/kaluza/255/sink.s3,1,0.070518
benchmark/laut/kaluza/1022/sink.s3,1,0.121613
benchmark/laut/kaluza/602/sink.s3,1,0.075009
benchmark/laut/kaluza/1990/sink.s3,0,0.070024
benchmark/laut/kaluza/1100/sink.s3,0,0.038790
benchmark/laut/kaluza/1192/sink.s3,1,0.065586
benchmark/laut/kaluza/1882/sink.s3,1,0.070858
benchmark/laut/kaluza/1948/sink.s3,1,0.119562
benchmark/laut/kaluza/1646/sink.s3,0,0.036749
benchmark/laut/kaluza/697/sink.s3,0,0.035195
benchmark/laut/kaluza/927/sink.s3,0,0.071233
benchmark/laut/kaluza/1886/sink.s3,1,0.066128
benchmark/laut/kaluza/304/sink.s3,1,0.069152
benchmark/laut/kaluza/1236/sink.s3,0,0.017976
benchmark/laut/kaluza/1076/sink.s3,0,0.034524
benchmark/laut/kaluza/1376/sink.s3,1,0.065616
benchmark/laut/kaluza/1540/sink.s3,0,0.019387
benchmark/laut/kaluza/440/sink.s3,0,0.021390
benchmark/laut/kaluza/151/sink.s3,1,0.118254
benchmark/laut/kaluza/1454/sink.s3,0,0.045735
benchmark/laut/kaluza/342/sink.s3,1,0.035449
benchmark/laut/kaluza/1560/sink.s3,0,0.037030
benchmark/laut/kaluza/365/sink.s3,1,0.069166
benchmark/laut/kaluza/1394/sink.s3,1,0.066026
benchmark/laut/kaluza/1562/sink.s3,0,0.019219
benchmark/laut/kaluza/101/sink.s3,1,0.066435
benchmark/laut/kaluza/400/sink.s3,0,0.034029
benchmark/laut/kaluza/294/sink.s3,1,0.067572
benchmark/laut/kaluza/675/sink.s3,0,0.037463
benchmark/laut/kaluza/1837/sink.s3,1,0.065869
benchmark/laut/kaluza/54/sink.s3,0,0.035215
benchmark/laut/kaluza/1840/sink.s3,1,0.068510
benchmark/laut/kaluza/247/sink.s3,0,0.068370
benchmark/laut/kaluza/110/sink.s3,0,0.042774
benchmark/laut/kaluza/476/sink.s3,1,0.070568
benchmark/laut/kaluza/45/sink.s3,0,0.021206
benchmark/laut/kaluza/853/sink.s3,1,0.071613
benchmark/laut/kaluza/1095/sink.s3,1,0.066731
benchmark/laut/kaluza/1370/sink.s3,1,0.069377
benchmark/laut/kaluza/1630/sink.s3,1,0.068483
benchmark/laut/kaluza/1655/sink.s3,0,0.073115
benchmark/laut/kaluza/1734/sink.s3,0,0.017471
benchmark/laut/kaluza/521/sink.s3,0,0.020487
benchmark/laut/kaluza/484/sink.s3,1,0.067037
benchmark/laut/kaluza/944/sink.s3,0,0.068666
benchmark/laut/kaluza/527/sink.s3,0,0.035069
benchmark/laut/kaluza/902/sink.s3,0,0.033112
benchmark/laut/kaluza/193/sink.s3,1,0.067513
benchmark/laut/kaluza/1595/sink.s3,0,0.073183
benchmark/laut/kaluza/291/sink.s3,0,0.033566
benchmark/laut/kaluza/528/sink.s3,1,0.068324
benchmark/laut/kaluza/824/sink.s3,1,0.075223
benchmark/laut/kaluza/493/sink.s3,0,0.038133
benchmark/laut/kaluza/1924/sink.s3,0,0.036384
benchmark/laut/kaluza/1746/sink.s3,0,0.035577
benchmark/laut/kaluza/1708/sink.s3,1,0.067524
benchmark/laut/kaluza/1084/sink.s3,0,0.035029
benchmark/laut/kaluza/1050/sink.s3,0,0.033914
benchmark/laut/kaluza/432/sink.s3,0,0.033024
benchmark/laut/kaluza/1692/sink.s3,1,0.071846
benchmark/laut/kaluza/154/sink.s3,1,0.068768
benchmark/laut/kaluza/105/sink.s3,1,0.068401
benchmark/laut/kaluza/95/sink.s3,1,0.066470
benchmark/laut/kaluza/1650/sink.s3,1,0.068729
benchmark/laut/kaluza/1013/sink.s3,0,0.039691
benchmark/laut/kaluza/1160/sink.s3,0,0.018723
benchmark/laut/kaluza/1896/sink.s3,1,0.065955
benchmark/laut/kaluza/1221/sink.s3,0,0.019578
benchmark/laut/kaluza/250/sink.s3,1,0.066750
benchmark/laut/kaluza/1405/sink.s3,0,0.019399
benchmark/laut/kaluza/1457/sink.s3,0,0.035098
benchmark/laut/kaluza/774/sink.s3,0,0.019244
benchmark/laut/kaluza/1215/sink.s3,0,0.035796
benchmark/laut/kaluza/1143/sink.s3,0,0.039461
benchmark/laut/kaluza/104/sink.s3,1,0.071668
benchmark/laut/kaluza/1675/sink.s3,1,0.067678
benchmark/laut/kaluza/933/sink.s3,0,0.073431
benchmark/laut/kaluza/303/sink.s3,1,0.073058
benchmark/laut/kaluza/864/sink.s3,1,0.073002
benchmark/laut/kaluza/237/sink.s3,1,0.069351
benchmark/laut/kaluza/1412/sink.s3,0,0.036705
benchmark/laut/kaluza/330/sink.s3,0,0.033660
benchmark/laut/kaluza/1181/sink.s3,0,0.032624
benchmark/laut/kaluza/1331/sink.s3,1,0.069558
benchmark/laut/kaluza/1695/sink.s3,1,0.068024
benchmark/laut/kaluza/1194/sink.s3,1,0.067704
benchmark/laut/kaluza/1818/sink.s3,1,0.067013
benchmark/laut/kaluza/450/sink.s3,0,0.034055
benchmark/laut/kaluza/747/sink.s3,0,0.018075
benchmark/laut/kaluza/1409/sink.s3,1,0.119915
benchmark/laut/kaluza/138/sink.s3,1,0.067937
benchmark/laut/kaluza/1809/sink.s3,1,0.122454
benchmark/laut/kaluza/1987/sink.s3,0,0.072630
benchmark/laut/kaluza/1159/sink.s3,0,0.034717
benchmark/laut/kaluza/900/sink.s3,0,0.021421
benchmark/laut/kaluza/534/sink.s3,0,0.033887
benchmark/laut/kaluza/183/sink.s3,0,0.039390
benchmark/laut/kaluza/1462/sink.s3,0,0.037335
benchmark/laut/kaluza/1456/sink.s3,1,0.069439
benchmark/laut/kaluza/683/sink.s3,0,0.070001
benchmark/laut/kaluza/1681/sink.s3,0,0.037412
benchmark/laut/kaluza/208/sink.s3,1,0.066422
benchmark/laut/kaluza/760/sink.s3,0,0.037445
benchmark/laut/kaluza/612/sink.s3,0,0.033802
benchmark/laut/kaluza/753/sink.s3,0,0.036216
benchmark/laut/kaluza/575/sink.s3,1,0.075172
benchmark/laut/kaluza/1222/sink.s3,1,0.068204
benchmark/laut/kaluza/1844/sink.s3,1,0.118638
benchmark/laut/kaluza/1458/sink.s3,0,0.323544
benchmark/laut/kaluza/1825/sink.s3,1,0.118845
benchmark/laut/kaluza/144/sink.s3,1,0.067243
benchmark/laut/kaluza/1760/sink.s3,1,0.069289
benchmark/laut/kaluza/1821/sink.s3,1,0.064863
benchmark/laut/kaluza/1214/sink.s3,1,0.119222
benchmark/laut/kaluza/1984/sink.s3,1,0.069714
benchmark/laut/kaluza/1537/sink.s3,1,0.068974
benchmark/laut/kaluza/655/sink.s3,1,0.067309
benchmark/laut/kaluza/1801/sink.s3,0,0.036904
benchmark/laut/kaluza/961/sink.s3,0,0.017716
benchmark/laut/kaluza/1401/sink.s3,0,0.033721
benchmark/laut/kaluza/964/sink.s3,1,0.067137
benchmark/laut/kaluza/1485/sink.s3,1,0.072979
benchmark/laut/kaluza/1325/sink.s3,0,0.033488
benchmark/laut/kaluza/453/sink.s3,0,0.033129
benchmark/laut/kaluza/262/sink.s3,1,0.469706
benchmark/laut/kaluza/692/sink.s3,1,0.066828
benchmark/laut/kaluza/1985/sink.s3,0,0.034904
benchmark/laut/kaluza/589/sink.s3,0,0.034612
benchmark/laut/kaluza/1475/sink.s3,0,0.035549
benchmark/laut/kaluza/187/sink.s3,0,0.038798
benchmark/laut/kaluza/514/sink.s3,0,0.036450
benchmark/laut/kaluza/917/sink.s3,0,0.034088
benchmark/laut/kaluza/1977/sink.s3,1,0.122134
benchmark/laut/kaluza/314/sink.s3,0,0.073397
benchmark/laut/kaluza/976/sink.s3,0,0.035205
benchmark/laut/kaluza/1756/sink.s3,0,0.035031
benchmark/laut/kaluza/38/sink.s3,0,0.018591
benchmark/laut/kaluza/202/sink.s3,1,0.064965
benchmark/laut/kaluza/1342/sink.s3,1,0.072057
benchmark/laut/kaluza/555/sink.s3,1,0.066256
benchmark/laut/kaluza/1933/sink.s3,0,0.033007
benchmark/laut/kaluza/1397/sink.s3,1,0.068137
benchmark/laut/kaluza/1605/sink.s3,0,0.033947
benchmark/laut/kaluza/889/sink.s3,1,0.069923
benchmark/laut/kaluza/6/sink.s3,1,0.120103
benchmark/laut/kaluza/173/sink.s3,1,0.118286
benchmark/laut/kaluza/1880/sink.s3,1,0.066649
benchmark/laut/kaluza/199/sink.s3,0,0.018396
benchmark/laut/kaluza/578/sink.s3,1,0.065642
benchmark/laut/kaluza/1743/sink.s3,1,0.066551
benchmark/laut/kaluza/571/sink.s3,1,0.071083
benchmark/laut/kaluza/1679/sink.s3,1,0.065989
benchmark/laut/kaluza/124/sink.s3,0,0.034981
benchmark/laut/kaluza/335/sink.s3,1,0.069846
benchmark/laut/kaluza/1997/sink.s3,0,0.016735
benchmark/laut/kaluza/778/sink.s3,0,0.035725
benchmark/laut/kaluza/1247/sink.s3,1,0.070844
benchmark/laut/kaluza/1587/sink.s3,0,0.027147
benchmark/laut/kaluza/1617/sink.s3,0,0.021003
benchmark/laut/kaluza/113/sink.s3,1,0.065183
benchmark/laut/kaluza/270/sink.s3,0,0.033781
benchmark/laut/kaluza/1920/sink.s3,0,0.035469
benchmark/laut/kaluza/507/sink.s3,0,0.066324
benchmark/laut/kaluza/393/sink.s3,0,0.017355
benchmark/laut/kaluza/1020/sink.s3,0,0.033753
benchmark/laut/kaluza/1322/sink.s3,0,0.034711
benchmark/laut/kaluza/660/sink.s3,1,0.066009
benchmark/laut/kaluza/1441/sink.s3,1,0.073267
benchmark/laut/kaluza/1007/sink.s3,0,0.074966
benchmark/laut/kaluza/1000/sink.s3,0,0.036907
benchmark/laut/kaluza/1911/sink.s3,1,0.067305
benchmark/laut/kaluza/1251/sink.s3,1,0.065868
benchmark/laut/kaluza/1479/sink.s3,1,0.069857
benchmark/laut/kaluza/849/sink.s3,1,0.066729
benchmark/laut/kaluza/673/sink.s3,1,0.067895
benchmark/laut/kaluza/306/sink.s3,0,0.018344
benchmark/laut/kaluza/637/sink.s3,0,0.033988
benchmark/laut/kaluza/982/sink.s3,0,0.035957
benchmark/laut/kaluza/143/sink.s3,1,0.075285
benchmark/laut/kaluza/1071/sink.s3,1,0.067201
benchmark/laut/kaluza/1939/sink.s3,0,0.017497
benchmark/laut/kaluza/321/sink.s3,1,0.070974
benchmark/laut/kaluza/327/sink.s3,1,0.065784
benchmark/laut/kaluza/761/sink.s3,1,0.067258
benchmark/laut/kaluza/1723/sink.s3,0,0.019043
benchmark/laut/kaluza/1884/sink.s3,0,0.036263
benchmark/laut/kaluza/542/sink.s3,0,0.033665
benchmark/laut/kaluza/903/sink.s3,1,0.072123
benchmark/laut/kaluza/592/sink.s3,1,0.065395
benchmark/laut/kaluza/1953/sink.s3,0,0.036990
benchmark/laut/kaluza/1051/sink.s3,1,0.064000
benchmark/laut/kaluza/1623/sink.s3,0,0.034047
benchmark/laut/kaluza/248/sink.s3,1,0.066389
benchmark/laut/kaluza/265/sink.s3,1,0.067419
benchmark/laut/kaluza/359/sink.s3,0,0.038335
benchmark/laut/kaluza/61/sink.s3,0,0.033924
benchmark/laut/kaluza/821/sink.s3,1,0.066918
benchmark/laut/kaluza/68/sink.s3,1,0.070837
benchmark/laut/kaluza/340/sink.s3,1,0.068150
benchmark/laut/kaluza/1744/sink.s3,1,0.067889
benchmark/laut/kaluza/858/sink.s3,0,0.034499
benchmark/laut/kaluza/1126/sink.s3,1,0.069108
benchmark/laut/kaluza/468/sink.s3,0,0.020537
benchmark/laut/kaluza/1863/sink.s3,0,0.017058
benchmark/laut/kaluza/682/sink.s3,0,0.022894
benchmark/laut/kaluza/1601/sink.s3,0,0.021576
benchmark/laut/kaluza/473/sink.s3,1,0.068806
benchmark/laut/kaluza/360/sink.s3,1,0.067158
benchmark/laut/kaluza/1011/sink.s3,1,0.074795
benchmark/laut/kaluza/1691/sink.s3,0,0.035048
benchmark/laut/kaluza/155/sink.s3,1,0.066996
benchmark/laut/kaluza/1591/sink.s3,0,0.018250
benchmark/laut/kaluza/1680/sink.s3,0,0.033116
benchmark/laut/kaluza/200/sink.s3,0,0.032022
benchmark/laut/kaluza/967/sink.s3,0,0.033804
benchmark/laut/kaluza/574/sink.s3,1,0.067214
benchmark/laut/kaluza/741/sink.s3,1,0.066613
benchmark/laut/kaluza/1309/sink.s3,1,0.069904
benchmark/laut/kaluza/1365/sink.s3,0,0.033660
benchmark/laut/kaluza/1359/sink.s3,1,0.067138
benchmark/laut/kaluza/803/sink.s3,0,0.033957
benchmark/laut/kaluza/1521/sink.s3,1,0.067921
benchmark/laut/kaluza/1618/sink.s3,0,0.034367
benchmark/laut/kaluza/1531/sink.s3,1,0.067196
benchmark/laut/kaluza/1472/sink.s3,0,0.034149
benchmark/laut/kaluza/1381/sink.s3,1,0.065837
benchmark/laut/kaluza/707/sink.s3,0,0.033335
benchmark/laut/kaluza/159/sink.s3,0,0.018393
benchmark/laut/kaluza/908/sink.s3,0,0.034737
benchmark/laut/kaluza/1465/sink.s3,0,0.033198
benchmark/laut/kaluza/790/sink.s3,0,0.033249
benchmark/laut/kaluza/1/sink.s3,0,0.036478
benchmark/laut/kaluza/1845/sink.s3,1,0.068372
benchmark/laut/kaluza/752/sink.s3,1,0.069434
benchmark/laut/kaluza/1672/sink.s3,0,0.069647
benchmark/laut/kaluza/1677/sink.s3,0,0.069222
benchmark/laut/kaluza/376/sink.s3,0,0.037105
benchmark/laut/kaluza/1539/sink.s3,0,0.039726
benchmark/laut/kaluza/1857/sink.s3,0,0.033095
benchmark/laut/kaluza/1255/sink.s3,1,0.067029
benchmark/laut/kaluza/1286/sink.s3,0,0.068281
benchmark/laut/kaluza/1323/sink.s3,0,0.018031
benchmark/laut/kaluza/1338/sink.s3,1,0.117263
benchmark/laut/kaluza/975/sink.s3,1,0.067961
benchmark/laut/kaluza/1422/sink.s3,0,0.017810
benchmark/laut/kaluza/1702/sink.s3,0,0.032710
benchmark/laut/kaluza/263/sink.s3,1,0.069232
benchmark/laut/kaluza/1851/sink.s3,0,0.035065
benchmark/laut/kaluza/479/sink.s3,1,0.067568
benchmark/laut/kaluza/952/sink.s3,1,0.067464
benchmark/laut/kaluza/1596/sink.s3,1,0.068278
benchmark/laut/kaluza/1210/sink.s3,1,0.066840
benchmark/laut/kaluza/218/sink.s3,1,0.069429
benchmark/laut/kaluza/158/sink.s3,1,0.373122
benchmark/laut/kaluza/1505/sink.s3,1,0.068544
benchmark/laut/kaluza/483/sink.s3,0,0.069630
benchmark/laut/kaluza/1774/sink.s3,1,0.072307
benchmark/laut/kaluza/1653/sink.s3,0,0.036709
benchmark/laut/kaluza/746/sink.s3,1,0.070273
benchmark/laut/kaluza/716/sink.s3,0,0.033937
benchmark/laut/kaluza/792/sink.s3,1,0.070312
benchmark/laut/kaluza/305/sink.s3,1,0.066938
benchmark/laut/kaluza/1828/sink.s3,0,0.034127
benchmark/laut/kaluza/1042/sink.s3,0,0.035812
benchmark/laut/kaluza/1028/sink.s3,1,0.066992
benchmark/laut/kaluza/806/sink.s3,1,0.068921
benchmark/laut/kaluza/1927/sink.s3,0,0.018664
benchmark/laut/kaluza/556/sink.s3,1,0.072567
benchmark/laut/kaluza/494/sink.s3,0,0.021555
benchmark/laut/kaluza/89/sink.s3,1,0.067184
benchmark/laut/kaluza/222/sink.s3,0,0.019559
benchmark/laut/kaluza/1497/sink.s3,1,0.066110
benchmark/laut/kaluza/1943/sink.s3,1,0.067961
benchmark/laut/kaluza/581/sink.s3,1,0.065664
benchmark/laut/kaluza/1875/sink.s3,1,0.068395
benchmark/laut/kaluza/72/sink.s3,1,0.066121
benchmark/laut/kaluza/1520/sink.s3,1,0.066952
benchmark/laut/kaluza/1001/sink.s3,1,0.070989
benchmark/laut/kaluza/1080/sink.s3,1,0.070884
benchmark/laut/kaluza/1930/sink.s3,1,0.066501
benchmark/laut/kaluza/408/sink.s3,1,0.067811
benchmark/laut/kaluza/230/sink.s3,1,0.068209
benchmark/laut/kaluza/416/sink.s3,0,0.034127
benchmark/laut/kaluza/297/sink.s3,1,0.067984
benchmark/laut/kaluza/1947/sink.s3,1,0.068736
benchmark/laut/kaluza/1858/sink.s3,0,0.067179
benchmark/laut/kaluza/1957/sink.s3,0,0.033751
benchmark/laut/kaluza/1242/sink.s3,0,0.044629
benchmark/laut/kaluza/1499/sink.s3,0,0.033205
benchmark/laut/kaluza/1942/sink.s3,0,0.037633
benchmark/laut/kaluza/634/sink.s3,1,0.072316
benchmark/laut/kaluza/1739/sink.s3,1,0.068475
benchmark/laut/kaluza/1355/sink.s3,1,0.068092
benchmark/laut/kaluza/1319/sink.s3,1,0.070375
benchmark/laut/kaluza/1113/sink.s3,1,0.117639
benchmark/laut/kaluza/1988/sink.s3,1,0.069868
benchmark/laut/kaluza/309/sink.s3,0,0.019916
benchmark/laut/kaluza/1362/sink.s3,1,0.070135
benchmark/laut/kaluza/1356/sink.s3,0,0.069730
benchmark/laut/kaluza/1295/sink.s3,1,0.071714
benchmark/laut/kaluza/1364/sink.s3,1,0.069352
benchmark/laut/kaluza/1832/sink.s3,0,0.036540
benchmark/laut/kaluza/1033/sink.s3,1,0.035847
benchmark/laut/kaluza/1676/sink.s3,1,0.067206
benchmark/laut/kaluza/781/sink.s3,0,0.071909
benchmark/laut/kaluza/396/sink.s3,1,0.065748
benchmark/laut/kaluza/1804/sink.s3,1,0.116672
benchmark/laut/kaluza/1976/sink.s3,1,0.066757
benchmark/laut/kaluza/547/sink.s3,0,0.017729
benchmark/laut/kaluza/981/sink.s3,1,0.066527
benchmark/laut/kaluza/9/sink.s3,1,0.067875
benchmark/laut/kaluza/1934/sink.s3,1,0.066744
benchmark/laut/kaluza/1158/sink.s3,0,0.034568
benchmark/laut/kaluza/676/sink.s3,0,0.034128
benchmark/laut/kaluza/1762/sink.s3,1,0.066277
benchmark/laut/kaluza/32/sink.s3,0,0.034830
benchmark/laut/kaluza/1123/sink.s3,1,0.066366
benchmark/laut/kaluza/1578/sink.s3,1,0.065717
benchmark/laut/kaluza/1303/sink.s3,0,0.042241
benchmark/laut/kaluza/1404/sink.s3,1,0.067560
benchmark/laut/kaluza/63/sink.s3,1,0.071191
benchmark/laut/kaluza/1489/sink.s3,0,0.034815
benchmark/laut/kaluza/1403/sink.s3,0,0.033990
benchmark/laut/kaluza/1971/sink.s3,1,0.066433
benchmark/laut/kaluza/1037/sink.s3,0,0.019258
benchmark/laut/kaluza/308/sink.s3,0,0.034239
benchmark/laut/kaluza/623/sink.s3,0,0.036761
benchmark/laut/kaluza/1010/sink.s3,1,0.068605
benchmark/laut/kaluza/576/sink.s3,0,0.017627
benchmark/laut/kaluza/1346/sink.s3,0,0.033709
benchmark/laut/kaluza/1410/sink.s3,0,0.036252
benchmark/laut/kaluza/1606/sink.s3,0,0.036421
benchmark/laut/kaluza/70/sink.s3,1,0.033418
benchmark/laut/kaluza/1707/sink.s3,0,0.037253
benchmark/laut/kaluza/282/sink.s3,1,0.068369
benchmark/laut/kaluza/1899/sink.s3,0,0.017433
benchmark/laut/kaluza/287/sink.s3,1,0.067031
benchmark/laut/kaluza/182/sink.s3,1,0.119010
benchmark/laut/kaluza/1402/sink.s3,0,0.070654
benchmark/laut/kaluza/644/sink.s3,0,0.018364
benchmark/laut/kaluza/1249/sink.s3,0,0.034161
benchmark/laut/kaluza/252/sink.s3,1,0.066271
benchmark/laut/kaluza/828/sink.s3,0,0.032924
benchmark/laut/kaluza/508/sink.s3,0,0.034881
benchmark/laut/kaluza/1320/sink.s3,0,0.034484
benchmark/laut/kaluza/907/sink.s3,0,0.018321
benchmark/laut/kaluza/194/sink.s3,1,0.068867
benchmark/laut/kaluza/1620/sink.s3,1,0.071994
benchmark/laut/kaluza/1098/sink.s3,0,0.017794
benchmark/laut/kaluza/19/sink.s3,0,0.017802
benchmark/laut/kaluza/1872/sink.s3,0,0.033665
benchmark/laut/kaluza/170/sink.s3,1,0.066078
benchmark/laut/kaluza/1340/sink.s3,0,0.069731
benchmark/laut/kaluza/246/sink.s3,1,0.068192
benchmark/laut/kaluza/684/sink.s3,1,0.117389
benchmark/laut/kaluza/1660/sink.s3,1,0.069252
benchmark/laut/kaluza/458/sink.s3,0,0.068859
benchmark/laut/kaluza/245/sink.s3,1,0.067311
benchmark/laut/kaluza/435/sink.s3,1,0.065581
benchmark/laut/kaluza/341/sink.s3,0,0.018809
benchmark/laut/kaluza/698/sink.s3,1,0.066982
benchmark/laut/kaluza/1177/sink.s3,0,0.041178
benchmark/laut/kaluza/1371/sink.s3,1,0.070893
benchmark/laut/kaluza/1673/sink.s3,1,0.068251
benchmark/laut/kaluza/1132/sink.s3,1,0.123045
benchmark/laut/kaluza/91/sink.s3,1,0.069688
benchmark/laut/kaluza/1264/sink.s3,0,0.019073
benchmark/laut/kaluza/1793/sink.s3,0,0.035527
benchmark/laut/kaluza/1794/sink.s3,0,0.035625
benchmark/laut/kaluza/1889/sink.s3,0,0.038625
benchmark/laut/kaluza/1141/sink.s3,0,0.070698
benchmark/laut/kaluza/1260/sink.s3,0,0.039372
benchmark/laut/kaluza/1693/sink.s3,1,0.069013
benchmark/laut/kaluza/451/sink.s3,0,0.018441
benchmark/laut/kaluza/848/sink.s3,1,0.071373
benchmark/laut/kaluza/749/sink.s3,1,0.072128
benchmark/laut/kaluza/1124/sink.s3,0,0.035591
benchmark/laut/kaluza/1536/sink.s3,0,0.035182
benchmark/laut/kaluza/796/sink.s3,0,0.034862
benchmark/laut/kaluza/633/sink.s3,1,0.067659
benchmark/laut/kaluza/1563/sink.s3,1,0.117944
benchmark/laut/kaluza/810/sink.s3,0,0.032500
benchmark/laut/kaluza/955/sink.s3,1,0.067658
benchmark/laut/kaluza/1153/sink.s3,0,0.035107
benchmark/laut/kaluza/1616/sink.s3,1,0.116179
benchmark/laut/kaluza/562/sink.s3,1,0.079577
benchmark/laut/kaluza/530/sink.s3,0,0.036324
benchmark/laut/kaluza/2/sink.s3,1,0.069101
benchmark/laut/kaluza/1929/sink.s3,0,0.067927
benchmark/laut/kaluza/593/sink.s3,0,0.069615
benchmark/laut/kaluza/629/sink.s3,1,0.067210
benchmark/laut/kaluza/1715/sink.s3,1,0.068032
benchmark/laut/kaluza/885/sink.s3,0,0.043704
benchmark/laut/kaluza/500/sink.s3,1,0.066897
benchmark/laut/kaluza/671/sink.s3,1,0.066500
benchmark/laut/kaluza/472/sink.s3,1,0.067421
benchmark/laut/kaluza/1145/sink.s3,1,0.067660
benchmark/laut/kaluza/1445/sink.s3,1,0.067581
benchmark/laut/kaluza/44/sink.s3,1,0.068558
benchmark/laut/kaluza/264/sink.s3,1,0.064601
benchmark/laut/kaluza/133/sink.s3,1,0.126106
benchmark/laut/kaluza/863/sink.s3,1,0.071035
benchmark/laut/kaluza/984/sink.s3,0,0.033679
benchmark/laut/kaluza/800/sink.s3,0,0.018447
benchmark/laut/kaluza/1527/sink.s3,1,0.117399
benchmark/laut/kaluza/1665/sink.s3,1,0.069752
benchmark/laut/kaluza/178/sink.s3,1,0.117794
benchmark/laut/kaluza/1108/sink.s3,0,0.033666
benchmark/laut/kaluza/616/sink.s3,0,0.034661
benchmark/laut/kaluza/959/sink.s3,0,0.019534
benchmark/laut/kaluza/1400/sink.s3,1,0.065148
benchmark/laut/kaluza/1778/sink.s3,0,0.032737
benchmark/laut/kaluza/1569/sink.s3,0,0.034999
benchmark/laut/kaluza/537/sink.s3,0,0.019148
benchmark/laut/kaluza/370/sink.s3,0,0.036834
benchmark/laut/kaluza/1842/sink.s3,0,0.034344
benchmark/laut/kaluza/251/sink.s3,1,0.065795
benchmark/laut/kaluza/114/sink.s3,1,0.070988
benchmark/laut/kaluza/1413/sink.s3,0,0.036468
benchmark/laut/kaluza/18/sink.s3,0,0.034223
benchmark/laut/kaluza/1975/sink.s3,0,0.046822
benchmark/laut/kaluza/55/sink.s3,1,0.066461
benchmark/laut/kaluza/852/sink.s3,0,0.068454
benchmark/laut/kaluza/29/sink.s3,1,0.067203
benchmark/laut/kaluza/496/sink.s3,0,0.068398
benchmark/laut/kaluza/1164/sink.s3,0,0.068907
benchmark/laut/kaluza/298/sink.s3,0,0.320105
benchmark/laut/kaluza/1645/sink.s3,0,0.021160
benchmark/laut/kaluza/1229/sink.s3,0,0.038849
benchmark/laut/kaluza/345/sink.s3,1,0.035197
benchmark/laut/kaluza/319/sink.s3,1,0.327152
benchmark/laut/kaluza/1224/sink.s3,1,0.066588
benchmark/laut/kaluza/1687/sink.s3,1,0.065324
benchmark/laut/kaluza/625/sink.s3,1,0.066304
benchmark/laut/kaluza/1966/sink.s3,0,0.020135
benchmark/laut/kaluza/536/sink.s3,1,0.070705
benchmark/laut/kaluza/1136/sink.s3,0,0.018373
benchmark/laut/kaluza/1146/sink.s3,1,0.069361
benchmark/laut/kaluza/1928/sink.s3,0,0.073244
benchmark/laut/kaluza/718/sink.s3,0,0.037939
benchmark/laut/kaluza/793/sink.s3,1,0.034471
benchmark/laut/kaluza/926/sink.s3,1,0.072198
benchmark/laut/kaluza/1096/sink.s3,0,0.017985
benchmark/laut/kaluza/236/sink.s3,1,0.621818
benchmark/laut/kaluza/1494/sink.s3,1,0.068302
benchmark/laut/kaluza/780/sink.s3,0,0.025109
benchmark/laut/kaluza/1496/sink.s3,0,0.019256
benchmark/laut/kaluza/320/sink.s3,1,0.069729
benchmark/laut/kaluza/798/sink.s3,0,0.120268
benchmark/laut/kaluza/946/sink.s3,1,0.069003
benchmark/laut/kaluza/1302/sink.s3,1,0.067871
benchmark/laut/kaluza/1085/sink.s3,0,0.033899
benchmark/laut/kaluza/679/sink.s3,1,0.067918
benchmark/laut/kaluza/651/sink.s3,0,0.066565
benchmark/laut/kaluza/1874/sink.s3,0,0.036328
benchmark/laut/kaluza/1134/sink.s3,1,0.067941
benchmark/laut/kaluza/1662/sink.s3,1,0.072834
benchmark/laut/kaluza/1903/sink.s3,0,0.036986
benchmark/laut/kaluza/809/sink.s3,1,0.070199
benchmark/laut/kaluza/290/sink.s3,0,0.018291
benchmark/laut/kaluza/563/sink.s3,0,0.066542
benchmark/laut/kaluza/872/sink.s3,0,0.035142
benchmark/laut/kaluza/1357/sink.s3,1,0.066443
benchmark/laut/kaluza/1225/sink.s3,0,0.038079
benchmark/laut/kaluza/1384/sink.s3,1,0.065874
benchmark/laut/kaluza/720/sink.s3,1,0.123625
benchmark/laut/kaluza/34/sink.s3,1,0.069568
benchmark/laut/kaluza/1904/sink.s3,0,0.034293
benchmark/laut/kaluza/212/sink.s3,0,0.035713
benchmark/laut/kaluza/899/sink.s3,1,0.066189
benchmark/laut/kaluza/1599/sink.s3,0,0.070121
benchmark/laut/kaluza/857/sink.s3,0,0.067814
benchmark/laut/kaluza/372/sink.s3,1,0.069102
benchmark/laut/kaluza/807/sink.s3,0,0.067489
benchmark/laut/kaluza/1796/sink.s3,1,0.068644
benchmark/laut/kaluza/1103/sink.s3,0,0.073437
benchmark/laut/kaluza/203/sink.s3,1,0.068755
benchmark/laut/kaluza/919/sink.s3,1,0.117615
benchmark/laut/kaluza/1416/sink.s3,1,0.066885
benchmark/laut/kaluza/1735/sink.s3,1,0.067761
benchmark/laut/kaluza/971/sink.s3,0,0.018716
benchmark/laut/kaluza/1806/sink.s3,0,0.034047
benchmark/laut/kaluza/195/sink.s3,1,0.070106
benchmark/laut/kaluza/226/sink.s3,0,0.037412
benchmark/laut/kaluza/638/sink.s3,0,0.066810
benchmark/laut/kaluza/1610/sink.s3,1,0.067562
benchmark/laut/kaluza/1424/sink.s3,1,0.064479
benchmark/laut/kaluza/988/sink.s3,0,0.018380
benchmark/laut/kaluza/1130/sink.s3,1,0.068130
benchmark/laut/kaluza/57/sink.s3,0,0.034055
benchmark/laut/kaluza/1006/sink.s3,0,0.017052
benchmark/laut/kaluza/293/sink.s3,0,0.035115
benchmark/laut/kaluza/1377/sink.s3,0,0.018204
benchmark/laut/kaluza/730/sink.s3,1,0.066556
benchmark/laut/kaluza/737/sink.s3,1,0.065743
benchmark/laut/kaluza/1787/sink.s3,1,0.065889
benchmark/laut/kaluza/1902/sink.s3,1,0.069738
benchmark/laut/kaluza/1258/sink.s3,0,0.036781
benchmark/laut/kaluza/1890/sink.s3,1,0.070513
benchmark/laut/kaluza/288/sink.s3,0,0.375993
benchmark/laut/kaluza/938/sink.s3,0,0.018272
benchmark/laut/kaluza/525/sink.s3,0,0.034873
benchmark/laut/kaluza/1621/sink.s3,0,0.040022
benchmark/laut/kaluza/1220/sink.s3,1,0.069321
benchmark/laut/kaluza/1139/sink.s3,0,0.067829
benchmark/laut/kaluza/1217/sink.s3,0,0.036916
benchmark/laut/kaluza/1607/sink.s3,0,0.035132
benchmark/laut/kaluza/350/sink.s3,1,0.069295
benchmark/laut/kaluza/1733/sink.s3,0,0.069943
benchmark/laut/kaluza/1754/sink.s3,0,0.069647
benchmark/laut/kaluza/650/sink.s3,0,0.036539
benchmark/laut/kaluza/1114/sink.s3,1,0.067464
benchmark/laut/kaluza/1946/sink.s3,0,0.035744
benchmark/laut/kaluza/906/sink.s3,0,0.017861
benchmark/laut/kaluza/219/sink.s3,1,0.066833
benchmark/laut/kaluza/1046/sink.s3,1,0.066406
benchmark/laut/kaluza/1383/sink.s3,1,0.118338
benchmark/laut/kaluza/618/sink.s3,1,0.071462
benchmark/laut/kaluza/552/sink.s3,0,0.035548
benchmark/laut/kaluza/868/sink.s3,0,0.019020
benchmark/laut/kaluza/1463/sink.s3,0,0.020978
benchmark/laut/kaluza/1582/sink.s3,0,0.032850
benchmark/laut/kaluza/1019/sink.s3,0,0.032734
benchmark/laut/kaluza/40/sink.s3,0,0.019701
benchmark/laut/kaluza/196/sink.s3,1,0.066976
benchmark/laut/kaluza/969/sink.s3,1,0.067022
benchmark/laut/kaluza/869/sink.s3,0,0.039423
benchmark/laut/kaluza/383/sink.s3,1,0.068274
benchmark/laut/kaluza/7/sink.s3,0,0.017812
benchmark/laut/kaluza/850/sink.s3,0,0.035058
benchmark/laut/kaluza/296/sink.s3,0,0.033072
benchmark/laut/kaluza/1622/sink.s3,1,0.070273
benchmark/laut/kaluza/1119/sink.s3,1,0.073014
benchmark/laut/kaluza/584/sink.s3,0,0.066069
benchmark/laut/kaluza/39/sink.s3,0,0.035024
benchmark/laut/kaluza/1468/sink.s3,1,0.067649
benchmark/laut/kaluza/1500/sink.s3,0,0.038514
benchmark/laut/kaluza/1753/sink.s3,0,0.036377
benchmark/laut/kaluza/1029/sink.s3,1,0.067762
benchmark/laut/kaluza/115/sink.s3,1,0.067551
benchmark/laut/kaluza/1900/sink.s3,0,0.034945
benchmark/laut/kaluza/951/sink.s3,0,0.027935
benchmark/laut/kaluza/1321/sink.s3,0,0.036909
benchmark/laut/kaluza/1273/sink.s3,0,0.018225
benchmark/laut/kaluza/817/sink.s3,0,0.034970
benchmark/laut/kaluza/518/sink.s3,1,0.118792
benchmark/laut/kaluza/497/sink.s3,1,0.117677
benchmark/laut/kaluza/56/sink.s3,1,0.671946
benchmark/laut/kaluza/163/sink.s3,1,0.067528
benchmark/laut/kaluza/712/sink.s3,0,0.017110
benchmark/laut/kaluza/841/sink.s3,0,0.034669
benchmark/laut/kaluza/986/sink.s3,0,0.017752
benchmark/laut/kaluza/259/sink.s3,1,0.116875
benchmark/laut/kaluza/239/sink.s3,1,0.067135
benchmark/laut/kaluza/1038/sink.s3,0,0.036683
benchmark/laut/kaluza/1418/sink.s3,1,0.066105
benchmark/laut/kaluza/392/sink.s3,0,0.038108
benchmark/laut/kaluza/783/sink.s3,0,0.018426
benchmark/laut/kaluza/665/sink.s3,1,0.067819
benchmark/laut/kaluza/1736/sink.s3,1,0.120354
benchmark/laut/kaluza/231/sink.s3,1,0.069472
benchmark/laut/kaluza/281/sink.s3,0,0.019756
benchmark/laut/kaluza/1757/sink.s3,0,0.040023
benchmark/laut/kaluza/545/sink.s3,0,0.035220
benchmark/laut/kaluza/1183/sink.s3,1,0.069878
benchmark/laut/kaluza/1350/sink.s3,1,0.120447
benchmark/laut/kaluza/1482/sink.s3,0,0.071995
benchmark/laut/kaluza/836/sink.s3,0,0.016917
benchmark/laut/kaluza/283/sink.s3,0,0.035535
benchmark/laut/kaluza/950/sink.s3,0,0.033513
benchmark/laut/kaluza/1451/sink.s3,1,0.036486
benchmark/laut/kaluza/1089/sink.s3,0,0.033874
benchmark/laut/kaluza/1815/sink.s3,0,0.018809
benchmark/laut/kaluza/1823/sink.s3,0,0.018423
benchmark/laut/kaluza/1358/sink.s3,0,0.018320
benchmark/laut/kaluza/1155/sink.s3,1,0.066142
benchmark/laut/kaluza/1738/sink.s3,0,0.039847
benchmark/laut/kaluza/835/sink.s3,1,0.076119
benchmark/laut/kaluza/117/sink.s3,0,0.038504
benchmark/laut/kaluza/1573/sink.s3,1,0.068284
benchmark/laut/kaluza/739/sink.s3,0,0.034529
benchmark/laut/kaluza/1352/sink.s3,0,0.035145
benchmark/laut/kaluza/766/sink.s3,1,0.067975
benchmark/laut/kaluza/862/sink.s3,1,0.122028
benchmark/laut/kaluza/1648/sink.s3,1,0.066803
benchmark/laut/kaluza/640/sink.s3,1,0.167438
benchmark/laut/kaluza/66/sink.s3,0,0.019475
benchmark/laut/kaluza/1374/sink.s3,1,0.035973
benchmark/laut/kaluza/434/sink.s3,0,0.019645
benchmark/laut/kaluza/1652/sink.s3,1,0.065473
benchmark/laut/kaluza/1755/sink.s3,0,0.038682
benchmark/laut/kaluza/1869/sink.s3,0,0.038587
benchmark/laut/kaluza/106/sink.s3,1,0.067735
benchmark/laut/kaluza/371/sink.s3,1,0.070181
benchmark/laut/kaluza/910/sink.s3,1,0.121399
benchmark/laut/kaluza/1639/sink.s3,1,0.075701
benchmark/laut/kaluza/180/sink.s3,1,0.069261
benchmark/laut/kaluza/680/sink.s3,0,0.069852
benchmark/laut/kaluza/882/sink.s3,0,0.033892
benchmark/laut/kaluza/256/sink.s3,1,0.069504
benchmark/laut/kaluza/1962/sink.s3,0,0.036414
benchmark/laut/kaluza/1907/sink.s3,0,0.066070
benchmark/laut/kaluza/1107/sink.s3,0,0.019734
benchmark/laut/kaluza/395/sink.s3,0,0.036537
benchmark/laut/kaluza/1898/sink.s3,0,0.034806
benchmark/laut/kaluza/1678/sink.s3,1,0.118857
benchmark/laut/kaluza/1274/sink.s3,0,0.037461
benchmark/laut/kaluza/162/sink.s3,1,0.066344
benchmark/laut/kaluza/27/sink.s3,0,0.068483
benchmark/laut/kaluza/891/sink.s3,0,0.017403
benchmark/laut/kaluza/378/sink.s3,0,0.018267
benchmark/laut/kaluza/1830/sink.s3,1,0.069816
benchmark/laut/kaluza/1178/sink.s3,1,0.069965
benchmark/laut/kaluza/1142/sink.s3,1,0.069430
benchmark/laut/kaluza/1932/sink.s3,1,0.073158
benchmark/laut/kaluza/1151/sink.s3,1,0.121512
benchmark/laut/kaluza/1813/sink.s3,1,0.068399
benchmark/laut/kaluza/591/sink.s3,1,0.124765
benchmark/laut/kaluza/1922/sink.s3,0,0.068149
benchmark/laut/kaluza/1588/sink.s3,0,0.037240
benchmark/laut/kaluza/1074/sink.s3,1,0.116321
benchmark/laut/kaluza/1862/sink.s3,0,0.069499
benchmark/laut/kaluza/274/sink.s3,1,0.065939
benchmark/laut/kaluza/1816/sink.s3,0,0.018353
benchmark/laut/kaluza/1931/sink.s3,1,0.071082
benchmark/laut/kaluza/1480/sink.s3,1,0.065144
benchmark/laut/kaluza/1909/sink.s3,0,0.034149
benchmark/laut/kaluza/1940/sink.s3,1,0.066356
benchmark/laut/kaluza/1841/sink.s3,0,0.032751
benchmark/laut/kaluza/649/sink.s3,0,0.033160
benchmark/laut/kaluza/1526/sink.s3,0,0.035845
benchmark/laut/kaluza/59/sink.s3,0,0.040151
benchmark/laut/kaluza/875/sink.s3,0,0.033860
benchmark/laut/kaluza/1855/sink.s3,0,0.034122
benchmark/laut/kaluza/1805/sink.s3,1,0.068432
benchmark/laut/kaluza/165/sink.s3,1,0.065971
benchmark/laut/kaluza/275/sink.s3,1,0.117531
benchmark/laut/kaluza/128/sink.s3,1,0.066818
benchmark/laut/kaluza/217/sink.s3,1,0.069057
benchmark/laut/kaluza/1301/sink.s3,0,0.037310
benchmark/laut/kaluza/830/sink.s3,0,0.035329
benchmark/laut/kaluza/157/sink.s3,1,0.066323
benchmark/laut/kaluza/1502/sink.s3,0,0.037215
benchmark/laut/kaluza/1233/sink.s3,1,0.069151
benchmark/laut/kaluza/1704/sink.s3,0,0.017741
benchmark/laut/kaluza/1328/sink.s3,0,0.034272
benchmark/laut/kaluza/1981/sink.s3,1,0.066132
benchmark/laut/kaluza/1104/sink.s3,1,0.067452
benchmark/laut/kaluza/1626/sink.s3,0,0.033289
benchmark/laut/kaluza/1614/sink.s3,1,0.066248
benchmark/laut/kaluza/1956/sink.s3,1,0.065965
benchmark/laut/kaluza/532/sink.s3,0,0.033132
benchmark/laut/kaluza/1093/sink.s3,1,0.065875
benchmark/laut/kaluza/1769/sink.s3,1,0.068259
benchmark/laut/kaluza/76/sink.s3,1,0.066006
benchmark/laut/kaluza/269/sink.s3,1,0.033889
benchmark/laut/kaluza/554/sink.s3,1,0.065786
benchmark/laut/kaluza/1344/sink.s3,0,0.036508
benchmark/laut/kaluza/447/sink.s3,0,0.066492
benchmark/laut/kaluza/573/sink.s3,1,0.066285
benchmark/laut/kaluza/398/sink.s3,0,0.068180
benchmark/laut/kaluza/329/sink.s3,1,0.067470
benchmark/laut/kaluza/1624/sink.s3,0,0.033130
benchmark/laut/kaluza/71/sink.s3,1,0.119117
benchmark/laut/kaluza/1627/sink.s3,0,0.068475
benchmark/laut/kaluza/1171/sink.s3,1,0.069579
benchmark/laut/kaluza/1278/sink.s3,0,0.034258
benchmark/laut/kaluza/993/sink.s3,1,0.067217
benchmark/laut/kaluza/668/sink.s3,1,0.066692
benchmark/laut/kaluza/827/sink.s3,1,0.068276
benchmark/laut/kaluza/787/sink.s3,0,0.018073
benchmark/laut/kaluza/1267/sink.s3,1,0.070106
benchmark/laut/kaluza/1386/sink.s3,0,0.034171
benchmark/laut/kaluza/1511/sink.s3,1,0.067341
benchmark/laut/kaluza/608/sink.s3,1,0.066537
benchmark/laut/kaluza/69/sink.s3,1,0.068835
benchmark/laut/kaluza/21/sink.s3,1,0.035912
benchmark/laut/kaluza/1721/sink.s3,1,0.077074
benchmark/laut/kaluza/1240/sink.s3,0,0.017604
benchmark/laut/kaluza/837/sink.s3,0,0.034559
benchmark/laut/kaluza/366/sink.s3,0,0.069425
benchmark/laut/kaluza/1268/sink.s3,1,0.067234
benchmark/laut/kaluza/1510/sink.s3,1,0.116694
benchmark/laut/kaluza/1036/sink.s3,1,0.067133
benchmark/laut/kaluza/313/sink.s3,1,0.065392
benchmark/laut/kaluza/978/sink.s3,0,0.017325
benchmark/laut/kaluza/1625/sink.s3,0,0.018301
benchmark/laut/kaluza/1945/sink.s3,0,0.019347
benchmark/laut/kaluza/661/sink.s3,0,0.033974
benchmark/laut/kaluza/577/sink.s3,1,0.068463
benchmark/laut/kaluza/364/sink.s3,1,0.069412
benchmark/laut/kaluza/599/sink.s3,0,0.069869
benchmark/laut/kaluza/1425/sink.s3,0,0.068013
benchmark/laut/kaluza/1138/sink.s3,1,0.067455
benchmark/laut/kaluza/1543/sink.s3,1,0.073740
benchmark/laut/kaluza/232/sink.s3,1,0.068229
benchmark/laut/kaluza/1112/sink.s3,1,0.067830
benchmark/laut/kaluza/1363/sink.s3,1,0.118929
benchmark/laut/kaluza/201/sink.s3,1,0.118266
benchmark/laut/kaluza/36/sink.s3,1,0.066007
benchmark/laut/kaluza/1750/sink.s3,1,0.069168
benchmark/laut/kaluza/1293/sink.s3,1,0.072514
benchmark/laut/kaluza/855/sink.s3,1,0.068773
benchmark/laut/kaluza/1330/sink.s3,0,0.038695
benchmark/laut/kaluza/816/sink.s3,1,0.066600
benchmark/laut/kaluza/588/sink.s3,0,0.033463
benchmark/laut/kaluza/20/sink.s3,0,0.035911
benchmark/laut/kaluza/413/sink.s3,1,0.068190
benchmark/laut/kaluza/15/sink.s3,1,0.069632
benchmark/laut/kaluza/1791/sink.s3,1,0.067591
benchmark/laut/kaluza/120/sink.s3,1,0.721762
benchmark/laut/kaluza/1390/sink.s3,0,0.069999
benchmark/laut/kaluza/1495/sink.s3,0,0.032797
benchmark/laut/kaluza/1871/sink.s3,0,0.038300
benchmark/laut/kaluza/116/sink.s3,1,0.521233
benchmark/laut/kaluza/240/sink.s3,0,0.016843
benchmark/laut/kaluza/261/sink.s3,0,0.318097
benchmark/laut/kaluza/613/sink.s3,0,0.034273
benchmark/laut/kaluza/77/sink.s3,1,0.066247
benchmark/laut/kaluza/1135/sink.s3,0,0.038673
benchmark/laut/kaluza/1593/sink.s3,0,0.034910
benchmark/laut/kaluza/403/sink.s3,0,0.035051
benchmark/laut/kaluza/1335/sink.s3,0,0.039973
benchmark/laut/kaluza/456/sink.s3,0,0.033014
benchmark/laut/kaluza/361/sink.s3,1,0.066877
benchmark/laut/kaluza/148/sink.s3,1,0.121293
benchmark/laut/kaluza/1867/sink.s3,0,0.018338
benchmark/laut/kaluza/347/sink.s3,1,0.067870
benchmark/laut/kaluza/546/sink.s3,1,0.070290
benchmark/laut/kaluza/374/sink.s3,1,0.036120
benchmark/laut/kaluza/1231/sink.s3,0,0.020670
benchmark/laut/kaluza/1203/sink.s3,0,0.035874
benchmark/laut/kaluza/594/sink.s3,1,0.065462
benchmark/laut/kaluza/865/sink.s3,0,0.034057
benchmark/laut/kaluza/1849/sink.s3,1,0.067041
benchmark/laut/kaluza/921/sink.s3,0,0.033328
benchmark/laut/kaluza/1021/sink.s3,0,0.033206
benchmark/laut/kaluza/1005/sink.s3,0,0.034643
benchmark/laut/kaluza/1361/sink.s3,1,0.066200
benchmark/laut/kaluza/861/sink.s3,1,0.065199
benchmark/laut/kaluza/300/sink.s3,1,0.072872
benchmark/laut/kaluza/1843/sink.s3,1,0.070253
benchmark/laut/kaluza/192/sink.s3,0,0.069892
benchmark/laut/kaluza/1893/sink.s3,1,0.065816
benchmark/laut/kaluza/627/sink.s3,1,0.118348
benchmark/laut/kaluza/516/sink.s3,1,0.119910
benchmark/laut/kaluza/33/sink.s3,1,0.124566
benchmark/laut/kaluza/1685/sink.s3,0,0.036623
benchmark/laut/kaluza/377/sink.s3,1,0.067268
benchmark/laut/kaluza/535/sink.s3,0,0.018660
benchmark/laut/kaluza/1436/sink.s3,0,0.034005
benchmark/laut/kaluza/1327/sink.s3,0,0.036047
benchmark/laut/kaluza/166/sink.s3,1,0.070671
benchmark/laut/kaluza/1992/sink.s3,0,0.066929
benchmark/laut/kaluza/11/sink.s3,0,0.036829
benchmark/laut/kaluza/1960/sink.s3,0,0.038224
benchmark/laut/kaluza/1032/sink.s3,0,0.034788
benchmark/laut/kaluza/626/sink.s3,1,0.083746
benchmark/laut/kaluza/1111/sink.s3,1,0.068635
benchmark/laut/kaluza/438/sink.s3,0,0.068466
benchmark/laut/kaluza/391/sink.s3,0,0.041393
benchmark/laut/kaluza/1161/sink.s3,0,0.036016
benchmark/laut/kaluza/1387/sink.s3,1,0.069472
benchmark/laut/kaluza/1378/sink.s3,1,0.217481
benchmark/laut/kaluza/1311/sink.s3,1,0.067151
benchmark/laut/kaluza/52/sink.s3,1,0.116986
benchmark/laut/kaluza/481/sink.s3,0,0.037824
benchmark/laut/kaluza/1275/sink.s3,0,0.121418
benchmark/laut/kaluza/1854/sink.s3,0,0.068306
benchmark/laut/kaluza/1068/sink.s3,1,0.066245
benchmark/laut/kaluza/46/sink.s3,0,0.018512
benchmark/laut/kaluza/538/sink.s3,1,0.067179
benchmark/laut/kaluza/83/sink.s3,1,0.067578
benchmark/laut/kaluza/431/sink.s3,1,0.071550
benchmark/laut/kaluza/1669/sink.s3,1,0.069037
benchmark/laut/kaluza/664/sink.s3,0,0.034394
benchmark/laut/kaluza/221/sink.s3,0,0.034755
benchmark/laut/kaluza/10/sink.s3,1,0.066307
benchmark/laut/kaluza/732/sink.s3,0,0.017556
benchmark/laut/kaluza/1280/sink.s3,0,0.033832
benchmark/laut/kaluza/389/sink.s3,0,0.033872
benchmark/laut/kaluza/999/sink.s3,0,0.018093
benchmark/laut/kaluza/936/sink.s3,0,0.035455
benchmark/laut/kaluza/1575/sink.s3,0,0.035049
benchmark/laut/kaluza/1201/sink.s3,1,0.069522
benchmark/laut/kaluza/145/sink.s3,1,0.035876
benchmark/laut/kaluza/1191/sink.s3,0,0.034594
benchmark/laut/kaluza/1175/sink.s3,1,0.069175
benchmark/laut/kaluza/1152/sink.s3,0,0.036519
benchmark/laut/kaluza/1348/sink.s3,0,0.036682
benchmark/laut/kaluza/802/sink.s3,1,0.066633
benchmark/laut/kaluza/1638/sink.s3,0,0.019843
benchmark/laut/kaluza/654/sink.s3,1,0.066720
benchmark/laut/kaluza/1052/sink.s3,1,0.068979
benchmark/laut/kaluza/1720/sink.s3,1,0.068603
benchmark/laut/kaluza/142/sink.s3,0,0.019420
benchmark/laut/kaluza/601/sink.s3,0,0.033826
benchmark/laut/kaluza/336/sink.s3,1,0.034683
benchmark/laut/kaluza/1512/sink.s3,0,0.033198
benchmark/laut/kaluza/550/sink.s3,0,0.036154
benchmark/laut/kaluza/894/sink.s3,0,0.046969
benchmark/laut/kaluza/1432/sink.s3,1,0.066159
benchmark/laut/kaluza/302/sink.s3,1,0.066434
benchmark/laut/kaluza/1282/sink.s3,0,0.018317
benchmark/laut/kaluza/1710/sink.s3,0,0.034124
benchmark/laut/kaluza/1086/sink.s3,0,0.035097
benchmark/laut/kaluza/65/sink.s3,1,0.671825
benchmark/laut/kaluza/1887/sink.s3,0,0.018782
benchmark/laut/kaluza/813/sink.s3,1,0.116430
benchmark/laut/kaluza/1649/sink.s3,0,0.036530
benchmark/laut/kaluza/1024/sink.s3,0,0.032512
benchmark/laut/kaluza/1870/sink.s3,1,0.068963
benchmark/laut/kaluza/134/sink.s3,0,0.319535
benchmark/laut/kaluza/805/sink.s3,1,0.071157
benchmark/laut/kaluza/1329/sink.s3,0,0.032665
benchmark/laut/kaluza/1963/sink.s3,0,0.041314
benchmark/laut/kaluza/1542/sink.s3,0,0.038386
benchmark/laut/kaluza/846/sink.s3,0,0.068722
benchmark/laut/kaluza/1567/sink.s3,0,0.036634
benchmark/laut/kaluza/1709/sink.s3,0,0.034765
benchmark/laut/kaluza/533/sink.s3,0,0.016810
benchmark/laut/kaluza/1069/sink.s3,1,0.066455
benchmark/laut/kaluza/1751/sink.s3,1,0.067063
benchmark/laut/kaluza/311/sink.s3,1,0.069330
benchmark/laut/kaluza/979/sink.s3,0,0.069181
benchmark/laut/kaluza/466/sink.s3,0,0.069102
benchmark/laut/kaluza/1262/sink.s3,0,0.068680
benchmark/laut/kaluza/714/sink.s3,0,0.041405
benchmark/laut/kaluza/1256/sink.s3,1,0.119450
benchmark/laut/kaluza/168/sink.s3,0,0.033674
benchmark/laut/kaluza/913/sink.s3,1,0.066517
benchmark/laut/kaluza/1058/sink.s3,1,0.068317
benchmark/laut/kaluza/820/sink.s3,1,0.070614
benchmark/laut/kaluza/1062/sink.s3,1,0.068225
benchmark/laut/kaluza/1819/sink.s3,1,0.068147
benchmark/laut/kaluza/1117/sink.s3,0,0.070793
benchmark/laut/kaluza/1244/sink.s3,0,0.034241
benchmark/laut/kaluza/1109/sink.s3,1,0.069334
benchmark/laut/kaluza/1853/sink.s3,1,0.068698
benchmark/laut/kaluza/672/sink.s3,0,0.017726
benchmark/laut/kaluza/522/sink.s3,1,0.067654
benchmark/laut/kaluza/1030/sink.s3,1,0.072233
benchmark/laut/kaluza/924/sink.s3,0,0.035879
benchmark/laut/kaluza/1137/sink.s3,0,0.035765
benchmark/laut/kaluza/1641/sink.s3,0,0.019916
benchmark/laut/kaluza/1568/sink.s3,0,0.033329
benchmark/laut/kaluza/153/sink.s3,1,0.066421
benchmark/laut/kaluza/285/sink.s3,0,0.018319
benchmark/laut/kaluza/631/sink.s3,1,0.069988
benchmark/laut/kaluza/62/sink.s3,0,0.037166
benchmark/laut/kaluza/1079/sink.s3,0,0.034521
benchmark/laut/kaluza/1185/sink.s3,0,0.035131
benchmark/laut/kaluza/689/sink.s3,1,0.067090
benchmark/laut/kaluza/1228/sink.s3,1,0.069661
benchmark/laut/kaluza/1199/sink.s3,1,0.066710
benchmark/laut/kaluza/1847/sink.s3,1,0.067109
benchmark/laut/kaluza/1895/sink.s3,0,0.065391
benchmark/laut/kaluza/1237/sink.s3,0,0.068356
benchmark/laut/kaluza/461/sink.s3,0,0.033271
benchmark/laut/kaluza/1829/sink.s3,1,0.066700
benchmark/laut/kaluza/1147/sink.s3,0,0.035848
benchmark/laut/kaluza/1438/sink.s3,0,0.034863
benchmark/laut/kaluza/1651/sink.s3,0,0.067270
benchmark/laut/kaluza/717/sink.s3,0,0.018093
benchmark/laut/kaluza/109/sink.s3,1,0.067299
benchmark/laut/kaluza/1304/sink.s3,0,0.033470
benchmark/laut/kaluza/646/sink.s3,0,0.037428
benchmark/laut/kaluza/176/sink.s3,1,0.268226
benchmark/laut/kaluza/1398/sink.s3,0,0.018695
benchmark/laut/kaluza/126/sink.s3,1,0.368602
benchmark/laut/kaluza/379/sink.s3,1,0.066055
benchmark/laut/kaluza/1674/sink.s3,1,0.067080
benchmark/laut/kaluza/1004/sink.s3,1,0.066324
benchmark/laut/kaluza/505/sink.s3,1,0.065908
benchmark/laut/kaluza/1959/sink.s3,0,0.035896
benchmark/laut/kaluza/452/sink.s3,1,0.065559
benchmark/laut/kaluza/949/sink.s3,0,0.018332
benchmark/laut/kaluza/1105/sink.s3,1,0.069254
benchmark/laut/kaluza/498/sink.s3,1,0.067203
benchmark/laut/kaluza/734/sink.s3,1,0.065980
benchmark/laut/kaluza/1281/sink.s3,1,0.071163
benchmark/laut/kaluza/1477/sink.s3,0,0.020478
benchmark/laut/kaluza/1549/sink.s3,0,0.035493
benchmark/laut/kaluza/1031/sink.s3,0,0.035268
benchmark/laut/kaluza/1310/sink.s3,1,0.067977
benchmark/laut/kaluza/1166/sink.s3,0,0.070503
benchmark/laut/kaluza/1781/sink.s3,1,0.066482
benchmark/laut/kaluza/1372/sink.s3,0,0.034713
benchmark/laut/kaluza/1603/sink.s3,0,0.034790
benchmark/laut/kaluza/1572/sink.s3,1,0.065447
benchmark/laut/kaluza/98/sink.s3,1,0.118245
benchmark/laut/kaluza/197/sink.s3,1,0.069739
benchmark/laut/kaluza/517/sink.s3,0,0.018319
benchmark/laut/kaluza/1226/sink.s3,0,0.034790
benchmark/laut/kaluza/1230/sink.s3,0,0.048068
benchmark/laut/kaluza/1435/sink.s3,1,0.038938
benchmark/laut/kaluza/328/sink.s3,1,0.033797
benchmark/laut/kaluza/1713/sink.s3,1,0.067856
benchmark/laut/kaluza/1634/sink.s3,0,0.069505
benchmark/laut/kaluza/299/sink.s3,1,0.074318
benchmark/laut/kaluza/559/sink.s3,0,0.019762
benchmark/laut/kaluza/322/sink.s3,0,0.019118
benchmark/laut/kaluza/478/sink.s3,1,0.066632
benchmark/laut/kaluza/1444/sink.s3,1,0.068318
benchmark/laut/kaluza/107/sink.s3,1,0.036720
benchmark/laut/kaluza/1474/sink.s3,0,0.070017
benchmark/laut/kaluza/1722/sink.s3,0,0.035164
benchmark/laut/kaluza/896/sink.s3,1,0.068424
benchmark/laut/kaluza/1632/sink.s3,0,0.033972
benchmark/laut/kaluza/1507/sink.s3,1,0.068898
benchmark/laut/kaluza/1838/sink.s3,0,0.035008
benchmark/laut/kaluza/1619/sink.s3,1,0.069530
benchmark/laut/kaluza/1629/sink.s3,0,0.034379
benchmark/laut/kaluza/1761/sink.s3,1,0.068184
benchmark/laut/kaluza/1442/sink.s3,0,0.034331
benchmark/laut/kaluza/1820/sink.s3,0,0.036064
benchmark/laut/kaluza/207/sink.s3,1,0.036076
benchmark/laut/kaluza/958/sink.s3,1,0.067371
benchmark/laut/kaluza/1373/sink.s3,1,0.064257
benchmark/laut/kaluza/457/sink.s3,1,0.066516
benchmark/laut/kaluza/227/sink.s3,1,0.068413
benchmark/laut/kaluza/1053/sink.s3,0,0.019296
benchmark/laut/kaluza/1581/sink.s3,0,0.018042
benchmark/laut/kaluza/1467/sink.s3,0,0.034769
benchmark/laut/kaluza/1169/sink.s3,1,0.068574
benchmark/laut/kaluza/701/sink.s3,1,0.068795
benchmark/laut/kaluza/998/sink.s3,1,0.066342
benchmark/laut/kaluza/394/sink.s3,0,0.034939
benchmark/laut/kaluza/973/sink.s3,0,0.018220
benchmark/laut/kaluza/898/sink.s3,1,0.066442
benchmark/laut/kaluza/659/sink.s3,0,0.033958
benchmark/laut/kaluza/1283/sink.s3,1,0.067870
benchmark/laut/kaluza/422/sink.s3,1,0.120575
benchmark/laut/kaluza/1094/sink.s3,1,0.066273
benchmark/laut/kaluza/445/sink.s3,1,0.117271
benchmark/laut/kaluza/1431/sink.s3,0,0.069448
benchmark/laut/kaluza/1343/sink.s3,0,0.037058
benchmark/laut/kaluza/430/sink.s3,0,0.035306
benchmark/laut/kaluza/693/sink.s3,0,0.069778
benchmark/laut/kaluza/333/sink.s3,1,0.069050
benchmark/laut/kaluza/1414/sink.s3,0,0.036068
benchmark/laut/kaluza/1285/sink.s3,1,0.067413
benchmark/laut/kaluza/888/sink.s3,1,0.066818
benchmark/laut/kaluza/688/sink.s3,1,0.066837
benchmark/laut/kaluza/879/sink.s3,1,0.068107
benchmark/laut/kaluza/486/sink.s3,1,0.066898
benchmark/laut/kaluza/710/sink.s3,0,0.017545
benchmark/laut/kaluza/1530/sink.s3,1,0.067402
benchmark/laut/kaluza/1148/sink.s3,0,0.037066
benchmark/laut/kaluza/1711/sink.s3,0,0.036693
benchmark/laut/kaluza/954/sink.s3,0,0.035211
benchmark/laut/kaluza/892/sink.s3,0,0.036152
benchmark/laut/kaluza/901/sink.s3,0,0.019091
benchmark/laut/kaluza/1133/sink.s3,1,0.066098
benchmark/laut/kaluza/754/sink.s3,0,0.067992
benchmark/laut/kaluza/1212/sink.s3,1,0.068017
benchmark/laut/kaluza/224/sink.s3,1,0.067874
benchmark/laut/kaluza/1901/sink.s3,1,0.068141
benchmark/laut/kaluza/1207/sink.s3,1,0.066755
benchmark/laut/kaluza/1952/sink.s3,0,0.034254
benchmark/laut/kaluza/905/sink.s3,0,0.067792
benchmark/laut/kaluza/1523/sink.s3,1,0.067411
benchmark/laut/kaluza/337/sink.s3,0,0.033582
benchmark/laut/kaluza/860/sink.s3,1,0.065745
benchmark/laut/kaluza/539/sink.s3,1,0.117314
benchmark/laut/kaluza/1218/sink.s3,1,0.066204
benchmark/laut/kaluza/1392/sink.s3,1,0.066835
benchmark/laut/kaluza/417/sink.s3,1,0.116647
benchmark/laut/kaluza/424/sink.s3,0,0.034270
benchmark/laut/kaluza/915/sink.s3,0,0.034417
benchmark/laut/kaluza/1324/sink.s3,1,0.070358
benchmark/laut/kaluza/286/sink.s3,0,0.018585
benchmark/laut/kaluza/635/sink.s3,0,0.032770
benchmark/laut/kaluza/268/sink.s3,1,0.131365
benchmark/laut/kaluza/1254/sink.s3,1,0.065558
benchmark/laut/kaluza/1585/sink.s3,1,0.068918
benchmark/laut/kaluza/662/sink.s3,1,0.066467
benchmark/laut/kaluza/1025/sink.s3,1,0.069401
benchmark/laut/kaluza/983/sink.s3,0,0.067542
benchmark/laut/kaluza/175/sink.s3,0,0.033081
benchmark/laut/kaluza/353/sink.s3,1,0.070339
benchmark/laut/kaluza/1509/sink.s3,0,0.034355
benchmark/laut/kaluza/1550/sink.s3,1,0.068383
benchmark/laut/kaluza/1740/sink.s3,1,0.070120
benchmark/laut/kaluza/1574/sink.s3,1,0.069254
benchmark/laut/kaluza/1182/sink.s3,0,0.036992
benchmark/laut/kaluza/1407/sink.s3,1,0.066819
benchmark/laut/kaluza/1983/sink.s3,0,0.038519
benchmark/laut/kaluza/1498/sink.s3,0,0.035696
benchmark/laut/kaluza/352/sink.s3,0,0.034324
benchmark/laut/kaluza/1644/sink.s3,0,0.019470
benchmark/laut/kaluza/17/sink.s3,1,0.066630
benchmark/laut/kaluza/22/sink.s3,1,0.034388
benchmark/laut/kaluza/1597/sink.s3,0,0.034592
benchmark/laut/kaluza/1727/sink.s3,1,0.118038
benchmark/laut/kaluza/775/sink.s3,1,0.071769
benchmark/laut/kaluza/99/sink.s3,1,0.070110
benchmark/laut/kaluza/1991/sink.s3,0,0.037321
benchmark/laut/kaluza/1878/sink.s3,0,0.034442
benchmark/laut/kaluza/726/sink.s3,1,0.066436
benchmark/laut/kaluza/1106/sink.s3,1,0.118481
benchmark/laut/kaluza/1951/sink.s3,1,0.070189
benchmark/laut/kaluza/25/sink.s3,1,0.066637
benchmark/laut/kaluza/1434/sink.s3,1,0.068110
benchmark/laut/kaluza/75/sink.s3,1,0.067828
benchmark/laut/kaluza/1252/sink.s3,0,0.018335
benchmark/laut/kaluza/1332/sink.s3,1,0.069808
benchmark/laut/kaluza/1219/sink.s3,1,0.123994
benchmark/laut/kaluza/1822/sink.s3,1,0.068103
benchmark/laut/kaluza/1654/sink.s3,1,0.066451
benchmark/laut/kaluza/1466/sink.s3,1,0.066282
benchmark/laut/kaluza/639/sink.s3,1,0.072357
benchmark/laut/kaluza/1172/sink.s3,0,0.034730
benchmark/laut/kaluza/1788/sink.s3,0,0.069731
benchmark/laut/kaluza/1916/sink.s3,1,0.068813
benchmark/laut/kaluza/41/sink.s3,0,0.036623
benchmark/laut/kaluza/243/sink.s3,1,0.066290
benchmark/laut/kaluza/604/sink.s3,0,0.033269
benchmark/laut/kaluza/1081/sink.s3,0,0.037604
benchmark/laut/kaluza/715/sink.s3,0,0.033273
benchmark/laut/kaluza/784/sink.s3,0,0.034683
benchmark/laut/kaluza/1719/sink.s3,0,0.033097
benchmark/laut/kaluza/1666/sink.s3,1,0.071468
benchmark/laut/kaluza/1047/sink.s3,0,0.017409
benchmark/laut/kaluza/1415/sink.s3,0,0.035077
benchmark/laut/kaluza/1780/sink.s3,1,0.066783
benchmark/laut/kaluza/428/sink.s3,0,0.032808
benchmark/laut/kaluza/1066/sink.s3,0,0.018573
benchmark/laut/kaluza/1768/sink.s3,0,0.018653
benchmark/laut/kaluza/736/sink.s3,1,0.067696
benchmark/laut/kaluza/1269/sink.s3,0,0.039477
benchmark/laut/kaluza/421/sink.s3,0,0.033199
benchmark/laut/kaluza/1555/sink.s3,1,0.066367
benchmark/laut/kaluza/1433/sink.s3,0,0.036597
benchmark/laut/kaluza/1877/sink.s3,1,0.065918
benchmark/laut/kaluza/397/sink.s3,0,0.033808
benchmark/laut/kaluza/725/sink.s3,1,0.066800
benchmark/laut/kaluza/524/sink.s3,0,0.068289
benchmark/laut/kaluza/73/sink.s3,1,0.071816
benchmark/laut/kaluza/1092/sink.s3,0,0.069038
benchmark/laut/kaluza/100/sink.s3,1,0.069104
benchmark/laut/kaluza/96/sink.s3,0,0.018321
benchmark/laut/kaluza/141/sink.s3,1,0.068079
benchmark/laut/kaluza/890/sink.s3,0,0.018202
benchmark/laut/kaluza/1881/sink.s3,0,0.034813
benchmark/laut/kaluza/324/sink.s3,1,0.054003
benchmark/laut/kaluza/834/sink.s3,0,0.033761
benchmark/laut/kaluza/595/sink.s3,0,0.035592
benchmark/laut/kaluza/317/sink.s3,1,0.070002
benchmark/laut/kaluza/1529/sink.s3,0,0.074066
benchmark/laut/kaluza/1944/sink.s3,1,0.068894
benchmark/laut/kaluza/652/sink.s3,0,0.033836
benchmark/laut/kaluza/1292/sink.s3,1,0.069614
benchmark/laut/kaluza/1501/sink.s3,0,0.068512
benchmark/laut/kaluza/557/sink.s3,0,0.033857
benchmark/laut/kaluza/893/sink.s3,0,0.035818
benchmark/laut/kaluza/570/sink.s3,0,0.017028
benchmark/laut/kaluza/1206/sink.s3,0,0.018313
benchmark/laut/kaluza/1290/sink.s3,0,0.036190
benchmark/laut/kaluza/130/sink.s3,1,0.068748
benchmark/laut/kaluza/1659/sink.s3,1,0.068531
benchmark/laut/kaluza/210/sink.s3,1,0.074851
benchmark/laut/kaluza/1706/sink.s3,1,0.068863
benchmark/laut/kaluza/1379/sink.s3,1,0.066387
benchmark/laut/kaluza/1009/sink.s3,1,0.064853
benchmark/laut/kaluza/1235/sink.s3,1,0.067345
benchmark/laut/kaluza/1317/sink.s3,1,0.065430
benchmark/laut/kaluza/443/sink.s3,1,0.066374
benchmark/laut/kaluza/1949/sink.s3,0,0.066920
benchmark/laut/kaluza/1656/sink.s3,0,0.032958
benchmark/laut/kaluza/992/sink.s3,1,0.066802
benchmark/laut/kaluza/932/sink.s3,0,0.035275
benchmark/laut/kaluza/1246/sink.s3,1,0.119634
benchmark/laut/kaluza/1615/sink.s3,0,0.036564
benchmark/laut/kaluza/385/sink.s3,0,0.019708
benchmark/laut/kaluza/1440/sink.s3,0,0.034625
benchmark/laut/kaluza/1812/sink.s3,1,0.069819
benchmark/laut/kaluza/1730/sink.s3,1,0.117928
benchmark/laut/kaluza/840/sink.s3,1,0.070888
benchmark/laut/kaluza/367/sink.s3,0,0.039419
benchmark/laut/kaluza/35/sink.s3,1,0.058807
benchmark/laut/kaluza/1635/sink.s3,1,0.066561
benchmark/laut/kaluza/1257/sink.s3,1,0.066999
benchmark/laut/kaluza/31/sink.s3,1,0.070063
benchmark/laut/kaluza/437/sink.s3,1,0.065786
benchmark/laut/kaluza/48/sink.s3,1,0.068537
benchmark/laut/kaluza/1385/sink.s3,0,0.036984
benchmark/laut/kaluza/1826/sink.s3,1,0.068327
benchmark/laut/kaluza/991/sink.s3,1,0.066821
benchmark/laut/kaluza/1337/sink.s3,0,0.034858
benchmark/laut/kaluza/1954/sink.s3,1,0.066726
benchmark/laut/kaluza/1697/sink.s3,0,0.070006
benchmark/laut/kaluza/229/sink.s3,0,0.078021
benchmark/laut/kaluza/1515/sink.s3,0,0.034923
benchmark/laut/kaluza/272/sink.s3,1,0.067169
benchmark/laut/kaluza/704/sink.s3,0,0.034969
benchmark/laut/kaluza/241/sink.s3,1,0.070800
benchmark/laut/kaluza/1336/sink.s3,0,0.066137
benchmark/laut/kaluza/1525/sink.s3,0,0.034194
benchmark/laut/kaluza/423/sink.s3,0,0.066307
benchmark/laut/kaluza/1994/sink.s3,1,0.077251
benchmark/laut/kaluza/819/sink.s3,1,0.115839
benchmark/laut/kaluza/346/sink.s3,0,0.037226
benchmark/laut/kaluza/789/sink.s3,0,0.034362
benchmark/laut/kaluza/1459/sink.s3,0,0.016687
benchmark/laut/kaluza/801/sink.s3,1,0.117344
benchmark/laut/kaluza/1532/sink.s3,1,0.074525
benchmark/laut/kaluza/895/sink.s3,1,0.067383
benchmark/laut/kaluza/111/sink.s3,1,0.072549
benchmark/laut/kaluza/997/sink.s3,1,0.118008
benchmark/laut/kaluza/1717/sink.s3,1,0.069389
benchmark/laut/kaluza/731/sink.s3,1,0.320886
benchmark/laut/kaluza/1783/sink.s3,1,0.066397
benchmark/laut/kaluza/74/sink.s3,1,0.621343
benchmark/laut/kaluza/1873/sink.s3,0,0.068360
benchmark/laut/kaluza/234/sink.s3,1,0.421323
benchmark/laut/kaluza/1197/sink.s3,1,0.066081
benchmark/laut/kaluza/161/sink.s3,1,0.068335
benchmark/laut/kaluza/1561/sink.s3,1,0.069753
benchmark/laut/kaluza/1087/sink.s3,1,0.070752
benchmark/laut/kaluza/799/sink.s3,1,0.120153
benchmark/laut/kaluza/279/sink.s3,1,0.120672
benchmark/laut/kaluza/990/sink.s3,0,0.037666
benchmark/laut/kaluza/249/sink.s3,0,0.042029
benchmark/laut/kaluza/215/sink.s3,1,0.071854
benchmark/laut/kaluza/743/sink.s3,0,0.069622
benchmark/laut/kaluza/677/sink.s3,1,0.066896
benchmark/laut/kaluza/469/sink.s3,1,0.068454
benchmark/laut/kaluza/459/sink.s3,0,0.037022
benchmark/laut/kaluza/225/sink.s3,0,0.369376
benchmark/laut/kaluza/686/sink.s3,1,0.116845
benchmark/laut/kaluza/597/sink.s3,0,0.033982
benchmark/laut/kaluza/1265/sink.s3,0,0.019001
benchmark/laut/kaluza/97/sink.s3,0,0.371885
benchmark/laut/kaluza/23/sink.s3,1,0.069199
benchmark/laut/kaluza/1891/sink.s3,0,0.018493
benchmark/laut/kaluza/696/sink.s3,1,0.068048
benchmark/laut/kaluza/384/sink.s3,0,0.040909
benchmark/laut/kaluza/292/sink.s3,0,0.022452
benchmark/laut/kaluza/355/sink.s3,1,0.066984
benchmark/laut/kaluza/1852/sink.s3,0,0.019048
benchmark/laut/kaluza/1150/sink.s3,1,0.070398
benchmark/laut/kaluza/1288/sink.s3,1,0.066582
benchmark/laut/kaluza/1294/sink.s3,1,0.067124
benchmark/laut/kaluza/617/sink.s3,0,0.035920
benchmark/laut/kaluza/357/sink.s3,0,0.035082
benchmark/laut/kaluza/190/sink.s3,0,0.033697
benchmark/laut/kaluza/47/sink.s3,0,0.018487
benchmark/laut/kaluza/387/sink.s3,0,0.032809
benchmark/laut/kaluza/1043/sink.s3,1,0.071439
benchmark/laut/kaluza/842/sink.s3,1,0.069244
benchmark/laut/kaluza/502/sink.s3,0,0.035370
benchmark/laut/kaluza/1388/sink.s3,0,0.034838
benchmark/laut/kaluza/258/sink.s3,1,0.119540
benchmark/laut/kaluza/1253/sink.s3,0,0.069905
benchmark/laut/kaluza/656/sink.s3,0,0.074546
benchmark/laut/kaluza/1831/sink.s3,1,0.065372
benchmark/laut/kaluza/937/sink.s3,0,0.074030
benchmark/laut/kaluza/289/sink.s3,1,0.070943
benchmark/laut/kaluza/1671/sink.s3,0,0.017985
benchmark/laut/kaluza/1016/sink.s3,0,0.034373
benchmark/laut/kaluza/1885/sink.s3,1,0.067508
benchmark/laut/kaluza/1506/sink.s3,1,0.067513
benchmark/laut/kaluza/1250/sink.s3,1,0.066466
benchmark/laut/kaluza/844/sink.s3,0,0.036310
benchmark/laut/kaluza/1503/sink.s3,1,0.067175
benchmark/laut/kaluza/1213/sink.s3,1,0.068465
benchmark/laut/kaluza/1102/sink.s3,1,0.073749
benchmark/laut/kaluza/509/sink.s3,1,0.066775
benchmark/laut/kaluza/1368/sink.s3,0,0.034209
benchmark/laut/kaluza/441/sink.s3,0,0.034320
benchmark/laut/kaluza/877/sink.s3,1,0.069233
benchmark/laut/kaluza/977/sink.s3,0,0.037023
benchmark/laut/kaluza/695/sink.s3,1,0.070641
benchmark/laut/kaluza/699/sink.s3,0,0.040141
benchmark/laut/kaluza/1776/sink.s3,0,0.035989
benchmark/laut/kaluza/666/sink.s3,1,0.066886
benchmark/laut/kaluza/648/sink.s3,1,0.071226
benchmark/laut/kaluza/1775/sink.s3,0,0.032725
benchmark/laut/kaluza/1541/sink.s3,1,0.072196
benchmark/laut/kaluza/566/sink.s3,0,0.020091
benchmark/laut/kaluza/1470/sink.s3,1,0.069836
benchmark/laut/kaluza/943/sink.s3,0,0.034402
benchmark/laut/kaluza/1866/sink.s3,0,0.034951
benchmark/laut/kaluza/1393/sink.s3,0,0.036214
benchmark/laut/kaluza/769/sink.s3,1,0.067359
benchmark/laut/kaluza/1865/sink.s3,0,0.034513
benchmark/laut/kaluza/1964/sink.s3,1,0.066383
benchmark/laut/kaluza/310/sink.s3,1,0.066804
benchmark/laut/kaluza/1493/sink.s3,0,0.032948
benchmark/laut/kaluza/181/sink.s3,1,0.066519
benchmark/laut/kaluza/172/sink.s3,1,0.066558
benchmark/laut/kaluza/412/sink.s3,1,0.119115
benchmark/laut/kaluza/1658/sink.s3,1,0.068444
benchmark/laut/kaluza/368/sink.s3,1,0.068860
benchmark/laut/kaluza/558/sink.s3,0,0.034817
benchmark/laut/kaluza/786/sink.s3,1,0.072030
benchmark/laut/kaluza/146/sink.s3,1,0.124053
benchmark/laut/kaluza/1429/sink.s3,0,0.070331
benchmark/laut/kaluza/1023/sink.s3,0,0.017377
benchmark/laut/kaluza/1827/sink.s3,0,0.033895
benchmark/laut/kaluza/1571/sink.s3,1,0.069192
benchmark/laut/kaluza/1598/sink.s3,0,0.069274
benchmark/laut/kaluza/934/sink.s3,0,0.042508
benchmark/laut/kaluza/690/sink.s3,1,0.066543
benchmark/laut/kaluza/475/sink.s3,0,0.018868
benchmark/laut/kaluza/1712/sink.s3,0,0.018502
benchmark/laut/kaluza/307/sink.s3,1,0.067590
benchmark/laut/kaluza/436/sink.s3,1,0.119004
benchmark/laut/kaluza/1492/sink.s3,1,0.068138
benchmark/laut/kaluza/1773/sink.s3,0,0.034860
benchmark/laut/kaluza/687/sink.s3,1,0.071760
benchmark/laut/kaluza/1196/sink.s3,0,0.024531
benchmark/laut/kaluza/748/sink.s3,1,0.071493
benchmark/laut/kaluza/1481/sink.s3,1,0.068149
benchmark/laut/kaluza/1003/sink.s3,0,0.070663
benchmark/laut/kaluza/1661/sink.s3,1,0.070531
benchmark/laut/kaluza/727/sink.s3,0,0.025702
benchmark/laut/kaluza/51/sink.s3,0,0.020480
benchmark/laut/kaluza/1888/sink.s3,1,0.068428
benchmark/laut/kaluza/904/sink.s3,1,0.070899
benchmark/laut/kaluza/1299/sink.s3,1,0.067157
benchmark/laut/kaluza/1075/sink.s3,0,0.034660
benchmark/laut/kaluza/301/sink.s3,0,0.017641
benchmark/laut/kaluza/465/sink.s3,1,0.066118
benchmark/laut/kaluza/825/sink.s3,0,0.067754
benchmark/laut/kaluza/624/sink.s3,0,0.034579
benchmark/laut/kaluza/1045/sink.s3,0,0.017633
benchmark/laut/kaluza/808/sink.s3,0,0.068428
benchmark/laut/kaluza/1128/sink.s3,0,0.067824
benchmark/laut/kaluza/185/sink.s3,0,0.032836
benchmark/laut/kaluza/1558/sink.s3,1,0.067684
benchmark/laut/kaluza/740/sink.s3,0,0.067274
benchmark/laut/kaluza/587/sink.s3,1,0.071950
benchmark/laut/kaluza/156/sink.s3,1,0.066797
benchmark/laut/kaluza/1968/sink.s3,0,0.035165
benchmark/laut/kaluza/1115/sink.s3,0,0.036776
benchmark/laut/kaluza/1305/sink.s3,0,0.020900
benchmark/laut/kaluza/771/sink.s3,1,0.067857
benchmark/laut/kaluza/1737/sink.s3,0,0.017666
benchmark/laut/kaluza/1908/sink.s3,1,0.067838
benchmark/laut/kaluza/953/sink.s3,0,0.039464
benchmark/laut/kaluza/323/sink.s3,1,0.118050
benchmark/laut/kaluza/1041/sink.s3,1,0.067141
benchmark/laut/kaluza/93/sink.s3,1,0.069183
benchmark/laut/kaluza/1758/sink.s3,1,0.065476
benchmark/laut/kaluza/1925/sink.s3,0,0.035858
benchmark/laut/kaluza/831/sink.s3,1,0.067708
benchmark/laut/kaluza/386/sink.s3,1,0.035381
benchmark/laut/kaluza/1417/sink.s3,0,0.018517
benchmark/laut/kaluza/1271/sink.s3,0,0.033902
benchmark/laut/kaluza/1544/sink.s3,0,0.034104
benchmark/laut/kaluza/1439/sink.s3,1,0.319366
benchmark/laut/kaluza/1631/sink.s3,1,0.073048
benchmark/laut/kaluza/711/sink.s3,0,0.070462
benchmark/laut/kaluza/1101/sink.s3,0,0.036853
benchmark/laut/kaluza/1173/sink.s3,0,0.036046
benchmark/laut/kaluza/1604/sink.s3,0,0.038661
benchmark/laut/kaluza/663/sink.s3,0,0.072261
benchmark/laut/kaluza/1216/sink.s3,0,0.063023
benchmark/laut/kaluza/567/sink.s3,1,0.119873
benchmark/laut/kaluza/1055/sink.s3,1,0.068178
benchmark/laut/kaluza/1179/sink.s3,1,0.119910
benchmark/laut/kaluza/1576/sink.s3,1,0.119332
benchmark/laut/kaluza/942/sink.s3,0,0.021659
benchmark/laut/kaluza/1097/sink.s3,0,0.017914
benchmark/laut/kaluza/520/sink.s3,1,0.068152
benchmark/laut/kaluza/429/sink.s3,0,0.019240
benchmark/laut/kaluza/878/sink.s3,0,0.036800
benchmark/laut/kaluza/1195/sink.s3,1,0.073469
benchmark/laut/kaluza/87/sink.s3,1,0.119879
benchmark/laut/kaluza/709/sink.s3,0,0.068026
benchmark/laut/kaluza/874/sink.s3,0,0.071706
benchmark/laut/kaluza/785/sink.s3,1,0.037008
benchmark/laut/kaluza/606/sink.s3,0,0.066550
benchmark/laut/kaluza/88/sink.s3,1,0.069809
benchmark/laut/kaluza/1647/sink.s3,0,0.069800
benchmark/laut/kaluza/266/sink.s3,1,0.066551
benchmark/laut/kaluza/1807/sink.s3,1,0.068208
benchmark/laut/kaluza/1453/sink.s3,0,0.068723
benchmark/laut/kaluza/1989/sink.s3,1,0.066802
benchmark/laut/kaluza/965/sink.s3,0,0.035599
benchmark/laut/kaluza/1140/sink.s3,1,0.066882
benchmark/laut/kaluza/2000/sink.s3,1,0.069191
benchmark/laut/kaluza/1552/sink.s3,1,0.066288
benchmark/laut/kaluza/1795/sink.s3,1,0.068233
benchmark/laut/kaluza/1937/sink.s3,1,0.066671
benchmark/laut/kaluza/1612/sink.s3,0,0.019006
benchmark/laut/kaluza/543/sink.s3,0,0.066699
benchmark/laut/kaluza/470/sink.s3,1,0.070139
benchmark/laut/kaluza/1747/sink.s3,0,0.020300
benchmark/laut/kaluza/579/sink.s3,0,0.036501
benchmark/laut/kaluza/1099/sink.s3,1,0.066286
benchmark/laut/kaluza/1996/sink.s3,0,0.068719
benchmark/laut/kaluza/1915/sink.s3,1,0.066513
benchmark/laut/kaluza/996/sink.s3,1,0.066118
benchmark/laut/kaluza/454/sink.s3,1,0.118391
benchmark/laut/kaluza/214/sink.s3,1,0.069104
benchmark/laut/kaluza/529/sink.s3,0,0.019417
benchmark/laut/kaluza/738/sink.s3,1,0.117210
benchmark/laut/kaluza/580/sink.s3,0,0.034017
benchmark/laut/kaluza/947/sink.s3,1,0.071343
benchmark/laut/kaluza/1533/sink.s3,0,0.033361
benchmark/laut/kaluza/1906/sink.s3,0,0.036821
benchmark/laut/kaluza/751/sink.s3,0,0.018213
benchmark/laut/kaluza/1223/sink.s3,0,0.017200
benchmark/laut/kaluza/1551/sink.s3,1,0.067513
benchmark/laut/kaluza/204/sink.s3,1,0.525959
benchmark/laut/kaluza/723/sink.s3,1,0.065777
benchmark/laut/kaluza/325/sink.s3,1,0.067094
benchmark/laut/kaluza/1546/sink.s3,0,0.034292
benchmark/laut/kaluza/773/sink.s3,0,0.033949
benchmark/laut/kaluza/1149/sink.s3,0,0.045591
benchmark/laut/kaluza/152/sink.s3,1,0.125351
benchmark/laut/kaluza/1955/sink.s3,1,0.071915
benchmark/laut/kaluza/596/sink.s3,0,0.017615
benchmark/laut/kaluza/615/sink.s3,1,0.066999
benchmark/laut/kaluza/1517/sink.s3,0,0.019040
benchmark/laut/kaluza/150/sink.s3,1,0.035241
benchmark/laut/kaluza/136/sink.s3,0,0.018316
benchmark/laut/kaluza/1798/sink.s3,1,0.067399
benchmark/laut/kaluza/791/sink.s3,0,0.019004
benchmark/laut/kaluza/1316/sink.s3,1,0.066694
benchmark/laut/kaluza/1116/sink.s3,1,0.066609
benchmark/laut/kaluza/1545/sink.s3,0,0.033255
benchmark/laut/kaluza/694/sink.s3,1,0.070917
benchmark/laut/kaluza/928/sink.s3,0,0.033924
benchmark/laut/kaluza/78/sink.s3,1,0.066218
benchmark/laut/kaluza/843/sink.s3,0,0.035915
benchmark/laut/kaluza/1411/sink.s3,1,0.066940
benchmark/laut/kaluza/1473/sink.s3,0,0.035885
benchmark/laut/kaluza/1504/sink.s3,1,0.066792
benchmark/laut/kaluza/188/sink.s3,0,0.035590
benchmark/laut/kaluza/444/sink.s3,0,0.026033
benchmark/laut/kaluza/1688/sink.s3,1,0.071635
benchmark/laut/kaluza/501/sink.s3,1,0.068705
benchmark/laut/kaluza/513/sink.s3,1,0.064807
benchmark/laut/kaluza/1131/sink.s3,1,0.117982
benchmark/laut/kaluza/621/sink.s3,0,0.016318
benchmark/laut/kaluza/1583/sink.s3,0,0.037466
benchmark/laut/kaluza/645/sink.s3,1,0.066690
benchmark/laut/kaluza/1777/sink.s3,1,0.069546
benchmark/laut/kaluza/1313/sink.s3,0,0.033370
benchmark/laut/kaluza/948/sink.s3,1,0.065807
benchmark/laut/kaluza/189/sink.s3,1,0.317510
benchmark/laut/kaluza/724/sink.s3,0,0.033808
benchmark/laut/kaluza/1741/sink.s3,0,0.033463
benchmark/laut/kaluza/643/sink.s3,0,0.034169
benchmark/laut/kaluza/79/sink.s3,1,0.065826
benchmark/laut/kaluza/358/sink.s3,0,0.034088
benchmark/laut/kaluza/929/sink.s3,1,0.068320
benchmark/laut/kaluza/356/sink.s3,0,0.034191
benchmark/laut/kaluza/84/sink.s3,1,0.068783
benchmark/laut/kaluza/1070/sink.s3,1,0.068303
benchmark/laut/kaluza/103/sink.s3,1,0.070398
benchmark/laut/kaluza/719/sink.s3,1,0.216838
benchmark/laut/kaluza/940/sink.s3,0,0.018863
benchmark/laut/kaluza/1165/sink.s3,0,0.034011
benchmark/laut/kaluza/1936/sink.s3,1,0.067046
benchmark/laut/kaluza/409/sink.s3,1,0.066419
benchmark/laut/kaluza/1072/sink.s3,1,0.066217
benchmark/laut/kaluza/1419/sink.s3,0,0.018496
benchmark/laut/kaluza/897/sink.s3,1,0.067460
benchmark/laut/kaluza/1792/sink.s3,1,0.068944
benchmark/laut/kaluza/480/sink.s3,1,0.067639
benchmark/laut/kaluza/1705/sink.s3,0,0.067114
benchmark/laut/kaluza/1154/sink.s3,0,0.077987
benchmark/laut/kaluza/1298/sink.s3,1,0.068845
benchmark/laut/kaluza/779/sink.s3,0,0.017790
benchmark/laut/kaluza/1187/sink.s3,1,0.069582
benchmark/laut/kaluza/1157/sink.s3,1,0.073079
benchmark/laut/kaluza/1547/sink.s3,0,0.033809
benchmark/laut/kaluza/1118/sink.s3,1,0.069583
benchmark/laut/kaluza/1306/sink.s3,0,0.018422
benchmark/laut/kaluza/1999/sink.s3,0,0.035155
benchmark/laut/kaluza/568/sink.s3,1,0.069405
benchmark/laut/kaluza/883/sink.s3,0,0.019884
benchmark/laut/kaluza/1779/sink.s3,0,0.033641
benchmark/laut/kaluza/1628/sink.s3,1,0.066921
benchmark/laut/kaluza/332/sink.s3,1,0.068836
benchmark/laut/kaluza/818/sink.s3,1,0.120734
benchmark/laut/kaluza/957/sink.s3,0,0.070103
benchmark/laut/kaluza/12/sink.s3,0,0.034647
benchmark/laut/kaluza/1450/sink.s3,1,0.067527
benchmark/laut/kaluza/425/sink.s3,0,0.065859
benchmark/laut/kaluza/569/sink.s3,0,0.033197
benchmark/laut/kaluza/1538/sink.s3,0,0.018934
benchmark/laut/kaluza/1611/sink.s3,0,0.065793
benchmark/laut/kaluza/43/sink.s3,0,0.035797
benchmark/laut/kaluza/177/sink.s3,1,0.069686
benchmark/laut/kaluza/1640/sink.s3,1,0.070019
benchmark/laut/kaluza/82/sink.s3,1,0.475780
benchmark/laut/kaluza/1284/sink.s3,0,0.035083
benchmark/laut/kaluza/169/sink.s3,1,0.065913
benchmark/laut/kaluza/1447/sink.s3,0,0.066440
benchmark/laut/kaluza/1380/sink.s3,1,0.070243
benchmark/laut/kaluza/1803/sink.s3,1,0.169250
benchmark/laut/kaluza/1263/sink.s3,0,0.069145
benchmark/laut/kaluza/191/sink.s3,1,0.064583
benchmark/laut/kaluza/632/sink.s3,1,0.066949
benchmark/laut/kaluza/610/sink.s3,1,0.067260
benchmark/laut/kaluza/1345/sink.s3,0,0.035745
benchmark/laut/kaluza/667/sink.s3,1,0.070751
benchmark/laut/kaluza/1017/sink.s3,1,0.066697
benchmark/laut/kaluza/426/sink.s3,0,0.068282
benchmark/laut/kaluza/315/sink.s3,1,0.125418
benchmark/laut/kaluza/916/sink.s3,0,0.068603
benchmark/laut/kaluza/1570/sink.s3,0,0.040771
benchmark/laut/kaluza/767/sink.s3,1,0.067207
benchmark/laut/kaluza/1423/sink.s3,1,0.066651
benchmark/laut/kaluza/531/sink.s3,1,0.070183
benchmark/laut/kaluza/1657/sink.s3,1,0.067152
benchmark/laut/kaluza/1860/sink.s3,1,0.067375
benchmark/laut/kaluza/1731/sink.s3,0,0.067098
benchmark/laut/kaluza/1012/sink.s3,0,0.035182
benchmark/laut/kaluza/1914/sink.s3,1,0.069280
benchmark/laut/kaluza/464/sink.s3,1,0.069618
benchmark/laut/kaluza/614/sink.s3,1,0.066838
benchmark/laut/kaluza/1579/sink.s3,0,0.021523
benchmark/laut/kaluza/721/sink.s3,0,0.018297
benchmark/laut/kaluza/871/sink.s3,1,0.067089
benchmark/laut/kaluza/572/sink.s3,1,0.073187
benchmark/laut/kaluza/755/sink.s3,0,0.035683
benchmark/laut/kaluza/1483/sink.s3,0,0.034504
benchmark/laut/kaluza/1967/sink.s3,0,0.037267
benchmark/laut/kaluza/565/sink.s3,0,0.037290
benchmark/laut/kaluza/504/sink.s3,0,0.034162
benchmark/laut/kaluza/1718/sink.s3,1,0.068441
benchmark/laut/kaluza/1421/sink.s3,1,0.067275
benchmark/laut/kaluza/1910/sink.s3,1,0.067286
benchmark/laut/kaluza/553/sink.s3,0,0.034278
benchmark/laut/kaluza/1073/sink.s3,1,0.067389
benchmark/laut/kaluza/334/sink.s3,1,0.066761
benchmark/laut/kaluza/989/sink.s3,1,0.066429
benchmark/laut/kaluza/1125/sink.s3,0,0.034315
benchmark/laut/kaluza/641/sink.s3,0,0.034508
benchmark/laut/kaluza/1856/sink.s3,1,0.068536
benchmark/laut/kaluza/331/sink.s3,1,0.067076
benchmark/laut/kaluza/1008/sink.s3,1,0.065112
benchmark/laut/kaluza/560/sink.s3,1,0.065422
benchmark/laut/kaluza/463/sink.s3,0,0.016546
benchmark/laut/kaluza/541/sink.s3,1,0.068759
benchmark/laut/kaluza/511/sink.s3,1,0.115240
benchmark/laut/kaluza/1488/sink.s3,1,0.073288
benchmark/laut/kaluza/1491/sink.s3,0,0.032532
benchmark/laut/kaluza/1044/sink.s3,0,0.036641
benchmark/laut/kaluza/433/sink.s3,1,0.065195
benchmark/laut/kaluza/1088/sink.s3,1,0.066040
benchmark/laut/kaluza/1059/sink.s3,1,0.068495
benchmark/laut/kaluza/1912/sink.s3,1,0.065802
benchmark/laut/kaluza/1535/sink.s3,1,0.067409
benchmark/laut/kaluza/812/sink.s3,1,0.069788
benchmark/laut/kaluza/1566/sink.s3,0,0.034813
benchmark/laut/kaluza/139/sink.s3,1,0.065463
benchmark/laut/kaluza/1326/sink.s3,1,0.066839
benchmark/laut/kaluza/867/sink.s3,1,0.066513
benchmark/laut/kaluza/260/sink.s3,0,0.037198
benchmark/laut/kaluza/729/sink.s3,1,0.067456
benchmark/laut/kaluza/772/sink.s3,0,0.033235
benchmark/laut/kaluza/1938/sink.s3,0,0.033554
benchmark/laut/kaluza/410/sink.s3,1,0.066681
benchmark/laut/kaluza/1027/sink.s3,0,0.040222
benchmark/laut/kaluza/1982/sink.s3,0,0.033924
benchmark/laut/kaluza/642/sink.s3,0,0.033147
benchmark/laut/kaluza/1993/sink.s3,0,0.018214
benchmark/laut/kaluza/1238/sink.s3,1,0.074266