benchmark=kaluza,solver=z3,TO=20.000000
path,sat,time
benchmark/laut/kaluza/404/sink.smt2,1,0.831846
benchmark/laut/kaluza/1789/sink.smt2,0,0.037267
benchmark/laut/kaluza/1144/sink.smt2,0,0.018847
benchmark/laut/kaluza/1636/sink.smt2,0,0.016861
benchmark/laut/kaluza/405/sink.smt2,1,0.035031
benchmark/laut/kaluza/1800/sink.smt2,1,0.027979
benchmark/laut/kaluza/1211/sink.smt2,1,0.018258
benchmark/laut/kaluza/987/sink.smt2,0,0.033924
benchmark/laut/kaluza/968/sink.smt2,0,0.021096
benchmark/laut/kaluza/1484/sink.smt2,0,0.018706
benchmark/laut/kaluza/1514/sink.smt2,1,0.033989
benchmark/laut/kaluza/1799/sink.smt2,1,0.035984
benchmark/laut/kaluza/1065/sink.smt2,0,0.035667
benchmark/laut/kaluza/1382/sink.smt2,1,0.035667
benchmark/laut/kaluza/1836/sink.smt2,0,0.018632
benchmark/laut/kaluza/1508/sink.smt2,1,0.034713
benchmark/laut/kaluza/1725/sink.smt2,0,0.036923
benchmark/laut/kaluza/763/sink.smt2,1,0.037232
benchmark/laut/kaluza/1745/sink.smt2,1,0.039626
benchmark/laut/kaluza/1289/sink.smt2,1,0.034216
benchmark/laut/kaluza/811/sink.smt2,0,0.034459
benchmark/laut/kaluza/198/sink.smt2,0,0.037527
benchmark/laut/kaluza/765/sink.smt2,0,0.019796
benchmark/laut/kaluza/127/sink.smt2,1,0.017302
benchmark/laut/kaluza/647/sink.smt2,1,0.037168
benchmark/laut/kaluza/1241/sink.smt2,1,0.034731
benchmark/laut/kaluza/1969/sink.smt2,0,0.035516
benchmark/laut/kaluza/1460/sink.smt2,0,0.035124
benchmark/laut/kaluza/92/sink.smt2,1,0.036867
benchmark/laut/kaluza/1180/sink.smt2,0,0.036153
benchmark/laut/kaluza/1919/sink.smt2,1,0.036639
benchmark/laut/kaluza/135/sink.smt2,0,0.033629
benchmark/laut/kaluza/1894/sink.smt2,0,0.037590
benchmark/laut/kaluza/1613/sink.smt2,1,0.019389
benchmark/laut/kaluza/1590/sink.smt2,0,0.035055
benchmark/laut/kaluza/499/sink.smt2,1,0.038386
benchmark/laut/kaluza/512/sink.smt2,0,0.023682
benchmark/laut/kaluza/482/sink.smt2,1,0.036629
benchmark/laut/kaluza/585/sink.smt2,0,0.034734
benchmark/laut/kaluza/118/sink.smt2,0,0.018930
benchmark/laut/kaluza/1958/sink.smt2,0,0.017055
benchmark/laut/kaluza/1446/sink.smt2,1,0.034929
benchmark/laut/kaluza/886/sink.smt2,0,0.018275
benchmark/laut/kaluza/160/sink.smt2,1,0.016997
benchmark/laut/kaluza/1883/sink.smt2,0,0.033474
benchmark/laut/kaluza/1534/sink.smt2,0,0.017687
benchmark/laut/kaluza/814/sink.smt2,0,0.018177
benchmark/laut/kaluza/911/sink.smt2,0,0.035235
benchmark/laut/kaluza/1205/sink.smt2,0,0.033599
benchmark/laut/kaluza/388/sink.smt2,1,0.038296
benchmark/laut/kaluza/564/sink.smt2,1,0.034413
benchmark/laut/kaluza/1347/sink.smt2,0,0.036026
benchmark/laut/kaluza/1389/sink.smt2,1,0.039694
benchmark/laut/kaluza/1162/sink.smt2,1,0.020170
benchmark/laut/kaluza/487/sink.smt2,1,0.035010
benchmark/laut/kaluza/923/sink.smt2,0,0.033671
benchmark/laut/kaluza/702/sink.smt2,0,0.033520
benchmark/laut/kaluza/1351/sink.smt2,0,0.042312
benchmark/laut/kaluza/1002/sink.smt2,1,0.037124
benchmark/laut/kaluza/1564/sink.smt2,0,0.035163
benchmark/laut/kaluza/108/sink.smt2,0,0.035987
benchmark/laut/kaluza/381/sink.smt2,1,0.033229
benchmark/laut/kaluza/1824/sink.smt2,1,0.041531
benchmark/laut/kaluza/768/sink.smt2,0,0.040828
benchmark/laut/kaluza/295/sink.smt2,1,0.019294
benchmark/laut/kaluza/420/sink.smt2,0,0.017610
benchmark/laut/kaluza/823/sink.smt2,1,0.034715
benchmark/laut/kaluza/1752/sink.smt2,1,0.041100
benchmark/laut/kaluza/945/sink.smt2,1,0.034002
benchmark/laut/kaluza/64/sink.smt2,1,0.034884
benchmark/laut/kaluza/544/sink.smt2,1,0.019530
benchmark/laut/kaluza/80/sink.smt2,1,0.034412
benchmark/laut/kaluza/966/sink.smt2,1,0.037811
benchmark/laut/kaluza/1814/sink.smt2,0,0.022137
benchmark/laut/kaluza/561/sink.smt2,0,0.037416
benchmark/laut/kaluza/1602/sink.smt2,0,0.035589
benchmark/laut/kaluza/1333/sink.smt2,0,0.022664
benchmark/laut/kaluza/442/sink.smt2,1,0.034284
benchmark/laut/kaluza/186/sink.smt2,1,0.021309
benchmark/laut/kaluza/1848/sink.smt2,0,0.018873
benchmark/laut/kaluza/284/sink.smt2,1,0.018405
benchmark/laut/kaluza/53/sink.smt2,1,0.017402
benchmark/laut/kaluza/1868/sink.smt2,1,0.041558
benchmark/laut/kaluza/876/sink.smt2,1,0.020212
benchmark/laut/kaluza/411/sink.smt2,0,0.037078
benchmark/laut/kaluza/691/sink.smt2,1,0.037564
benchmark/laut/kaluza/1724/sink.smt2,1,0.021494
benchmark/laut/kaluza/759/sink.smt2,1,0.033567
benchmark/laut/kaluza/1420/sink.smt2,0,0.039453
benchmark/laut/kaluza/1765/sink.smt2,0,0.044285
benchmark/laut/kaluza/1876/sink.smt2,1,0.038656
benchmark/laut/kaluza/745/sink.smt2,0,0.034717
benchmark/laut/kaluza/121/sink.smt2,1,0.068560
benchmark/laut/kaluza/1835/sink.smt2,0,0.036793
benchmark/laut/kaluza/1122/sink.smt2,1,0.033236
benchmark/laut/kaluza/1200/sink.smt2,0,0.035458
benchmark/laut/kaluza/1437/sink.smt2,1,0.038284
benchmark/laut/kaluza/1334/sink.smt2,0,0.017058
benchmark/laut/kaluza/1913/sink.smt2,1,0.018396
benchmark/laut/kaluza/1174/sink.smt2,0,0.018596
benchmark/laut/kaluza/205/sink.smt2,0,0.021419
benchmark/laut/kaluza/149/sink.smt2,1,0.017367
benchmark/laut/kaluza/318/sink.smt2,1,0.016531
benchmark/laut/kaluza/1259/sink.smt2,1,0.018504
benchmark/laut/kaluza/1291/sink.smt2,1,0.020203
benchmark/laut/kaluza/1980/sink.smt2,0,0.020286
benchmark/laut/kaluza/174/sink.smt2,1,0.021119
benchmark/laut/kaluza/762/sink.smt2,1,0.032606
benchmark/laut/kaluza/30/sink.smt2,1,0.069499
benchmark/laut/kaluza/909/sink.smt2,1,0.019667
benchmark/laut/kaluza/316/sink.smt2,1,0.067935
benchmark/laut/kaluza/1077/sink.smt2,0,0.019582
benchmark/laut/kaluza/1742/sink.smt2,0,0.017291
benchmark/laut/kaluza/1156/sink.smt2,0,0.017385
benchmark/laut/kaluza/1668/sink.smt2,0,0.017116
benchmark/laut/kaluza/211/sink.smt2,1,0.019682
benchmark/laut/kaluza/167/sink.smt2,1,0.034498
benchmark/laut/kaluza/1689/sink.smt2,0,0.035911
benchmark/laut/kaluza/851/sink.smt2,0,0.018712
benchmark/laut/kaluza/1917/sink.smt2,0,0.022358
benchmark/laut/kaluza/839/sink.smt2,1,0.021771
benchmark/laut/kaluza/1471/sink.smt2,1,0.037625
benchmark/laut/kaluza/620/sink.smt2,1,0.022551
benchmark/laut/kaluza/1184/sink.smt2,1,0.023956
benchmark/laut/kaluza/1245/sink.smt2,1,0.019077
benchmark/laut/kaluza/873/sink.smt2,1,0.017476
benchmark/laut/kaluza/467/sink.smt2,0,0.019325
benchmark/laut/kaluza/1091/sink.smt2,1,0.036964
benchmark/laut/kaluza/1701/sink.smt2,1,0.038758
benchmark/laut/kaluza/489/sink.smt2,1,0.033799
benchmark/laut/kaluza/276/sink.smt2,1,0.037941
benchmark/laut/kaluza/1239/sink.smt2,1,0.020568
benchmark/laut/kaluza/1834/sink.smt2,0,0.017966
benchmark/laut/kaluza/605/sink.smt2,0,0.021381
benchmark/laut/kaluza/510/sink.smt2,1,0.038068
benchmark/laut/kaluza/1061/sink.smt2,1,0.040837
benchmark/laut/kaluza/1082/sink.smt2,0,0.040512
benchmark/laut/kaluza/1729/sink.smt2,0,0.016536
benchmark/laut/kaluza/13/sink.smt2,1,0.018206
benchmark/laut/kaluza/1518/sink.smt2,0,0.021228
benchmark/laut/kaluza/1455/sink.smt2,0,0.020221
benchmark/laut/kaluza/1686/sink.smt2,0,0.019024
benchmark/laut/kaluza/1978/sink.smt2,1,0.016715
benchmark/laut/kaluza/1699/sink.smt2,0,0.019397
benchmark/laut/kaluza/1905/sink.smt2,0,0.018532
benchmark/laut/kaluza/49/sink.smt2,1,0.020107
benchmark/laut/kaluza/1513/sink.smt2,1,0.017400
benchmark/laut/kaluza/1339/sink.smt2,0,0.018513
benchmark/laut/kaluza/1243/sink.smt2,1,0.020106
benchmark/laut/kaluza/770/sink.smt2,1,0.018403
benchmark/laut/kaluza/1318/sink.smt2,0,0.018910
benchmark/laut/kaluza/257/sink.smt2,1,0.034700
benchmark/laut/kaluza/390/sink.smt2,1,0.017848
benchmark/laut/kaluza/1426/sink.smt2,1,0.035782
benchmark/laut/kaluza/1039/sink.smt2,0,0.018194
benchmark/laut/kaluza/216/sink.smt2,1,0.069336
benchmark/laut/kaluza/607/sink.smt2,0,0.020926
benchmark/laut/kaluza/399/sink.smt2,0,0.019063
benchmark/laut/kaluza/1127/sink.smt2,0,0.018168
benchmark/laut/kaluza/1452/sink.smt2,0,0.016882
benchmark/laut/kaluza/735/sink.smt2,1,0.034738
benchmark/laut/kaluza/920/sink.smt2,0,0.040154
benchmark/laut/kaluza/1261/sink.smt2,0,0.018627
benchmark/laut/kaluza/348/sink.smt2,1,0.013749
benchmark/laut/kaluza/492/sink.smt2,1,0.023767
benchmark/laut/kaluza/670/sink.smt2,0,0.022017
benchmark/laut/kaluza/1449/sink.smt2,0,0.036567
benchmark/laut/kaluza/209/sink.smt2,1,0.039572
benchmark/laut/kaluza/776/sink.smt2,0,0.039424
benchmark/laut/kaluza/1067/sink.smt2,0,0.023500
benchmark/laut/kaluza/797/sink.smt2,0,0.019501
benchmark/laut/kaluza/1276/sink.smt2,1,0.037797
benchmark/laut/kaluza/1369/sink.smt2,1,0.033431
benchmark/laut/kaluza/1430/sink.smt2,1,0.035608
benchmark/laut/kaluza/338/sink.smt2,1,0.037628
benchmark/laut/kaluza/653/sink.smt2,1,0.034039
benchmark/laut/kaluza/1577/sink.smt2,0,0.034660
benchmark/laut/kaluza/344/sink.smt2,1,0.034300
benchmark/laut/kaluza/1961/sink.smt2,0,0.019512
benchmark/laut/kaluza/611/sink.smt2,1,0.019264
benchmark/laut/kaluza/1586/sink.smt2,1,0.019167
benchmark/laut/kaluza/184/sink.smt2,1,0.040433
benchmark/laut/kaluza/1341/sink.smt2,0,0.022472
benchmark/laut/kaluza/1808/sink.smt2,0,0.018192
benchmark/laut/kaluza/994/sink.smt2,0,0.019264
benchmark/laut/kaluza/406/sink.smt2,0,0.019258
benchmark/laut/kaluza/880/sink.smt2,0,0.017875
benchmark/laut/kaluza/551/sink.smt2,0,0.018369
benchmark/laut/kaluza/1026/sink.smt2,0,0.018264
benchmark/laut/kaluza/449/sink.smt2,0,0.018366
benchmark/laut/kaluza/1060/sink.smt2,0,0.018561
benchmark/laut/kaluza/1850/sink.smt2,1,0.017379
benchmark/laut/kaluza/1817/sink.smt2,0,0.018237
benchmark/laut/kaluza/884/sink.smt2,0,0.019726
benchmark/laut/kaluza/42/sink.smt2,1,0.032681
benchmark/laut/kaluza/67/sink.smt2,1,0.034462
benchmark/laut/kaluza/1202/sink.smt2,1,0.037995
benchmark/laut/kaluza/102/sink.smt2,1,0.039607
benchmark/laut/kaluza/1918/sink.smt2,0,0.039752
benchmark/laut/kaluza/1892/sink.smt2,1,0.034414
benchmark/laut/kaluza/700/sink.smt2,1,0.033831
benchmark/laut/kaluza/826/sink.smt2,1,0.017891
benchmark/laut/kaluza/28/sink.smt2,1,0.018782
benchmark/laut/kaluza/854/sink.smt2,1,0.039094
benchmark/laut/kaluza/1950/sink.smt2,0,0.018634
benchmark/laut/kaluza/925/sink.smt2,1,0.020278
benchmark/laut/kaluza/326/sink.smt2,0,0.017490
benchmark/laut/kaluza/1443/sink.smt2,0,0.017334
benchmark/laut/kaluza/213/sink.smt2,1,0.038981
benchmark/laut/kaluza/1314/sink.smt2,0,0.034918
benchmark/laut/kaluza/705/sink.smt2,1,0.033344
benchmark/laut/kaluza/455/sink.smt2,0,0.018466
benchmark/laut/kaluza/491/sink.smt2,0,0.041479
benchmark/laut/kaluza/685/sink.smt2,1,0.037497
benchmark/laut/kaluza/1034/sink.smt2,1,0.035988
benchmark/laut/kaluza/81/sink.smt2,1,0.034270
benchmark/laut/kaluza/460/sink.smt2,0,0.020408
benchmark/laut/kaluza/414/sink.smt2,1,0.037933
benchmark/laut/kaluza/1609/sink.smt2,0,0.018378
benchmark/laut/kaluza/147/sink.smt2,1,0.036047
benchmark/laut/kaluza/1714/sink.smt2,0,0.022079
benchmark/laut/kaluza/1248/sink.smt2,0,0.019497
benchmark/laut/kaluza/1864/sink.smt2,0,0.036433
benchmark/laut/kaluza/713/sink.smt2,1,0.036894
benchmark/laut/kaluza/362/sink.smt2,0,0.071871
benchmark/laut/kaluza/728/sink.smt2,0,0.020267
benchmark/laut/kaluza/1684/sink.smt2,1,0.033911
benchmark/laut/kaluza/1270/sink.smt2,0,0.018633
benchmark/laut/kaluza/1770/sink.smt2,1,0.117211
benchmark/laut/kaluza/1700/sink.smt2,1,0.070761
benchmark/laut/kaluza/1784/sink.smt2,0,0.017248
benchmark/laut/kaluza/446/sink.smt2,0,0.018412
benchmark/laut/kaluza/1965/sink.smt2,1,0.036847
benchmark/laut/kaluza/822/sink.smt2,1,0.017515
benchmark/laut/kaluza/1048/sink.smt2,1,0.035620
benchmark/laut/kaluza/3/sink.smt2,0,0.017924
benchmark/laut/kaluza/1168/sink.smt2,0,0.019693
benchmark/laut/kaluza/515/sink.smt2,0,0.020041
benchmark/laut/kaluza/1594/sink.smt2,0,0.015543
benchmark/laut/kaluza/1188/sink.smt2,0,0.018017
benchmark/laut/kaluza/1190/sink.smt2,0,0.018704
benchmark/laut/kaluza/1056/sink.smt2,1,0.017876
benchmark/laut/kaluza/1608/sink.smt2,0,0.016502
benchmark/laut/kaluza/179/sink.smt2,1,0.017116
benchmark/laut/kaluza/931/sink.smt2,1,0.035770
benchmark/laut/kaluza/1189/sink.smt2,0,0.035485
benchmark/laut/kaluza/1664/sink.smt2,1,0.037767
benchmark/laut/kaluza/1923/sink.smt2,1,0.020053
benchmark/laut/kaluza/1478/sink.smt2,0,0.016617
benchmark/laut/kaluza/985/sink.smt2,0,0.019509
benchmark/laut/kaluza/1694/sink.smt2,0,0.018688
benchmark/laut/kaluza/628/sink.smt2,1,0.047313
benchmark/laut/kaluza/375/sink.smt2,1,0.018561
benchmark/laut/kaluza/407/sink.smt2,0,0.022602
benchmark/laut/kaluza/16/sink.smt2,1,0.018743
benchmark/laut/kaluza/1726/sink.smt2,1,0.018046
benchmark/laut/kaluza/1556/sink.smt2,0,0.017315
benchmark/laut/kaluza/1277/sink.smt2,0,0.018614
benchmark/laut/kaluza/609/sink.smt2,1,0.040460
benchmark/laut/kaluza/506/sink.smt2,1,0.041136
benchmark/laut/kaluza/598/sink.smt2,1,0.036753
benchmark/laut/kaluza/742/sink.smt2,1,0.036872
benchmark/laut/kaluza/427/sink.smt2,1,0.034704
benchmark/laut/kaluza/235/sink.smt2,0,0.019302
benchmark/laut/kaluza/1663/sink.smt2,1,0.018391
benchmark/laut/kaluza/756/sink.smt2,1,0.028672
benchmark/laut/kaluza/238/sink.smt2,1,0.037646
benchmark/laut/kaluza/833/sink.smt2,1,0.037664
benchmark/laut/kaluza/1771/sink.smt2,1,0.034001
benchmark/laut/kaluza/750/sink.smt2,0,0.033473
benchmark/laut/kaluza/960/sink.smt2,0,0.018105
benchmark/laut/kaluza/129/sink.smt2,1,0.036012
benchmark/laut/kaluza/980/sink.smt2,1,0.033679
benchmark/laut/kaluza/1559/sink.smt2,0,0.021115
benchmark/laut/kaluza/1974/sink.smt2,1,0.019224
benchmark/laut/kaluza/273/sink.smt2,1,0.021320
benchmark/laut/kaluza/1054/sink.smt2,0,0.018831
benchmark/laut/kaluza/278/sink.smt2,1,0.034899
benchmark/laut/kaluza/549/sink.smt2,0,0.021068
benchmark/laut/kaluza/1716/sink.smt2,1,0.039916
benchmark/laut/kaluza/619/sink.smt2,0,0.020521
benchmark/laut/kaluza/242/sink.smt2,1,0.018087
benchmark/laut/kaluza/995/sink.smt2,0,0.018687
benchmark/laut/kaluza/85/sink.smt2,1,0.036995
benchmark/laut/kaluza/122/sink.smt2,0,0.036866
benchmark/laut/kaluza/757/sink.smt2,1,0.018772
benchmark/laut/kaluza/1667/sink.smt2,0,0.018112
benchmark/laut/kaluza/1995/sink.smt2,1,0.019850
benchmark/laut/kaluza/1810/sink.smt2,1,0.017363
benchmark/laut/kaluza/1406/sink.smt2,1,0.018140
benchmark/laut/kaluza/125/sink.smt2,1,0.032718
benchmark/laut/kaluza/343/sink.smt2,0,0.021107
benchmark/laut/kaluza/703/sink.smt2,0,0.018064
benchmark/laut/kaluza/503/sink.smt2,1,0.033384
benchmark/laut/kaluza/1973/sink.smt2,0,0.018289
benchmark/laut/kaluza/1297/sink.smt2,0,0.019690
benchmark/laut/kaluza/280/sink.smt2,0,0.026416
benchmark/laut/kaluza/1307/sink.smt2,0,0.020344
benchmark/laut/kaluza/1766/sink.smt2,0,0.032747
benchmark/laut/kaluza/1315/sink.smt2,0,0.017327
benchmark/laut/kaluza/590/sink.smt2,1,0.018295
benchmark/laut/kaluza/526/sink.smt2,0,0.016674
benchmark/laut/kaluza/1786/sink.smt2,1,0.017584
benchmark/laut/kaluza/788/sink.smt2,1,0.033609
benchmark/laut/kaluza/1782/sink.smt2,0,0.016649
benchmark/laut/kaluza/708/sink.smt2,1,0.017703
benchmark/laut/kaluza/674/sink.smt2,1,0.019481
benchmark/laut/kaluza/887/sink.smt2,0,0.018252
benchmark/laut/kaluza/220/sink.smt2,1,0.018341
benchmark/laut/kaluza/1227/sink.smt2,0,0.018261
benchmark/laut/kaluza/1163/sink.smt2,0,0.016959
benchmark/laut/kaluza/733/sink.smt2,0,0.017509
benchmark/laut/kaluza/1448/sink.smt2,0,0.019015
benchmark/laut/kaluza/164/sink.smt2,1,0.018568
benchmark/laut/kaluza/829/sink.smt2,0,0.017367
benchmark/laut/kaluza/253/sink.smt2,1,0.071125
benchmark/laut/kaluza/1040/sink.smt2,0,0.016305
benchmark/laut/kaluza/112/sink.smt2,1,0.017511
benchmark/laut/kaluza/963/sink.smt2,1,0.019628
benchmark/laut/kaluza/600/sink.smt2,0,0.021047
benchmark/laut/kaluza/1683/sink.smt2,1,0.119310
benchmark/laut/kaluza/939/sink.smt2,1,0.040501
benchmark/laut/kaluza/1642/sink.smt2,0,0.017300
benchmark/laut/kaluza/838/sink.smt2,0,0.019354
benchmark/laut/kaluza/832/sink.smt2,0,0.017462
benchmark/laut/kaluza/490/sink.smt2,0,0.017667
benchmark/laut/kaluza/223/sink.smt2,0,0.019073
benchmark/laut/kaluza/681/sink.smt2,1,0.034331
benchmark/laut/kaluza/1935/sink.smt2,1,0.036829
benchmark/laut/kaluza/415/sink.smt2,1,0.034741
benchmark/laut/kaluza/477/sink.smt2,1,0.035350
benchmark/laut/kaluza/764/sink.smt2,1,0.036346
benchmark/laut/kaluza/1897/sink.smt2,0,0.039175
benchmark/laut/kaluza/622/sink.smt2,0,0.035138
benchmark/laut/kaluza/233/sink.smt2,1,0.080540
benchmark/laut/kaluza/1018/sink.smt2,1,0.039893
benchmark/laut/kaluza/418/sink.smt2,1,0.035136
benchmark/laut/kaluza/1349/sink.smt2,1,0.035488
benchmark/laut/kaluza/657/sink.smt2,1,0.022574
benchmark/laut/kaluza/244/sink.smt2,0,0.021482
benchmark/laut/kaluza/1972/sink.smt2,0,0.017283
benchmark/laut/kaluza/1637/sink.smt2,0,0.017763
benchmark/laut/kaluza/847/sink.smt2,1,0.019536
benchmark/laut/kaluza/1234/sink.smt2,1,0.018286
benchmark/laut/kaluza/60/sink.smt2,1,0.018383
benchmark/laut/kaluza/1461/sink.smt2,1,0.018242
benchmark/laut/kaluza/795/sink.smt2,1,0.034283
benchmark/laut/kaluza/1690/sink.smt2,1,0.037925
benchmark/laut/kaluza/1049/sink.smt2,0,0.037423
benchmark/laut/kaluza/131/sink.smt2,0,0.036644
benchmark/laut/kaluza/26/sink.smt2,0,0.019277
benchmark/laut/kaluza/37/sink.smt2,1,0.019028
benchmark/laut/kaluza/1121/sink.smt2,0,0.018899
benchmark/laut/kaluza/1366/sink.smt2,0,0.030227
benchmark/laut/kaluza/1986/sink.smt2,1,0.035463
benchmark/laut/kaluza/271/sink.smt2,1,0.070066
benchmark/laut/kaluza/1528/sink.smt2,1,0.018352
benchmark/laut/kaluza/1516/sink.smt2,1,0.017228
benchmark/laut/kaluza/777/sink.smt2,0,0.017453
benchmark/laut/kaluza/267/sink.smt2,1,0.019923
benchmark/laut/kaluza/1308/sink.smt2,0,0.018003
benchmark/laut/kaluza/137/sink.smt2,1,0.016552
benchmark/laut/kaluza/548/sink.smt2,0,0.019162
benchmark/laut/kaluza/1408/sink.smt2,0,0.037072
benchmark/laut/kaluza/1300/sink.smt2,1,0.033212
benchmark/laut/kaluza/586/sink.smt2,0,0.037127
benchmark/laut/kaluza/523/sink.smt2,1,0.038306
benchmark/laut/kaluza/1232/sink.smt2,0,0.036767
benchmark/laut/kaluza/1926/sink.smt2,0,0.024808
benchmark/laut/kaluza/962/sink.smt2,1,0.036542
benchmark/laut/kaluza/1859/sink.smt2,1,0.033964
benchmark/laut/kaluza/974/sink.smt2,0,0.041651
benchmark/laut/kaluza/1464/sink.smt2,0,0.018807
benchmark/laut/kaluza/922/sink.smt2,0,0.018551
benchmark/laut/kaluza/1167/sink.smt2,1,0.017692
benchmark/laut/kaluza/1476/sink.smt2,1,0.017956
benchmark/laut/kaluza/419/sink.smt2,1,0.019262
benchmark/laut/kaluza/1643/sink.smt2,0,0.034411
benchmark/laut/kaluza/1469/sink.smt2,0,0.018630
benchmark/laut/kaluza/5/sink.smt2,0,0.018534
benchmark/laut/kaluza/351/sink.smt2,0,0.018857
benchmark/laut/kaluza/462/sink.smt2,1,0.034172
benchmark/laut/kaluza/349/sink.smt2,1,0.038600
benchmark/laut/kaluza/540/sink.smt2,1,0.019276
benchmark/laut/kaluza/123/sink.smt2,1,0.018445
benchmark/laut/kaluza/636/sink.smt2,0,0.038139
benchmark/laut/kaluza/1557/sink.smt2,0,0.037867
benchmark/laut/kaluza/4/sink.smt2,1,0.037135
benchmark/laut/kaluza/744/sink.smt2,0,0.023360
benchmark/laut/kaluza/132/sink.smt2,1,0.019054
benchmark/laut/kaluza/914/sink.smt2,0,0.017766
benchmark/laut/kaluza/380/sink.smt2,1,0.020964
benchmark/laut/kaluza/1427/sink.smt2,1,0.019390
benchmark/laut/kaluza/1057/sink.smt2,0,0.019769
benchmark/laut/kaluza/1749/sink.smt2,1,0.039345
benchmark/laut/kaluza/1353/sink.smt2,0,0.024429
benchmark/laut/kaluza/866/sink.smt2,0,0.017895
benchmark/laut/kaluza/669/sink.smt2,0,0.017370
benchmark/laut/kaluza/1553/sink.smt2,1,0.019306
benchmark/laut/kaluza/1279/sink.smt2,0,0.018333
benchmark/laut/kaluza/1759/sink.smt2,0,0.018096
benchmark/laut/kaluza/603/sink.smt2,1,0.034269
benchmark/laut/kaluza/1728/sink.smt2,0,0.040481
benchmark/laut/kaluza/354/sink.smt2,1,0.042081
benchmark/laut/kaluza/1391/sink.smt2,0,0.019230
benchmark/laut/kaluza/582/sink.smt2,0,0.016399
benchmark/laut/kaluza/1272/sink.smt2,1,0.017085
benchmark/laut/kaluza/1879/sink.smt2,1,0.034200
benchmark/laut/kaluza/1186/sink.smt2,0,0.017373
benchmark/laut/kaluza/448/sink.smt2,1,0.018521
benchmark/laut/kaluza/722/sink.smt2,1,0.032553
benchmark/laut/kaluza/794/sink.smt2,0,0.019370
benchmark/laut/kaluza/881/sink.smt2,1,0.020877
benchmark/laut/kaluza/941/sink.smt2,1,0.019017
benchmark/laut/kaluza/86/sink.smt2,1,0.075047
benchmark/laut/kaluza/24/sink.smt2,0,0.033786
benchmark/laut/kaluza/630/sink.smt2,0,0.017145
benchmark/laut/kaluza/583/sink.smt2,0,0.024042
benchmark/laut/kaluza/1802/sink.smt2,0,0.018438
benchmark/laut/kaluza/706/sink.smt2,0,0.038470
benchmark/laut/kaluza/1670/sink.smt2,1,0.036565
benchmark/laut/kaluza/1861/sink.smt2,0,0.023281
benchmark/laut/kaluza/1767/sink.smt2,1,0.021679
benchmark/laut/kaluza/1015/sink.smt2,0,0.019233
benchmark/laut/kaluza/1063/sink.smt2,0,0.018640
benchmark/laut/kaluza/1633/sink.smt2,1,0.037482
benchmark/laut/kaluza/1548/sink.smt2,0,0.034091
benchmark/laut/kaluza/859/sink.smt2,1,0.036689
benchmark/laut/kaluza/856/sink.smt2,1,0.037091
benchmark/laut/kaluza/495/sink.smt2,0,0.017144
benchmark/laut/kaluza/206/sink.smt2,1,0.035296
benchmark/laut/kaluza/1312/sink.smt2,1,0.034144
benchmark/laut/kaluza/1772/sink.smt2,0,0.017282
benchmark/laut/kaluza/1921/sink.smt2,1,0.017327
benchmark/laut/kaluza/1209/sink.smt2,1,0.019124
benchmark/laut/kaluza/912/sink.smt2,0,0.038277
benchmark/laut/kaluza/956/sink.smt2,0,0.021889
benchmark/laut/kaluza/1584/sink.smt2,0,0.018802
benchmark/laut/kaluza/1846/sink.smt2,0,0.017232
benchmark/laut/kaluza/1696/sink.smt2,1,0.034842
benchmark/laut/kaluza/474/sink.smt2,1,0.023422
benchmark/laut/kaluza/140/sink.smt2,0,0.034848
benchmark/laut/kaluza/1490/sink.smt2,1,0.043556
benchmark/laut/kaluza/1486/sink.smt2,0,0.019771
benchmark/laut/kaluza/1682/sink.smt2,0,0.025616
benchmark/laut/kaluza/1367/sink.smt2,1,0.034893
benchmark/laut/kaluza/439/sink.smt2,0,0.037523
benchmark/laut/kaluza/918/sink.smt2,0,0.036321
benchmark/laut/kaluza/50/sink.smt2,0,0.037770
benchmark/laut/kaluza/1198/sink.smt2,0,0.017227
benchmark/laut/kaluza/519/sink.smt2,0,0.018106
benchmark/laut/kaluza/758/sink.smt2,1,0.037781
benchmark/laut/kaluza/90/sink.smt2,1,0.019257
benchmark/laut/kaluza/312/sink.smt2,0,0.021098
benchmark/laut/kaluza/1589/sink.smt2,0,0.018117
benchmark/laut/kaluza/1785/sink.smt2,0,0.019460
benchmark/laut/kaluza/1998/sink.smt2,0,0.016498
benchmark/laut/kaluza/1396/sink.smt2,1,0.017679
benchmark/laut/kaluza/1703/sink.smt2,1,0.020207
benchmark/laut/kaluza/1522/sink.smt2,0,0.019005
benchmark/laut/kaluza/970/sink.smt2,0,0.041871
benchmark/laut/kaluza/1375/sink.smt2,1,0.033035
benchmark/laut/kaluza/1176/sink.smt2,0,0.033350
benchmark/laut/kaluza/1064/sink.smt2,1,0.033506
benchmark/laut/kaluza/171/sink.smt2,1,0.034351
benchmark/laut/kaluza/1763/sink.smt2,0,0.016951
benchmark/laut/kaluza/1083/sink.smt2,0,0.017316
benchmark/laut/kaluza/1797/sink.smt2,0,0.017451
benchmark/laut/kaluza/1078/sink.smt2,1,0.034014
benchmark/laut/kaluza/1266/sink.smt2,0,0.017296
benchmark/laut/kaluza/1790/sink.smt2,1,0.019183
benchmark/laut/kaluza/488/sink.smt2,0,0.037262
benchmark/laut/kaluza/363/sink.smt2,1,0.040746
benchmark/laut/kaluza/1839/sink.smt2,0,0.018046
benchmark/laut/kaluza/1565/sink.smt2,0,0.018517
benchmark/laut/kaluza/8/sink.smt2,1,0.018250
benchmark/laut/kaluza/1941/sink.smt2,0,0.017532
benchmark/laut/kaluza/373/sink.smt2,1,0.017951
benchmark/laut/kaluza/1970/sink.smt2,0,0.017869
benchmark/laut/kaluza/1208/sink.smt2,1,0.036901
benchmark/laut/kaluza/1487/sink.smt2,0,0.035673
benchmark/laut/kaluza/94/sink.smt2,1,0.032906
benchmark/laut/kaluza/935/sink.smt2,0,0.025881
benchmark/laut/kaluza/1193/sink.smt2,0,0.038501
benchmark/laut/kaluza/58/sink.smt2,0,0.039001
benchmark/laut/kaluza/1764/sink.smt2,0,0.035501
benchmark/laut/kaluza/1811/sink.smt2,0,0.023839
benchmark/laut/kaluza/1354/sink.smt2,0,0.020876
benchmark/laut/kaluza/1519/sink.smt2,0,0.017341
benchmark/laut/kaluza/369/sink.smt2,1,0.018343
benchmark/laut/kaluza/1592/sink.smt2,0,0.020390
benchmark/laut/kaluza/119/sink.smt2,0,0.024303
benchmark/laut/kaluza/1120/sink.smt2,0,0.038270
benchmark/laut/kaluza/1090/sink.smt2,0,0.035552
benchmark/laut/kaluza/1360/sink.smt2,1,0.020139
benchmark/laut/kaluza/1600/sink.smt2,0,0.016382
benchmark/laut/kaluza/1428/sink.smt2,1,0.019424
benchmark/laut/kaluza/402/sink.smt2,0,0.018310
benchmark/laut/kaluza/1979/sink.smt2,0,0.017733
benchmark/laut/kaluza/1110/sink.smt2,0,0.018352
benchmark/laut/kaluza/930/sink.smt2,0,0.017841
benchmark/laut/kaluza/870/sink.smt2,1,0.019421
benchmark/laut/kaluza/1554/sink.smt2,1,0.018578
benchmark/laut/kaluza/228/sink.smt2,1,0.039429
benchmark/laut/kaluza/815/sink.smt2,0,0.019249
benchmark/laut/kaluza/782/sink.smt2,1,0.017344
benchmark/laut/kaluza/1287/sink.smt2,0,0.016145
benchmark/laut/kaluza/1129/sink.smt2,1,0.039489
benchmark/laut/kaluza/678/sink.smt2,1,0.036704
benchmark/laut/kaluza/1732/sink.smt2,1,0.018497
benchmark/laut/kaluza/1524/sink.smt2,1,0.017032
benchmark/laut/kaluza/382/sink.smt2,0,0.019592
benchmark/laut/kaluza/1296/sink.smt2,0,0.044151
benchmark/laut/kaluza/471/sink.smt2,0,0.022489
benchmark/laut/kaluza/277/sink.smt2,1,0.035138
benchmark/laut/kaluza/1204/sink.smt2,1,0.034514
benchmark/laut/kaluza/1170/sink.smt2,0,0.034819
benchmark/laut/kaluza/1035/sink.smt2,1,0.035821
benchmark/laut/kaluza/1698/sink.smt2,0,0.037757
benchmark/laut/kaluza/804/sink.smt2,1,0.037448
benchmark/laut/kaluza/339/sink.smt2,0,0.035860
benchmark/laut/kaluza/972/sink.smt2,0,0.037125
benchmark/laut/kaluza/1014/sink.smt2,1,0.039487
benchmark/laut/kaluza/485/sink.smt2,1,0.021773
benchmark/laut/kaluza/1748/sink.smt2,1,0.036786
benchmark/laut/kaluza/1395/sink.smt2,1,0.033312
benchmark/laut/kaluza/1399/sink.smt2,1,0.034248
benchmark/laut/kaluza/1833/sink.smt2,0,0.016899
benchmark/laut/kaluza/1580/sink.smt2,0,0.017490
benchmark/laut/kaluza/845/sink.smt2,1,0.018328
benchmark/laut/kaluza/401/sink.smt2,0,0.017156
benchmark/laut/kaluza/14/sink.smt2,1,0.017406
benchmark/laut/kaluza/658/sink.smt2,0,0.017773
benchmark/laut/kaluza/254/sink.smt2,0,0.018103
benchmark/laut/kaluza/255/sink.smt2,1,0.032341
benchmark/laut/kaluza/1022/sink.smt2,1,0.033677
benchmark/laut/kaluza/602/sink.smt2,1,0.018228
benchmark/laut/kaluza/1990/sink.smt2,0,0.017956
benchmark/laut/kaluza/1100/sink.smt2,0,0.019588
benchmark/laut/kaluza/1192/sink.smt2,1,0.018933
benchmark/laut/kaluza/1882/sink.smt2,1,0.017871
benchmark/laut/kaluza/1948/sink.smt2,1,0.034909
benchmark/laut/kaluza/1646/sink.smt2,0,0.019631
benchmark/laut/kaluza/697/sink.smt2,0,0.016371
benchmark/laut/kaluza/927/sink.smt2,0,0.019568
benchmark/laut/kaluza/1886/sink.smt2,1,0.035121
benchmark/laut/kaluza/304/sink.smt2,1,0.018152
benchmark/laut/kaluza/1236/sink.smt2,0,0.018484
benchmark/laut/kaluza/1076/sink.smt2,0,0.018647
benchmark/laut/kaluza/1376/sink.smt2,1,0.035550
benchmark/laut/kaluza/1540/sink.smt2,0,0.018413
benchmark/laut/kaluza/440/sink.smt2,0,0.019311
benchmark/laut/kaluza/151/sink.smt2,1,0.035562
benchmark/laut/kaluza/1454/sink.smt2,0,0.019610
benchmark/laut/kaluza/342/sink.smt2,1,0.020131
benchmark/laut/kaluza/1560/sink.smt2,0,0.018351
benchmark/laut/kaluza/365/sink.smt2,1,0.018612
benchmark/laut/kaluza/1394/sink.smt2,1,0.018266
benchmark/laut/kaluza/1562/sink.smt2,0,0.021104
benchmark/laut/kaluza/101/sink.smt2,1,0.022254
benchmark/laut/kaluza/400/sink.smt2,0,0.022514
benchmark/laut/kaluza/294/sink.smt2,1,0.020480
benchmark/laut/kaluza/675/sink.smt2,0,0.021138
benchmark/laut/kaluza/1837/sink.smt2,1,0.037983
benchmark/laut/kaluza/54/sink.smt2,0,0.018199
benchmark/laut/kaluza/1840/sink.smt2,1,0.018041
benchmark/laut/kaluza/247/sink.smt2,0,0.037751
benchmark/laut/kaluza/110/sink.smt2,0,0.018768
benchmark/laut/kaluza/476/sink.smt2,1,0.033802
benchmark/laut/kaluza/45/sink.smt2,0,0.019187
benchmark/laut/kaluza/853/sink.smt2,1,0.019289
benchmark/laut/kaluza/1095/sink.smt2,1,0.016901
benchmark/laut/kaluza/1370/sink.smt2,1,0.017790
benchmark/laut/kaluza/1630/sink.smt2,1,0.019141
benchmark/laut/kaluza/1655/sink.smt2,0,0.018255
benchmark/laut/kaluza/1734/sink.smt2,0,0.017504
benchmark/laut/kaluza/521/sink.smt2,0,0.020206
benchmark/laut/kaluza/484/sink.smt2,1,0.039583
benchmark/laut/kaluza/944/sink.smt2,0,0.018762
benchmark/laut/kaluza/527/sink.smt2,0,0.034861
benchmark/laut/kaluza/902/sink.smt2,0,0.034674
benchmark/laut/kaluza/193/sink.smt2,1,0.034702
benchmark/laut/kaluza/1595/sink.smt2,0,0.034102
benchmark/laut/kaluza/291/sink.smt2,0,0.033281
benchmark/laut/kaluza/528/sink.smt2,1,0.033989
benchmark/laut/kaluza/824/sink.smt2,1,0.038588
benchmark/laut/kaluza/493/sink.smt2,0,0.020206
benchmark/laut/kaluza/1924/sink.smt2,0,0.017425
benchmark/laut/kaluza/1746/sink.smt2,0,0.033911
benchmark/laut/kaluza/1708/sink.smt2,1,0.018226
benchmark/laut/kaluza/1084/sink.smt2,0,0.016034
benchmark/laut/kaluza/1050/sink.smt2,0,0.019187
benchmark/laut/kaluza/432/sink.smt2,0,0.033962
benchmark/laut/kaluza/1692/sink.smt2,1,0.036140
benchmark/laut/kaluza/154/sink.smt2,1,0.035846
benchmark/laut/kaluza/105/sink.smt2,1,0.018296
benchmark/laut/kaluza/95/sink.smt2,1,0.035156
benchmark/laut/kaluza/1650/sink.smt2,1,0.018957
benchmark/laut/kaluza/1013/sink.smt2,0,0.018510
benchmark/laut/kaluza/1160/sink.smt2,0,0.022374
benchmark/laut/kaluza/1896/sink.smt2,1,0.035187
benchmark/laut/kaluza/1221/sink.smt2,0,0.017438
benchmark/laut/kaluza/250/sink.smt2,1,0.033899
benchmark/laut/kaluza/1405/sink.smt2,0,0.017843
benchmark/laut/kaluza/1457/sink.smt2,0,0.034263
benchmark/laut/kaluza/774/sink.smt2,0,0.026004
benchmark/laut/kaluza/1215/sink.smt2,0,0.033306
benchmark/laut/kaluza/1143/sink.smt2,0,0.019516
benchmark/laut/kaluza/104/sink.smt2,1,0.017449
benchmark/laut/kaluza/1675/sink.smt2,1,0.034257
benchmark/laut/kaluza/933/sink.smt2,0,0.035659
benchmark/laut/kaluza/303/sink.smt2,1,0.033364
benchmark/laut/kaluza/864/sink.smt2,1,0.033918
benchmark/laut/kaluza/237/sink.smt2,1,0.035551
benchmark/laut/kaluza/1412/sink.smt2,0,0.019819
benchmark/laut/kaluza/330/sink.smt2,0,0.017337
benchmark/laut/kaluza/1181/sink.smt2,0,0.018475
benchmark/laut/kaluza/1331/sink.smt2,1,0.021359
benchmark/laut/kaluza/1695/sink.smt2,1,0.033810
benchmark/laut/kaluza/1194/sink.smt2,1,0.025469
benchmark/laut/kaluza/1818/sink.smt2,1,0.033741
benchmark/laut/kaluza/450/sink.smt2,0,0.020195
benchmark/laut/kaluza/747/sink.smt2,0,0.037952
benchmark/laut/kaluza/1409/sink.smt2,1,0.038657
benchmark/laut/kaluza/138/sink.smt2,1,0.035604
benchmark/laut/kaluza/1809/sink.smt2,1,0.037067
benchmark/laut/kaluza/1987/sink.smt2,0,0.022086
benchmark/laut/kaluza/1159/sink.smt2,0,0.020426
benchmark/laut/kaluza/900/sink.smt2,0,0.036243
benchmark/laut/kaluza/534/sink.smt2,0,0.038226
benchmark/laut/kaluza/183/sink.smt2,0,0.019360
benchmark/laut/kaluza/1462/sink.smt2,0,0.019000
benchmark/laut/kaluza/1456/sink.smt2,1,0.033333
benchmark/laut/kaluza/683/sink.smt2,0,0.017849
benchmark/laut/kaluza/1681/sink.smt2,0,0.018267
benchmark/laut/kaluza/208/sink.smt2,1,0.034517
benchmark/laut/kaluza/760/sink.smt2,0,0.017848
benchmark/laut/kaluza/612/sink.smt2,0,0.017895
benchmark/laut/kaluza/753/sink.smt2,0,0.018481
benchmark/laut/kaluza/575/sink.smt2,1,0.034401
benchmark/laut/kaluza/1222/sink.smt2,1,0.022505
benchmark/laut/kaluza/1844/sink.smt2,1,0.019326
benchmark/laut/kaluza/1458/sink.smt2,0,0.035584
benchmark/laut/kaluza/1825/sink.smt2,1,0.036103
benchmark/laut/kaluza/144/sink.smt2,1,0.020710
benchmark/laut/kaluza/1760/sink.smt2,1,0.037299
benchmark/laut/kaluza/1821/sink.smt2,1,0.033833
benchmark/laut/kaluza/1214/sink.smt2,1,0.018356
benchmark/laut/kaluza/1984/sink.smt2,1,0.041548
benchmark/laut/kaluza/1537/sink.smt2,1,0.037188
benchmark/laut/kaluza/655/sink.smt2,1,0.038696
benchmark/laut/kaluza/1801/sink.smt2,0,0.036972
benchmark/laut/kaluza/961/sink.smt2,0,0.033394
benchmark/laut/kaluza/1401/sink.smt2,0,0.033645
benchmark/laut/kaluza/964/sink.smt2,1,0.019535
benchmark/laut/kaluza/1485/sink.smt2,1,0.021421
benchmark/laut/kaluza/1325/sink.smt2,0,0.035682
benchmark/laut/kaluza/453/sink.smt2,0,0.015996
benchmark/laut/kaluza/262/sink.smt2,1,0.069141
benchmark/laut/kaluza/692/sink.smt2,1,0.072934
benchmark/laut/kaluza/1985/sink.smt2,0,0.034589
benchmark/laut/kaluza/589/sink.smt2,0,0.037094
benchmark/laut/kaluza/1475/sink.smt2,0,0.034234
benchmark/laut/kaluza/187/sink.smt2,0,0.038123
benchmark/laut/kaluza/514/sink.smt2,0,0.035781
benchmark/laut/kaluza/917/sink.smt2,0,0.037186
benchmark/laut/kaluza/1977/sink.smt2,1,0.033662
benchmark/laut/kaluza/314/sink.smt2,0,0.036150
benchmark/laut/kaluza/976/sink.smt2,0,0.039275
benchmark/laut/kaluza/1756/sink.smt2,0,0.021492
benchmark/laut/kaluza/38/sink.smt2,0,0.019090
benchmark/laut/kaluza/202/sink.smt2,1,0.037533
benchmark/laut/kaluza/1342/sink.smt2,1,0.036639
benchmark/laut/kaluza/555/sink.smt2,1,0.037666
benchmark/laut/kaluza/1933/sink.smt2,0,0.021432
benchmark/laut/kaluza/1397/sink.smt2,1,0.038132
benchmark/laut/kaluza/1605/sink.smt2,0,0.040434
benchmark/laut/kaluza/889/sink.smt2,1,0.036490
benchmark/laut/kaluza/6/sink.smt2,1,0.034910
benchmark/laut/kaluza/173/sink.smt2,1,0.034187
benchmark/laut/kaluza/1880/sink.smt2,1,0.019440
benchmark/laut/kaluza/199/sink.smt2,0,0.018347
benchmark/laut/kaluza/578/sink.smt2,1,0.034487
benchmark/laut/kaluza/1743/sink.smt2,1,0.025264
benchmark/laut/kaluza/571/sink.smt2,1,0.017474
benchmark/laut/kaluza/1679/sink.smt2,1,0.017109
benchmark/laut/kaluza/124/sink.smt2,0,0.018423
benchmark/laut/kaluza/335/sink.smt2,1,0.036277
benchmark/laut/kaluza/1997/sink.smt2,0,0.037227
benchmark/laut/kaluza/778/sink.smt2,0,0.042241
benchmark/laut/kaluza/1247/sink.smt2,1,0.036266
benchmark/laut/kaluza/1587/sink.smt2,0,0.018132
benchmark/laut/kaluza/1617/sink.smt2,0,0.017809
benchmark/laut/kaluza/113/sink.smt2,1,0.025320
benchmark/laut/kaluza/270/sink.smt2,0,0.019138
benchmark/laut/kaluza/1920/sink.smt2,0,0.022806
benchmark/laut/kaluza/507/sink.smt2,0,0.017880
benchmark/laut/kaluza/393/sink.smt2,0,0.016695
benchmark/laut/kaluza/1020/sink.smt2,0,0.036204
benchmark/laut/kaluza/1322/sink.smt2,0,0.018614
benchmark/laut/kaluza/660/sink.smt2,1,0.039067
benchmark/laut/kaluza/1441/sink.smt2,1,0.036878
benchmark/laut/kaluza/1007/sink.smt2,0,0.020220
benchmark/laut/kaluza/1000/sink.smt2,0,0.018381
benchmark/laut/kaluza/1911/sink.smt2,1,0.017817
benchmark/laut/kaluza/1251/sink.smt2,1,0.017059
benchmark/laut/kaluza/1479/sink.smt2,1,0.018206
benchmark/laut/kaluza/849/sink.smt2,1,0.017822
benchmark/laut/kaluza/673/sink.smt2,1,0.021419
benchmark/laut/kaluza/306/sink.smt2,0,0.019662
benchmark/laut/kaluza/637/sink.smt2,0,0.017679
benchmark/laut/kaluza/982/sink.smt2,0,0.024734
benchmark/laut/kaluza/143/sink.smt2,1,0.017491
benchmark/laut/kaluza/1071/sink.smt2,1,0.018153
benchmark/laut/kaluza/1939/sink.smt2,0,0.019242
benchmark/laut/kaluza/321/sink.smt2,1,0.018058
benchmark/laut/kaluza/327/sink.smt2,1,0.021814
benchmark/laut/kaluza/761/sink.smt2,1,0.038060
benchmark/laut/kaluza/1723/sink.smt2,0,0.037765
benchmark/laut/kaluza/1884/sink.smt2,0,0.017304
benchmark/laut/kaluza/542/sink.smt2,0,0.017532
benchmark/laut/kaluza/903/sink.smt2,1,0.017485
benchmark/laut/kaluza/592/sink.smt2,1,0.018622
benchmark/laut/kaluza/1953/sink.smt2,0,0.016706
benchmark/laut/kaluza/1051/sink.smt2,1,0.034020
benchmark/laut/kaluza/1623/sink.smt2,0,0.036250
benchmark/laut/kaluza/248/sink.smt2,1,0.040186
benchmark/laut/kaluza/265/sink.smt2,1,0.017573
benchmark/laut/kaluza/359/sink.smt2,0,0.018264
benchmark/laut/kaluza/61/sink.smt2,0,0.018450
benchmark/laut/kaluza/821/sink.smt2,1,0.040161
benchmark/laut/kaluza/68/sink.smt2,1,0.044708
benchmark/laut/kaluza/340/sink.smt2,1,0.023269
benchmark/laut/kaluza/1744/sink.smt2,1,0.036630
benchmark/laut/kaluza/858/sink.smt2,0,0.021391
benchmark/laut/kaluza/1126/sink.smt2,1,0.036905
benchmark/laut/kaluza/468/sink.smt2,0,0.018132
benchmark/laut/kaluza/1863/sink.smt2,0,0.018327
benchmark/laut/kaluza/682/sink.smt2,0,0.036280
benchmark/laut/kaluza/1601/sink.smt2,0,0.020704
benchmark/laut/kaluza/473/sink.smt2,1,0.034506
benchmark/laut/kaluza/360/sink.smt2,1,0.018491
benchmark/laut/kaluza/1011/sink.smt2,1,0.017499
benchmark/laut/kaluza/1691/sink.smt2,0,0.037691
benchmark/laut/kaluza/155/sink.smt2,1,0.075391
benchmark/laut/kaluza/1591/sink.smt2,0,0.034113
benchmark/laut/kaluza/1680/sink.smt2,0,0.036567
benchmark/laut/kaluza/200/sink.smt2,0,0.020629
benchmark/laut/kaluza/967/sink.smt2,0,0.016398
benchmark/laut/kaluza/574/sink.smt2,1,0.033142
benchmark/laut/kaluza/741/sink.smt2,1,0.036427
benchmark/laut/kaluza/1309/sink.smt2,1,0.020349
benchmark/laut/kaluza/1365/sink.smt2,0,0.018523
benchmark/laut/kaluza/1359/sink.smt2,1,0.018601
benchmark/laut/kaluza/803/sink.smt2,0,0.017776
benchmark/laut/kaluza/1521/sink.smt2,1,0.020315
benchmark/laut/kaluza/1618/sink.smt2,0,0.038481
benchmark/laut/kaluza/1531/sink.smt2,1,0.037841
benchmark/laut/kaluza/1472/sink.smt2,0,0.036137
benchmark/laut/kaluza/1381/sink.smt2,1,0.043145
benchmark/laut/kaluza/707/sink.smt2,0,0.023771
benchmark/laut/kaluza/159/sink.smt2,0,0.035136
benchmark/laut/kaluza/908/sink.smt2,0,0.036470
benchmark/laut/kaluza/1465/sink.smt2,0,0.039118
benchmark/laut/kaluza/790/sink.smt2,0,0.039335
benchmark/laut/kaluza/1/sink.smt2,0,0.037056
benchmark/laut/kaluza/1845/sink.smt2,1,0.034889
benchmark/laut/kaluza/752/sink.smt2,1,0.018183
benchmark/laut/kaluza/1672/sink.smt2,0,0.020160
benchmark/laut/kaluza/1677/sink.smt2,0,0.018562
benchmark/laut/kaluza/376/sink.smt2,0,0.021179
benchmark/laut/kaluza/1539/sink.smt2,0,0.040129
benchmark/laut/kaluza/1857/sink.smt2,0,0.039336
benchmark/laut/kaluza/1255/sink.smt2,1,0.035975
benchmark/laut/kaluza/1286/sink.smt2,0,0.039616
benchmark/laut/kaluza/1323/sink.smt2,0,0.035438
benchmark/laut/kaluza/1338/sink.smt2,1,0.038729
benchmark/laut/kaluza/975/sink.smt2,1,0.033553
benchmark/laut/kaluza/1422/sink.smt2,0,0.017668
benchmark/laut/kaluza/1702/sink.smt2,0,0.017158
benchmark/laut/kaluza/263/sink.smt2,1,0.018376
benchmark/laut/kaluza/1851/sink.smt2,0,0.017538
benchmark/laut/kaluza/479/sink.smt2,1,0.018517
benchmark/laut/kaluza/952/sink.smt2,1,0.018967
benchmark/laut/kaluza/1596/sink.smt2,1,0.065654
benchmark/laut/kaluza/1210/sink.smt2,1,0.017783
benchmark/laut/kaluza/218/sink.smt2,1,0.021772
benchmark/laut/kaluza/158/sink.smt2,1,0.068094
benchmark/laut/kaluza/1505/sink.smt2,1,0.035993
benchmark/laut/kaluza/483/sink.smt2,0,0.016896
benchmark/laut/kaluza/1774/sink.smt2,1,0.038015
benchmark/laut/kaluza/1653/sink.smt2,0,0.019264
benchmark/laut/kaluza/746/sink.smt2,1,0.037274
benchmark/laut/kaluza/716/sink.smt2,0,0.022521
benchmark/laut/kaluza/792/sink.smt2,1,0.017941
benchmark/laut/kaluza/305/sink.smt2,1,0.019286
benchmark/laut/kaluza/1828/sink.smt2,0,0.018233
benchmark/laut/kaluza/1042/sink.smt2,0,0.018284
benchmark/laut/kaluza/1028/sink.smt2,1,0.034332
benchmark/laut/kaluza/806/sink.smt2,1,0.037113
benchmark/laut/kaluza/1927/sink.smt2,0,0.020167
benchmark/laut/kaluza/556/sink.smt2,1,0.019578
benchmark/laut/kaluza/494/sink.smt2,0,0.019558
benchmark/laut/kaluza/89/sink.smt2,1,0.017648
benchmark/laut/kaluza/222/sink.smt2,0,0.017615
benchmark/laut/kaluza/1497/sink.smt2,1,0.039365
benchmark/laut/kaluza/1943/sink.smt2,1,0.038380
benchmark/laut/kaluza/581/sink.smt2,1,0.018667
benchmark/laut/kaluza/1875/sink.smt2,1,0.015937
benchmark/laut/kaluza/72/sink.smt2,1,0.035276
benchmark/laut/kaluza/1520/sink.smt2,1,0.017458
benchmark/laut/kaluza/1001/sink.smt2,1,0.018953
benchmark/laut/kaluza/1080/sink.smt2,1,0.040847
benchmark/laut/kaluza/1930/sink.smt2,1,0.020081
benchmark/laut/kaluza/408/sink.smt2,1,0.036343
benchmark/laut/kaluza/230/sink.smt2,1,0.019056
benchmark/laut/kaluza/416/sink.smt2,0,0.018862
benchmark/laut/kaluza/297/sink.smt2,1,0.018991
benchmark/laut/kaluza/1947/sink.smt2,1,0.017482
benchmark/laut/kaluza/1858/sink.smt2,0,0.018243
benchmark/laut/kaluza/1957/sink.smt2,0,0.036047
benchmark/laut/kaluza/1242/sink.smt2,0,0.038295
benchmark/laut/kaluza/1499/sink.smt2,0,0.036059
benchmark/laut/kaluza/1942/sink.smt2,0,0.019534
benchmark/laut/kaluza/634/sink.smt2,1,0.034765
benchmark/laut/kaluza/1739/sink.smt2,1,0.035932
benchmark/laut/kaluza/1355/sink.smt2,1,0.035491
benchmark/laut/kaluza/1319/sink.smt2,1,0.048285
benchmark/laut/kaluza/1113/sink.smt2,1,0.033124
benchmark/laut/kaluza/1988/sink.smt2,1,0.033731
benchmark/laut/kaluza/309/sink.smt2,0,0.039033
benchmark/laut/kaluza/1362/sink.smt2,1,0.018153
benchmark/laut/kaluza/1356/sink.smt2,0,0.018028
benchmark/laut/kaluza/1295/sink.smt2,1,0.033917
benchmark/laut/kaluza/1364/sink.smt2,1,0.040686
benchmark/laut/kaluza/1832/sink.smt2,0,0.036136
benchmark/laut/kaluza/1033/sink.smt2,1,0.018437
benchmark/laut/kaluza/1676/sink.smt2,1,0.033313
benchmark/laut/kaluza/781/sink.smt2,0,0.019068
benchmark/laut/kaluza/396/sink.smt2,1,0.017794
benchmark/laut/kaluza/1804/sink.smt2,1,0.035641
benchmark/laut/kaluza/1976/sink.smt2,1,0.035947
benchmark/laut/kaluza/547/sink.smt2,0,0.035724
benchmark/laut/kaluza/981/sink.smt2,1,0.042376
benchmark/laut/kaluza/9/sink.smt2,1,0.034339
benchmark/laut/kaluza/1934/sink.smt2,1,0.017317
benchmark/laut/kaluza/1158/sink.smt2,0,0.018237
benchmark/laut/kaluza/676/sink.smt2,0,0.024532
benchmark/laut/kaluza/1762/sink.smt2,1,0.017727
benchmark/laut/kaluza/32/sink.smt2,0,0.023258
benchmark/laut/kaluza/1123/sink.smt2,1,0.033956
benchmark/laut/kaluza/1578/sink.smt2,1,0.038097
benchmark/laut/kaluza/1303/sink.smt2,0,0.038161
benchmark/laut/kaluza/1404/sink.smt2,1,0.040486
benchmark/laut/kaluza/63/sink.smt2,1,0.021248
benchmark/laut/kaluza/1489/sink.smt2,0,0.036233
benchmark/laut/kaluza/1403/sink.smt2,0,0.035380
benchmark/laut/kaluza/1971/sink.smt2,1,0.070773
benchmark/laut/kaluza/1037/sink.smt2,0,0.016879
benchmark/laut/kaluza/308/sink.smt2,0,0.018298
benchmark/laut/kaluza/623/sink.smt2,0,0.018480
benchmark/laut/kaluza/1010/sink.smt2,1,0.019805
benchmark/laut/kaluza/576/sink.smt2,0,0.017493
benchmark/laut/kaluza/1346/sink.smt2,0,0.016902
benchmark/laut/kaluza/1410/sink.smt2,0,0.018060
benchmark/laut/kaluza/1606/sink.smt2,0,0.017580
benchmark/laut/kaluza/70/sink.smt2,1,0.018307
benchmark/laut/kaluza/1707/sink.smt2,0,0.033209
benchmark/laut/kaluza/282/sink.smt2,1,0.035548
benchmark/laut/kaluza/1899/sink.smt2,0,0.018024
benchmark/laut/kaluza/287/sink.smt2,1,0.019143
benchmark/laut/kaluza/182/sink.smt2,1,0.017504
benchmark/laut/kaluza/1402/sink.smt2,0,0.020018
benchmark/laut/kaluza/644/sink.smt2,0,0.019801
benchmark/laut/kaluza/1249/sink.smt2,0,0.018477
benchmark/laut/kaluza/252/sink.smt2,1,0.020029
benchmark/laut/kaluza/828/sink.smt2,0,0.036676
benchmark/laut/kaluza/508/sink.smt2,0,0.038722
benchmark/laut/kaluza/1320/sink.smt2,0,0.021466
benchmark/laut/kaluza/907/sink.smt2,0,0.019356
benchmark/laut/kaluza/194/sink.smt2,1,0.037569
benchmark/laut/kaluza/1620/sink.smt2,1,0.036797
benchmark/laut/kaluza/1098/sink.smt2,0,0.035767
benchmark/laut/kaluza/19/sink.smt2,0,0.035751
benchmark/laut/kaluza/1872/sink.smt2,0,0.017183
benchmark/laut/kaluza/170/sink.smt2,1,0.016841
benchmark/laut/kaluza/1340/sink.smt2,0,0.017748
benchmark/laut/kaluza/246/sink.smt2,1,0.018292
benchmark/laut/kaluza/684/sink.smt2,1,0.033532
benchmark/laut/kaluza/1660/sink.smt2,1,0.019151
benchmark/laut/kaluza/458/sink.smt2,0,0.020458
benchmark/laut/kaluza/245/sink.smt2,1,0.017088
benchmark/laut/kaluza/435/sink.smt2,1,0.033414
benchmark/laut/kaluza/341/sink.smt2,0,0.074980
benchmark/laut/kaluza/698/sink.smt2,1,0.034013
benchmark/laut/kaluza/1177/sink.smt2,0,0.039121
benchmark/laut/kaluza/1371/sink.smt2,1,0.068017
benchmark/laut/kaluza/1673/sink.smt2,1,0.036167
benchmark/laut/kaluza/1132/sink.smt2,1,0.019828
benchmark/laut/kaluza/91/sink.smt2,1,0.034221
benchmark/laut/kaluza/1264/sink.smt2,0,0.021020
benchmark/laut/kaluza/1793/sink.smt2,0,0.018435
benchmark/laut/kaluza/1794/sink.smt2,0,0.018279
benchmark/laut/kaluza/1889/sink.smt2,0,0.038490
benchmark/laut/kaluza/1141/sink.smt2,0,0.017820
benchmark/laut/kaluza/1260/sink.smt2,0,0.047298
benchmark/laut/kaluza/1693/sink.smt2,1,0.034001
benchmark/laut/kaluza/451/sink.smt2,0,0.038131
benchmark/laut/kaluza/848/sink.smt2,1,0.034375
benchmark/laut/kaluza/749/sink.smt2,1,0.017546
benchmark/laut/kaluza/1124/sink.smt2,0,0.018859
benchmark/laut/kaluza/1536/sink.smt2,0,0.018677
benchmark/laut/kaluza/796/sink.smt2,0,0.016899
benchmark/laut/kaluza/633/sink.smt2,1,0.018363
benchmark/laut/kaluza/1563/sink.smt2,1,0.019658
benchmark/laut/kaluza/810/sink.smt2,0,0.017872
benchmark/laut/kaluza/955/sink.smt2,1,0.017559
benchmark/laut/kaluza/1153/sink.smt2,0,0.018412
benchmark/laut/kaluza/1616/sink.smt2,1,0.034653
benchmark/laut/kaluza/562/sink.smt2,1,0.017612
benchmark/laut/kaluza/530/sink.smt2,0,0.016117
benchmark/laut/kaluza/2/sink.smt2,1,0.041690
benchmark/laut/kaluza/1929/sink.smt2,0,0.035486
benchmark/laut/kaluza/593/sink.smt2,0,0.037182
benchmark/laut/kaluza/629/sink.smt2,1,0.036894
benchmark/laut/kaluza/1715/sink.smt2,1,0.033873
benchmark/laut/kaluza/885/sink.smt2,0,0.018608
benchmark/laut/kaluza/500/sink.smt2,1,0.033267
benchmark/laut/kaluza/671/sink.smt2,1,0.034195
benchmark/laut/kaluza/472/sink.smt2,1,0.036280
benchmark/laut/kaluza/1145/sink.smt2,1,0.018452
benchmark/laut/kaluza/1445/sink.smt2,1,0.018370
benchmark/laut/kaluza/44/sink.smt2,1,0.018214
benchmark/laut/kaluza/264/sink.smt2,1,0.033939
benchmark/laut/kaluza/133/sink.smt2,1,0.071661
benchmark/laut/kaluza/863/sink.smt2,1,0.033276
benchmark/laut/kaluza/984/sink.smt2,0,0.037004
benchmark/laut/kaluza/800/sink.smt2,0,0.035108
benchmark/laut/kaluza/1527/sink.smt2,1,0.017995
benchmark/laut/kaluza/1665/sink.smt2,1,0.018635
benchmark/laut/kaluza/178/sink.smt2,1,0.035069
benchmark/laut/kaluza/1108/sink.smt2,0,0.037462
benchmark/laut/kaluza/616/sink.smt2,0,0.017358
benchmark/laut/kaluza/959/sink.smt2,0,0.018721
benchmark/laut/kaluza/1400/sink.smt2,1,0.038979
benchmark/laut/kaluza/1778/sink.smt2,0,0.039000
benchmark/laut/kaluza/1569/sink.smt2,0,0.021306
benchmark/laut/kaluza/537/sink.smt2,0,0.018808
benchmark/laut/kaluza/370/sink.smt2,0,0.017744
benchmark/laut/kaluza/1842/sink.smt2,0,0.022513
benchmark/laut/kaluza/251/sink.smt2,1,0.035769
benchmark/laut/kaluza/114/sink.smt2,1,0.035622
benchmark/laut/kaluza/1413/sink.smt2,0,0.025470
benchmark/laut/kaluza/18/sink.smt2,0,0.021091
benchmark/laut/kaluza/1975/sink.smt2,0,0.020549
benchmark/laut/kaluza/55/sink.smt2,1,0.033328
benchmark/laut/kaluza/852/sink.smt2,0,0.039013
benchmark/laut/kaluza/29/sink.smt2,1,0.018181
benchmark/laut/kaluza/496/sink.smt2,0,0.021961
benchmark/laut/kaluza/1164/sink.smt2,0,0.022283
benchmark/laut/kaluza/298/sink.smt2,0,0.033803
benchmark/laut/kaluza/1645/sink.smt2,0,0.034000
benchmark/laut/kaluza/1229/sink.smt2,0,0.021058
benchmark/laut/kaluza/345/sink.smt2,1,0.018591
benchmark/laut/kaluza/319/sink.smt2,1,0.066923
benchmark/laut/kaluza/1224/sink.smt2,1,0.018290
benchmark/laut/kaluza/1687/sink.smt2,1,0.034070
benchmark/laut/kaluza/625/sink.smt2,1,0.017876
benchmark/laut/kaluza/1966/sink.smt2,0,0.020795
benchmark/laut/kaluza/536/sink.smt2,1,0.035521
benchmark/laut/kaluza/1136/sink.smt2,0,0.019260
benchmark/laut/kaluza/1146/sink.smt2,1,0.034932
benchmark/laut/kaluza/1928/sink.smt2,0,0.019578
benchmark/laut/kaluza/718/sink.smt2,0,0.017649
benchmark/laut/kaluza/793/sink.smt2,1,0.020025
benchmark/laut/kaluza/926/sink.smt2,1,0.018969
benchmark/laut/kaluza/1096/sink.smt2,0,0.042435
benchmark/laut/kaluza/236/sink.smt2,1,0.067659
benchmark/laut/kaluza/1494/sink.smt2,1,0.036885
benchmark/laut/kaluza/780/sink.smt2,0,0.019102
benchmark/laut/kaluza/1496/sink.smt2,0,0.018120
benchmark/laut/kaluza/320/sink.smt2,1,0.039710
benchmark/laut/kaluza/798/sink.smt2,0,0.019271
benchmark/laut/kaluza/946/sink.smt2,1,0.016589
benchmark/laut/kaluza/1302/sink.smt2,1,0.018379
benchmark/laut/kaluza/1085/sink.smt2,0,0.017887
benchmark/laut/kaluza/679/sink.smt2,1,0.038400
benchmark/laut/kaluza/651/sink.smt2,0,0.019337
benchmark/laut/kaluza/1874/sink.smt2,0,0.018058
benchmark/laut/kaluza/1134/sink.smt2,1,0.018330
benchmark/laut/kaluza/1662/sink.smt2,1,0.035113
benchmark/laut/kaluza/1903/sink.smt2,0,0.017368
benchmark/laut/kaluza/809/sink.smt2,1,0.033444
benchmark/laut/kaluza/290/sink.smt2,0,0.036431
benchmark/laut/kaluza/563/sink.smt2,0,0.037825
benchmark/laut/kaluza/872/sink.smt2,0,0.038771
benchmark/laut/kaluza/1357/sink.smt2,1,0.068761
benchmark/laut/kaluza/1225/sink.smt2,0,0.036913
benchmark/laut/kaluza/1384/sink.smt2,1,0.017954
benchmark/laut/kaluza/720/sink.smt2,1,0.034522
benchmark/laut/kaluza/34/sink.smt2,1,0.034096
benchmark/laut/kaluza/1904/sink.smt2,0,0.017126
benchmark/laut/kaluza/212/sink.smt2,0,0.038667
benchmark/laut/kaluza/899/sink.smt2,1,0.037931
benchmark/laut/kaluza/1599/sink.smt2,0,0.017543
benchmark/laut/kaluza/857/sink.smt2,0,0.035918
benchmark/laut/kaluza/372/sink.smt2,1,0.034246
benchmark/laut/kaluza/807/sink.smt2,0,0.039584
benchmark/laut/kaluza/1796/sink.smt2,1,0.038663
benchmark/laut/kaluza/1103/sink.smt2,0,0.022994
benchmark/laut/kaluza/203/sink.smt2,1,0.034816
benchmark/laut/kaluza/919/sink.smt2,1,0.034788
benchmark/laut/kaluza/1416/sink.smt2,1,0.018414
benchmark/laut/kaluza/1735/sink.smt2,1,0.018780
benchmark/laut/kaluza/971/sink.smt2,0,0.022699
benchmark/laut/kaluza/1806/sink.smt2,0,0.023871
benchmark/laut/kaluza/195/sink.smt2,1,0.034535
benchmark/laut/kaluza/226/sink.smt2,0,0.036580
benchmark/laut/kaluza/638/sink.smt2,0,0.037196
benchmark/laut/kaluza/1610/sink.smt2,1,0.041817
benchmark/laut/kaluza/1424/sink.smt2,1,0.036710
benchmark/laut/kaluza/988/sink.smt2,0,0.034781
benchmark/laut/kaluza/1130/sink.smt2,1,0.018828
benchmark/laut/kaluza/57/sink.smt2,0,0.017059
benchmark/laut/kaluza/1006/sink.smt2,0,0.018164
benchmark/laut/kaluza/293/sink.smt2,0,0.018307
benchmark/laut/kaluza/1377/sink.smt2,0,0.018643
benchmark/laut/kaluza/730/sink.smt2,1,0.017556
benchmark/laut/kaluza/737/sink.smt2,1,0.034035
benchmark/laut/kaluza/1787/sink.smt2,1,0.033201
benchmark/laut/kaluza/1902/sink.smt2,1,0.033659
benchmark/laut/kaluza/1258/sink.smt2,0,0.016793
benchmark/laut/kaluza/1890/sink.smt2,1,0.019250
benchmark/laut/kaluza/288/sink.smt2,0,0.018656
benchmark/laut/kaluza/938/sink.smt2,0,0.017629
benchmark/laut/kaluza/525/sink.smt2,0,0.019207
benchmark/laut/kaluza/1621/sink.smt2,0,0.037361
benchmark/laut/kaluza/1220/sink.smt2,1,0.035869
benchmark/laut/kaluza/1139/sink.smt2,0,0.038508
benchmark/laut/kaluza/1217/sink.smt2,0,0.018096
benchmark/laut/kaluza/1607/sink.smt2,0,0.017900
benchmark/laut/kaluza/350/sink.smt2,1,0.016375
benchmark/laut/kaluza/1733/sink.smt2,0,0.019979
benchmark/laut/kaluza/1754/sink.smt2,0,0.036277
benchmark/laut/kaluza/650/sink.smt2,0,0.037666
benchmark/laut/kaluza/1114/sink.smt2,1,0.038493
benchmark/laut/kaluza/1946/sink.smt2,0,0.035875
benchmark/laut/kaluza/906/sink.smt2,0,0.024647
benchmark/laut/kaluza/219/sink.smt2,1,0.034786
benchmark/laut/kaluza/1046/sink.smt2,1,0.033285
benchmark/laut/kaluza/1383/sink.smt2,1,0.018118
benchmark/laut/kaluza/618/sink.smt2,1,0.036462
benchmark/laut/kaluza/552/sink.smt2,0,0.017331
benchmark/laut/kaluza/868/sink.smt2,0,0.018886
benchmark/laut/kaluza/1463/sink.smt2,0,0.017410
benchmark/laut/kaluza/1582/sink.smt2,0,0.019106
benchmark/laut/kaluza/1019/sink.smt2,0,0.020432
benchmark/laut/kaluza/40/sink.smt2,0,0.018725
benchmark/laut/kaluza/196/sink.smt2,1,0.017346
benchmark/laut/kaluza/969/sink.smt2,1,0.038274
benchmark/laut/kaluza/869/sink.smt2,0,0.020110
benchmark/laut/kaluza/383/sink.smt2,1,0.035595
benchmark/laut/kaluza/7/sink.smt2,0,0.016716
benchmark/laut/kaluza/850/sink.smt2,0,0.017636
benchmark/laut/kaluza/296/sink.smt2,0,0.019184
benchmark/laut/kaluza/1622/sink.smt2,1,0.033816
benchmark/laut/kaluza/1119/sink.smt2,1,0.017938
benchmark/laut/kaluza/584/sink.smt2,0,0.018408
benchmark/laut/kaluza/39/sink.smt2,0,0.017146
benchmark/laut/kaluza/1468/sink.smt2,1,0.018185
benchmark/laut/kaluza/1500/sink.smt2,0,0.024655
benchmark/laut/kaluza/1753/sink.smt2,0,0.039175
benchmark/laut/kaluza/1029/sink.smt2,1,0.038238
benchmark/laut/kaluza/115/sink.smt2,1,0.036838
benchmark/laut/kaluza/1900/sink.smt2,0,0.043106
benchmark/laut/kaluza/951/sink.smt2,0,0.019149
benchmark/laut/kaluza/1321/sink.smt2,0,0.038527
benchmark/laut/kaluza/1273/sink.smt2,0,0.036744
benchmark/laut/kaluza/817/sink.smt2,0,0.039851
benchmark/laut/kaluza/518/sink.smt2,1,0.035464
benchmark/laut/kaluza/497/sink.smt2,1,0.037718
benchmark/laut/kaluza/56/sink.smt2,1,0.120279
benchmark/laut/kaluza/163/sink.smt2,1,0.037205
benchmark/laut/kaluza/712/sink.smt2,0,0.018390
benchmark/laut/kaluza/841/sink.smt2,0,0.020935
benchmark/laut/kaluza/986/sink.smt2,0,0.038308
benchmark/laut/kaluza/259/sink.smt2,1,0.035694
benchmark/laut/kaluza/239/sink.smt2,1,0.036372
benchmark/laut/kaluza/1038/sink.smt2,0,0.038793
benchmark/laut/kaluza/1418/sink.smt2,1,0.035544
benchmark/laut/kaluza/392/sink.smt2,0,0.017838
benchmark/laut/kaluza/783/sink.smt2,0,0.019816
benchmark/laut/kaluza/665/sink.smt2,1,0.019123
benchmark/laut/kaluza/1736/sink.smt2,1,0.022003
benchmark/laut/kaluza/231/sink.smt2,1,0.018153
benchmark/laut/kaluza/281/sink.smt2,0,0.017958
benchmark/laut/kaluza/1757/sink.smt2,0,0.018226
benchmark/laut/kaluza/545/sink.smt2,0,0.018124
benchmark/laut/kaluza/1183/sink.smt2,1,0.022297
benchmark/laut/kaluza/1350/sink.smt2,1,0.037697
benchmark/laut/kaluza/1482/sink.smt2,0,0.020139
benchmark/laut/kaluza/836/sink.smt2,0,0.018629
benchmark/laut/kaluza/283/sink.smt2,0,0.021208
benchmark/laut/kaluza/950/sink.smt2,0,0.017351
benchmark/laut/kaluza/1451/sink.smt2,1,0.046729
benchmark/laut/kaluza/1089/sink.smt2,0,0.037151
benchmark/laut/kaluza/1815/sink.smt2,0,0.017363
benchmark/laut/kaluza/1823/sink.smt2,0,0.036014
benchmark/laut/kaluza/1358/sink.smt2,0,0.035076
benchmark/laut/kaluza/1155/sink.smt2,1,0.035778
benchmark/laut/kaluza/1738/sink.smt2,0,0.018839
benchmark/laut/kaluza/835/sink.smt2,1,0.035371
benchmark/laut/kaluza/117/sink.smt2,0,0.034366
benchmark/laut/kaluza/1573/sink.smt2,1,0.034249
benchmark/laut/kaluza/739/sink.smt2,0,0.033411
benchmark/laut/kaluza/1352/sink.smt2,0,0.021263
benchmark/laut/kaluza/766/sink.smt2,1,0.033578
benchmark/laut/kaluza/862/sink.smt2,1,0.033513
benchmark/laut/kaluza/1648/sink.smt2,1,0.037109
benchmark/laut/kaluza/640/sink.smt2,1,0.024252
benchmark/laut/kaluza/66/sink.smt2,0,0.017640
benchmark/laut/kaluza/1374/sink.smt2,1,0.017264
benchmark/laut/kaluza/434/sink.smt2,0,0.017854
benchmark/laut/kaluza/1652/sink.smt2,1,0.035797
benchmark/laut/kaluza/1755/sink.smt2,0,0.038105
benchmark/laut/kaluza/1869/sink.smt2,0,0.036196
benchmark/laut/kaluza/106/sink.smt2,1,0.034840
benchmark/laut/kaluza/371/sink.smt2,1,0.017337
benchmark/laut/kaluza/910/sink.smt2,1,0.020248
benchmark/laut/kaluza/1639/sink.smt2,1,0.040652
benchmark/laut/kaluza/180/sink.smt2,1,0.040152
benchmark/laut/kaluza/680/sink.smt2,0,0.018470
benchmark/laut/kaluza/882/sink.smt2,0,0.016736
benchmark/laut/kaluza/256/sink.smt2,1,0.019517
benchmark/laut/kaluza/1962/sink.smt2,0,0.017396
benchmark/laut/kaluza/1907/sink.smt2,0,0.017196
benchmark/laut/kaluza/1107/sink.smt2,0,0.017278
benchmark/laut/kaluza/395/sink.smt2,0,0.018908
benchmark/laut/kaluza/1898/sink.smt2,0,0.017866
benchmark/laut/kaluza/1678/sink.smt2,1,0.033023
benchmark/laut/kaluza/1274/sink.smt2,0,0.018678
benchmark/laut/kaluza/162/sink.smt2,1,0.034274
benchmark/laut/kaluza/27/sink.smt2,0,0.032794
benchmark/laut/kaluza/891/sink.smt2,0,0.017829
benchmark/laut/kaluza/378/sink.smt2,0,0.017789
benchmark/laut/kaluza/1830/sink.smt2,1,0.034152
benchmark/laut/kaluza/1178/sink.smt2,1,0.038648
benchmark/laut/kaluza/1142/sink.smt2,1,0.034759
benchmark/laut/kaluza/1932/sink.smt2,1,0.019778
benchmark/laut/kaluza/1151/sink.smt2,1,0.034482
benchmark/laut/kaluza/1813/sink.smt2,1,0.018327
benchmark/laut/kaluza/591/sink.smt2,1,0.035983
benchmark/laut/kaluza/1922/sink.smt2,0,0.037231
benchmark/laut/kaluza/1588/sink.smt2,0,0.020543
benchmark/laut/kaluza/1074/sink.smt2,1,0.038064
benchmark/laut/kaluza/1862/sink.smt2,0,0.030146
benchmark/laut/kaluza/274/sink.smt2,1,0.033072
benchmark/laut/kaluza/1816/sink.smt2,0,0.018140
benchmark/laut/kaluza/1931/sink.smt2,1,0.040251
benchmark/laut/kaluza/1480/sink.smt2,1,0.037835
benchmark/laut/kaluza/1909/sink.smt2,0,0.041066
benchmark/laut/kaluza/1940/sink.smt2,1,0.019169
benchmark/laut/kaluza/1841/sink.smt2,0,0.017211
benchmark/laut/kaluza/649/sink.smt2,0,0.017725
benchmark/laut/kaluza/1526/sink.smt2,0,0.023716
benchmark/laut/kaluza/59/sink.smt2,0,0.018012
benchmark/laut/kaluza/875/sink.smt2,0,0.035407
benchmark/laut/kaluza/1855/sink.smt2,0,0.040111
benchmark/laut/kaluza/1805/sink.smt2,1,0.037826
benchmark/laut/kaluza/165/sink.smt2,1,0.037182
benchmark/laut/kaluza/275/sink.smt2,1,0.070486
benchmark/laut/kaluza/128/sink.smt2,1,0.037276
benchmark/laut/kaluza/217/sink.smt2,1,0.021930
benchmark/laut/kaluza/1301/sink.smt2,0,0.016511
benchmark/laut/kaluza/830/sink.smt2,0,0.034411
benchmark/laut/kaluza/157/sink.smt2,1,0.035997
benchmark/laut/kaluza/1502/sink.smt2,0,0.017535
benchmark/laut/kaluza/1233/sink.smt2,1,0.016938
benchmark/laut/kaluza/1704/sink.smt2,0,0.017844
benchmark/laut/kaluza/1328/sink.smt2,0,0.018231
benchmark/laut/kaluza/1981/sink.smt2,1,0.018383
benchmark/laut/kaluza/1104/sink.smt2,1,0.017475
benchmark/laut/kaluza/1626/sink.smt2,0,0.041515
benchmark/laut/kaluza/1614/sink.smt2,1,0.036781
benchmark/laut/kaluza/1956/sink.smt2,1,0.032303
benchmark/laut/kaluza/532/sink.smt2,0,0.019430
benchmark/laut/kaluza/1093/sink.smt2,1,0.018111
benchmark/laut/kaluza/1769/sink.smt2,1,0.019244
benchmark/laut/kaluza/76/sink.smt2,1,0.034216
benchmark/laut/kaluza/269/sink.smt2,1,0.019710
benchmark/laut/kaluza/554/sink.smt2,1,0.033758
benchmark/laut/kaluza/1344/sink.smt2,0,0.018372
benchmark/laut/kaluza/447/sink.smt2,0,0.020298
benchmark/laut/kaluza/573/sink.smt2,1,0.021641
benchmark/laut/kaluza/398/sink.smt2,0,0.019969
benchmark/laut/kaluza/329/sink.smt2,1,0.017348
benchmark/laut/kaluza/1624/sink.smt2,0,0.017276
benchmark/laut/kaluza/71/sink.smt2,1,0.035016
benchmark/laut/kaluza/1627/sink.smt2,0,0.021764
benchmark/laut/kaluza/1171/sink.smt2,1,0.026680
benchmark/laut/kaluza/1278/sink.smt2,0,0.022610
benchmark/laut/kaluza/993/sink.smt2,1,0.033855
benchmark/laut/kaluza/668/sink.smt2,1,0.021924
benchmark/laut/kaluza/827/sink.smt2,1,0.034627
benchmark/laut/kaluza/787/sink.smt2,0,0.019531
benchmark/laut/kaluza/1267/sink.smt2,1,0.039138
benchmark/laut/kaluza/1386/sink.smt2,0,0.036978
benchmark/laut/kaluza/1511/sink.smt2,1,0.038743
benchmark/laut/kaluza/608/sink.smt2,1,0.019106
benchmark/laut/kaluza/69/sink.smt2,1,0.019584
benchmark/laut/kaluza/21/sink.smt2,1,0.017757
benchmark/laut/kaluza/1721/sink.smt2,1,0.069721
benchmark/laut/kaluza/1240/sink.smt2,0,0.040687
benchmark/laut/kaluza/837/sink.smt2,0,0.036925
benchmark/laut/kaluza/366/sink.smt2,0,0.039358
benchmark/laut/kaluza/1268/sink.smt2,1,0.039700
benchmark/laut/kaluza/1510/sink.smt2,1,0.034720
benchmark/laut/kaluza/1036/sink.smt2,1,0.019823
benchmark/laut/kaluza/313/sink.smt2,1,0.034063
benchmark/laut/kaluza/978/sink.smt2,0,0.019968
benchmark/laut/kaluza/1625/sink.smt2,0,0.019081
benchmark/laut/kaluza/1945/sink.smt2,0,0.019299
benchmark/laut/kaluza/661/sink.smt2,0,0.017553
benchmark/laut/kaluza/577/sink.smt2,1,0.019660
benchmark/laut/kaluza/364/sink.smt2,1,0.017381
benchmark/laut/kaluza/599/sink.smt2,0,0.035714
benchmark/laut/kaluza/1425/sink.smt2,0,0.023736
benchmark/laut/kaluza/1138/sink.smt2,1,0.023397
benchmark/laut/kaluza/1543/sink.smt2,1,0.018377
benchmark/laut/kaluza/232/sink.smt2,1,0.033552
benchmark/laut/kaluza/1112/sink.smt2,1,0.036893
benchmark/laut/kaluza/1363/sink.smt2,1,0.038995
benchmark/laut/kaluza/201/sink.smt2,1,0.041914
benchmark/laut/kaluza/36/sink.smt2,1,0.019438
benchmark/laut/kaluza/1750/sink.smt2,1,0.038314
benchmark/laut/kaluza/1293/sink.smt2,1,0.035924
benchmark/laut/kaluza/855/sink.smt2,1,0.018355
benchmark/laut/kaluza/1330/sink.smt2,0,0.017641
benchmark/laut/kaluza/816/sink.smt2,1,0.034425
benchmark/laut/kaluza/588/sink.smt2,0,0.039180
benchmark/laut/kaluza/20/sink.smt2,0,0.020059
benchmark/laut/kaluza/413/sink.smt2,1,0.034730
benchmark/laut/kaluza/15/sink.smt2,1,0.039342
benchmark/laut/kaluza/1791/sink.smt2,1,0.017568
benchmark/laut/kaluza/120/sink.smt2,1,0.067220
benchmark/laut/kaluza/1390/sink.smt2,0,0.020299
benchmark/laut/kaluza/1495/sink.smt2,0,0.037435
benchmark/laut/kaluza/1871/sink.smt2,0,0.036509
benchmark/laut/kaluza/116/sink.smt2,1,0.118589
benchmark/laut/kaluza/240/sink.smt2,0,0.019922
benchmark/laut/kaluza/261/sink.smt2,0,0.034729
benchmark/laut/kaluza/613/sink.smt2,0,0.017550
benchmark/laut/kaluza/77/sink.smt2,1,0.018679
benchmark/laut/kaluza/1135/sink.smt2,0,0.019550
benchmark/laut/kaluza/1593/sink.smt2,0,0.019226
benchmark/laut/kaluza/403/sink.smt2,0,0.015829
benchmark/laut/kaluza/1335/sink.smt2,0,0.016508
benchmark/laut/kaluza/456/sink.smt2,0,0.019071
benchmark/laut/kaluza/361/sink.smt2,1,0.019454
benchmark/laut/kaluza/148/sink.smt2,1,0.034964
benchmark/laut/kaluza/1867/sink.smt2,0,0.018031
benchmark/laut/kaluza/347/sink.smt2,1,0.017407
benchmark/laut/kaluza/546/sink.smt2,1,0.017474
benchmark/laut/kaluza/374/sink.smt2,1,0.017964
benchmark/laut/kaluza/1231/sink.smt2,0,0.019686
benchmark/laut/kaluza/1203/sink.smt2,0,0.018124
benchmark/laut/kaluza/594/sink.smt2,1,0.033542
benchmark/laut/kaluza/865/sink.smt2,0,0.020481
benchmark/laut/kaluza/1849/sink.smt2,1,0.019061
benchmark/laut/kaluza/921/sink.smt2,0,0.017154
benchmark/laut/kaluza/1021/sink.smt2,0,0.017620
benchmark/laut/kaluza/1005/sink.smt2,0,0.017982
benchmark/laut/kaluza/1361/sink.smt2,1,0.017422
benchmark/laut/kaluza/861/sink.smt2,1,0.017243
benchmark/laut/kaluza/300/sink.smt2,1,0.019310
benchmark/laut/kaluza/1843/sink.smt2,1,0.038150
benchmark/laut/kaluza/192/sink.smt2,0,0.036918
benchmark/laut/kaluza/1893/sink.smt2,1,0.036174
benchmark/laut/kaluza/627/sink.smt2,1,0.034327
benchmark/laut/kaluza/516/sink.smt2,1,0.034294
benchmark/laut/kaluza/33/sink.smt2,1,0.069777
benchmark/laut/kaluza/1685/sink.smt2,0,0.018866
benchmark/laut/kaluza/377/sink.smt2,1,0.022691
benchmark/laut/kaluza/535/sink.smt2,0,0.017648
benchmark/laut/kaluza/1436/sink.smt2,0,0.034935
benchmark/laut/kaluza/1327/sink.smt2,0,0.036178
benchmark/laut/kaluza/166/sink.smt2,1,0.033623
benchmark/laut/kaluza/1992/sink.smt2,0,0.033831
benchmark/laut/kaluza/11/sink.smt2,0,0.018092
benchmark/laut/kaluza/1960/sink.smt2,0,0.018621
benchmark/laut/kaluza/1032/sink.smt2,0,0.017855
benchmark/laut/kaluza/626/sink.smt2,1,0.019141
benchmark/laut/kaluza/1111/sink.smt2,1,0.035371
benchmark/laut/kaluza/438/sink.smt2,0,0.019294
benchmark/laut/kaluza/391/sink.smt2,0,0.017746
benchmark/laut/kaluza/1161/sink.smt2,0,0.019458
benchmark/laut/kaluza/1387/sink.smt2,1,0.019925
benchmark/laut/kaluza/1378/sink.smt2,1,0.034392
benchmark/laut/kaluza/1311/sink.smt2,1,0.034544
benchmark/laut/kaluza/52/sink.smt2,1,0.022846
benchmark/laut/kaluza/481/sink.smt2,0,0.018840
benchmark/laut/kaluza/1275/sink.smt2,0,0.018513
benchmark/laut/kaluza/1854/sink.smt2,0,0.020070
benchmark/laut/kaluza/1068/sink.smt2,1,0.017471
benchmark/laut/kaluza/46/sink.smt2,0,0.019567
benchmark/laut/kaluza/538/sink.smt2,1,0.019319
benchmark/laut/kaluza/83/sink.smt2,1,0.017182
benchmark/laut/kaluza/431/sink.smt2,1,0.018395
benchmark/laut/kaluza/1669/sink.smt2,1,0.018834
benchmark/laut/kaluza/664/sink.smt2,0,0.018630
benchmark/laut/kaluza/221/sink.smt2,0,0.039756
benchmark/laut/kaluza/10/sink.smt2,1,0.038789
benchmark/laut/kaluza/732/sink.smt2,0,0.017783
benchmark/laut/kaluza/1280/sink.smt2,0,0.033004
benchmark/laut/kaluza/389/sink.smt2,0,0.017755
benchmark/laut/kaluza/999/sink.smt2,0,0.021048
benchmark/laut/kaluza/936/sink.smt2,0,0.038719
benchmark/laut/kaluza/1575/sink.smt2,0,0.037403
benchmark/laut/kaluza/1201/sink.smt2,1,0.038379
benchmark/laut/kaluza/145/sink.smt2,1,0.019068
benchmark/laut/kaluza/1191/sink.smt2,0,0.038886
benchmark/laut/kaluza/1175/sink.smt2,1,0.035566
benchmark/laut/kaluza/1152/sink.smt2,0,0.021771
benchmark/laut/kaluza/1348/sink.smt2,0,0.040404
benchmark/laut/kaluza/802/sink.smt2,1,0.037390
benchmark/laut/kaluza/1638/sink.smt2,0,0.070239
benchmark/laut/kaluza/654/sink.smt2,1,0.038870
benchmark/laut/kaluza/1052/sink.smt2,1,0.018763
benchmark/laut/kaluza/1720/sink.smt2,1,0.018728
benchmark/laut/kaluza/142/sink.smt2,0,0.018219
benchmark/laut/kaluza/601/sink.smt2,0,0.017608
benchmark/laut/kaluza/336/sink.smt2,1,0.033936
benchmark/laut/kaluza/1512/sink.smt2,0,0.026812
benchmark/laut/kaluza/550/sink.smt2,0,0.018165
benchmark/laut/kaluza/894/sink.smt2,0,0.017772
benchmark/laut/kaluza/1432/sink.smt2,1,0.018615
benchmark/laut/kaluza/302/sink.smt2,1,0.034070
benchmark/laut/kaluza/1282/sink.smt2,0,0.019353
benchmark/laut/kaluza/1710/sink.smt2,0,0.019613
benchmark/laut/kaluza/1086/sink.smt2,0,0.017999
benchmark/laut/kaluza/65/sink.smt2,1,0.119108
benchmark/laut/kaluza/1887/sink.smt2,0,0.038632
benchmark/laut/kaluza/813/sink.smt2,1,0.034338
benchmark/laut/kaluza/1649/sink.smt2,0,0.018021
benchmark/laut/kaluza/1024/sink.smt2,0,0.016951
benchmark/laut/kaluza/1870/sink.smt2,1,0.018286
benchmark/laut/kaluza/134/sink.smt2,0,0.034910
benchmark/laut/kaluza/805/sink.smt2,1,0.017644
benchmark/laut/kaluza/1329/sink.smt2,0,0.019192
benchmark/laut/kaluza/1963/sink.smt2,0,0.018871
benchmark/laut/kaluza/1542/sink.smt2,0,0.019333
benchmark/laut/kaluza/846/sink.smt2,0,0.020217
benchmark/laut/kaluza/1567/sink.smt2,0,0.034971
benchmark/laut/kaluza/1709/sink.smt2,0,0.040208
benchmark/laut/kaluza/533/sink.smt2,0,0.019072
benchmark/laut/kaluza/1069/sink.smt2,1,0.036588
benchmark/laut/kaluza/1751/sink.smt2,1,0.040410
benchmark/laut/kaluza/311/sink.smt2,1,0.035534
benchmark/laut/kaluza/979/sink.smt2,0,0.020990
benchmark/laut/kaluza/466/sink.smt2,0,0.018263
benchmark/laut/kaluza/1262/sink.smt2,0,0.017277
benchmark/laut/kaluza/714/sink.smt2,0,0.021838
benchmark/laut/kaluza/1256/sink.smt2,1,0.034806
benchmark/laut/kaluza/168/sink.smt2,0,0.038194
benchmark/laut/kaluza/913/sink.smt2,1,0.018226
benchmark/laut/kaluza/1058/sink.smt2,1,0.019121
benchmark/laut/kaluza/820/sink.smt2,1,0.019428
benchmark/laut/kaluza/1062/sink.smt2,1,0.037212
benchmark/laut/kaluza/1819/sink.smt2,1,0.020304
benchmark/laut/kaluza/1117/sink.smt2,0,0.023633
benchmark/laut/kaluza/1244/sink.smt2,0,0.020731
benchmark/laut/kaluza/1109/sink.smt2,1,0.019586
benchmark/laut/kaluza/1853/sink.smt2,1,0.034232
benchmark/laut/kaluza/672/sink.smt2,0,0.038420
benchmark/laut/kaluza/522/sink.smt2,1,0.036562
benchmark/laut/kaluza/1030/sink.smt2,1,0.035570
benchmark/laut/kaluza/924/sink.smt2,0,0.019482
benchmark/laut/kaluza/1137/sink.smt2,0,0.016580
benchmark/laut/kaluza/1641/sink.smt2,0,0.034852
benchmark/laut/kaluza/1568/sink.smt2,0,0.019502
benchmark/laut/kaluza/153/sink.smt2,1,0.034694
benchmark/laut/kaluza/285/sink.smt2,0,0.017988
benchmark/laut/kaluza/631/sink.smt2,1,0.018796
benchmark/laut/kaluza/62/sink.smt2,0,0.019258
benchmark/laut/kaluza/1079/sink.smt2,0,0.018770
benchmark/laut/kaluza/1185/sink.smt2,0,0.019242
benchmark/laut/kaluza/689/sink.smt2,1,0.018102
benchmark/laut/kaluza/1228/sink.smt2,1,0.020214
benchmark/laut/kaluza/1199/sink.smt2,1,0.034996
benchmark/laut/kaluza/1847/sink.smt2,1,0.070495
benchmark/laut/kaluza/1895/sink.smt2,0,0.036779
benchmark/laut/kaluza/1237/sink.smt2,0,0.017383
benchmark/laut/kaluza/461/sink.smt2,0,0.039166
benchmark/laut/kaluza/1829/sink.smt2,1,0.019838
benchmark/laut/kaluza/1147/sink.smt2,0,0.019141
benchmark/laut/kaluza/1438/sink.smt2,0,0.017748
benchmark/laut/kaluza/1651/sink.smt2,0,0.016236
benchmark/laut/kaluza/717/sink.smt2,0,0.018633
benchmark/laut/kaluza/109/sink.smt2,1,0.018652
benchmark/laut/kaluza/1304/sink.smt2,0,0.018586
benchmark/laut/kaluza/646/sink.smt2,0,0.018732
benchmark/laut/kaluza/176/sink.smt2,1,0.067192
benchmark/laut/kaluza/1398/sink.smt2,0,0.038263
benchmark/laut/kaluza/126/sink.smt2,1,0.067081
benchmark/laut/kaluza/379/sink.smt2,1,0.039949
benchmark/laut/kaluza/1674/sink.smt2,1,0.046683
benchmark/laut/kaluza/1004/sink.smt2,1,0.035863
benchmark/laut/kaluza/505/sink.smt2,1,0.034175
benchmark/laut/kaluza/1959/sink.smt2,0,0.041101
benchmark/laut/kaluza/452/sink.smt2,1,0.035985
benchmark/laut/kaluza/949/sink.smt2,0,0.037654
benchmark/laut/kaluza/1105/sink.smt2,1,0.037674
benchmark/laut/kaluza/498/sink.smt2,1,0.036715
benchmark/laut/kaluza/734/sink.smt2,1,0.035023
benchmark/laut/kaluza/1281/sink.smt2,1,0.034202
benchmark/laut/kaluza/1477/sink.smt2,0,0.016134
benchmark/laut/kaluza/1549/sink.smt2,0,0.018072
benchmark/laut/kaluza/1031/sink.smt2,0,0.019182
benchmark/laut/kaluza/1310/sink.smt2,1,0.039374
benchmark/laut/kaluza/1166/sink.smt2,0,0.033829
benchmark/laut/kaluza/1781/sink.smt2,1,0.020321
benchmark/laut/kaluza/1372/sink.smt2,0,0.036830
benchmark/laut/kaluza/1603/sink.smt2,0,0.036036
benchmark/laut/kaluza/1572/sink.smt2,1,0.017538
benchmark/laut/kaluza/98/sink.smt2,1,0.035117
benchmark/laut/kaluza/197/sink.smt2,1,0.043319
benchmark/laut/kaluza/517/sink.smt2,0,0.039220
benchmark/laut/kaluza/1226/sink.smt2,0,0.018220
benchmark/laut/kaluza/1230/sink.smt2,0,0.016319
benchmark/laut/kaluza/1435/sink.smt2,1,0.018051
benchmark/laut/kaluza/328/sink.smt2,1,0.033656
benchmark/laut/kaluza/1713/sink.smt2,1,0.038822
benchmark/laut/kaluza/1634/sink.smt2,0,0.034074
benchmark/laut/kaluza/299/sink.smt2,1,0.017369
benchmark/laut/kaluza/559/sink.smt2,0,0.017781
benchmark/laut/kaluza/322/sink.smt2,0,0.018392
benchmark/laut/kaluza/478/sink.smt2,1,0.035248
benchmark/laut/kaluza/1444/sink.smt2,1,0.040638
benchmark/laut/kaluza/107/sink.smt2,1,0.039519
benchmark/laut/kaluza/1474/sink.smt2,0,0.019261
benchmark/laut/kaluza/1722/sink.smt2,0,0.018568
benchmark/laut/kaluza/896/sink.smt2,1,0.020934
benchmark/laut/kaluza/1632/sink.smt2,0,0.034954
benchmark/laut/kaluza/1507/sink.smt2,1,0.043580
benchmark/laut/kaluza/1838/sink.smt2,0,0.038247
benchmark/laut/kaluza/1619/sink.smt2,1,0.033575
benchmark/laut/kaluza/1629/sink.smt2,0,0.021971
benchmark/laut/kaluza/1761/sink.smt2,1,0.019385
benchmark/laut/kaluza/1442/sink.smt2,0,0.020869
benchmark/laut/kaluza/1820/sink.smt2,0,0.019124
benchmark/laut/kaluza/207/sink.smt2,1,0.039207
benchmark/laut/kaluza/958/sink.smt2,1,0.034494
benchmark/laut/kaluza/1373/sink.smt2,1,0.019728
benchmark/laut/kaluza/457/sink.smt2,1,0.034976
benchmark/laut/kaluza/227/sink.smt2,1,0.041553
benchmark/laut/kaluza/1053/sink.smt2,0,0.036770
benchmark/laut/kaluza/1581/sink.smt2,0,0.035857
benchmark/laut/kaluza/1467/sink.smt2,0,0.023659
benchmark/laut/kaluza/1169/sink.smt2,1,0.017789
benchmark/laut/kaluza/701/sink.smt2,1,0.033842
benchmark/laut/kaluza/998/sink.smt2,1,0.039871
benchmark/laut/kaluza/394/sink.smt2,0,0.017650
benchmark/laut/kaluza/973/sink.smt2,0,0.035716
benchmark/laut/kaluza/898/sink.smt2,1,0.039464
benchmark/laut/kaluza/659/sink.smt2,0,0.018914
benchmark/laut/kaluza/1283/sink.smt2,1,0.035140
benchmark/laut/kaluza/422/sink.smt2,1,0.032759
benchmark/laut/kaluza/1094/sink.smt2,1,0.034892
benchmark/laut/kaluza/445/sink.smt2,1,0.034795
benchmark/laut/kaluza/1431/sink.smt2,0,0.021106
benchmark/laut/kaluza/1343/sink.smt2,0,0.027816
benchmark/laut/kaluza/430/sink.smt2,0,0.033901
benchmark/laut/kaluza/693/sink.smt2,0,0.033482
benchmark/laut/kaluza/333/sink.smt2,1,0.038549
benchmark/laut/kaluza/1414/sink.smt2,0,0.036519
benchmark/laut/kaluza/1285/sink.smt2,1,0.042175
benchmark/laut/kaluza/888/sink.smt2,1,0.039359
benchmark/laut/kaluza/688/sink.smt2,1,0.019703
benchmark/laut/kaluza/879/sink.smt2,1,0.033598
benchmark/laut/kaluza/486/sink.smt2,1,0.036479
benchmark/laut/kaluza/710/sink.smt2,0,0.018033
benchmark/laut/kaluza/1530/sink.smt2,1,0.020492
benchmark/laut/kaluza/1148/sink.smt2,0,0.036384
benchmark/laut/kaluza/1711/sink.smt2,0,0.040110
benchmark/laut/kaluza/954/sink.smt2,0,0.023811
benchmark/laut/kaluza/892/sink.smt2,0,0.016491
benchmark/laut/kaluza/901/sink.smt2,0,0.016428
benchmark/laut/kaluza/1133/sink.smt2,1,0.038345
benchmark/laut/kaluza/754/sink.smt2,0,0.033879
benchmark/laut/kaluza/1212/sink.smt2,1,0.035028
benchmark/laut/kaluza/224/sink.smt2,1,0.033517
benchmark/laut/kaluza/1901/sink.smt2,1,0.033112
benchmark/laut/kaluza/1207/sink.smt2,1,0.018511
benchmark/laut/kaluza/1952/sink.smt2,0,0.018699
benchmark/laut/kaluza/905/sink.smt2,0,0.022313
benchmark/laut/kaluza/1523/sink.smt2,1,0.035592
benchmark/laut/kaluza/337/sink.smt2,0,0.022074
benchmark/laut/kaluza/860/sink.smt2,1,0.017939
benchmark/laut/kaluza/539/sink.smt2,1,0.034863
benchmark/laut/kaluza/1218/sink.smt2,1,0.033906
benchmark/laut/kaluza/1392/sink.smt2,1,0.038289
benchmark/laut/kaluza/417/sink.smt2,1,0.033983
benchmark/laut/kaluza/424/sink.smt2,0,0.023988
benchmark/laut/kaluza/915/sink.smt2,0,0.037529
benchmark/laut/kaluza/1324/sink.smt2,1,0.037673
benchmark/laut/kaluza/286/sink.smt2,0,0.018075
benchmark/laut/kaluza/635/sink.smt2,0,0.039420
benchmark/laut/kaluza/268/sink.smt2,1,0.036640
benchmark/laut/kaluza/1254/sink.smt2,1,0.024141
benchmark/laut/kaluza/1585/sink.smt2,1,0.050165
benchmark/laut/kaluza/662/sink.smt2,1,0.038541
benchmark/laut/kaluza/1025/sink.smt2,1,0.037729
benchmark/laut/kaluza/983/sink.smt2,0,0.017597
benchmark/laut/kaluza/175/sink.smt2,0,0.018461
benchmark/laut/kaluza/353/sink.smt2,1,0.018082
benchmark/laut/kaluza/1509/sink.smt2,0,0.018268
benchmark/laut/kaluza/1550/sink.smt2,1,0.018361
benchmark/laut/kaluza/1740/sink.smt2,1,0.019978
benchmark/laut/kaluza/1574/sink.smt2,1,0.036971
benchmark/laut/kaluza/1182/sink.smt2,0,0.037909
benchmark/laut/kaluza/1407/sink.smt2,1,0.019449
benchmark/laut/kaluza/1983/sink.smt2,0,0.018219
benchmark/laut/kaluza/1498/sink.smt2,0,0.035759
benchmark/laut/kaluza/352/sink.smt2,0,0.037086
benchmark/laut/kaluza/1644/sink.smt2,0,0.017613
benchmark/laut/kaluza/17/sink.smt2,1,0.019283
benchmark/laut/kaluza/22/sink.smt2,1,0.017422
benchmark/laut/kaluza/1597/sink.smt2,0,0.016974
benchmark/laut/kaluza/1727/sink.smt2,1,0.037369
benchmark/laut/kaluza/775/sink.smt2,1,0.034225
benchmark/laut/kaluza/99/sink.smt2,1,0.037817
benchmark/laut/kaluza/1991/sink.smt2,0,0.036900
benchmark/laut/kaluza/1878/sink.smt2,0,0.042865
benchmark/laut/kaluza/726/sink.smt2,1,0.035482
benchmark/laut/kaluza/1106/sink.smt2,1,0.037638
benchmark/laut/kaluza/1951/sink.smt2,1,0.034097
benchmark/laut/kaluza/25/sink.smt2,1,0.034954
benchmark/laut/kaluza/1434/sink.smt2,1,0.033404
benchmark/laut/kaluza/75/sink.smt2,1,0.033923
benchmark/laut/kaluza/1252/sink.smt2,0,0.018598
benchmark/laut/kaluza/1332/sink.smt2,1,0.033679
benchmark/laut/kaluza/1219/sink.smt2,1,0.019837
benchmark/laut/kaluza/1822/sink.smt2,1,0.021491
benchmark/laut/kaluza/1654/sink.smt2,1,0.019044
benchmark/laut/kaluza/1466/sink.smt2,1,0.017070
benchmark/laut/kaluza/639/sink.smt2,1,0.020196
benchmark/laut/kaluza/1172/sink.smt2,0,0.018657
benchmark/laut/kaluza/1788/sink.smt2,0,0.018864
benchmark/laut/kaluza/1916/sink.smt2,1,0.018140
benchmark/laut/kaluza/41/sink.smt2,0,0.037043
benchmark/laut/kaluza/243/sink.smt2,1,0.035392
benchmark/laut/kaluza/604/sink.smt2,0,0.034997
benchmark/laut/kaluza/1081/sink.smt2,0,0.018304
benchmark/laut/kaluza/715/sink.smt2,0,0.021554
benchmark/laut/kaluza/784/sink.smt2,0,0.020833
benchmark/laut/kaluza/1719/sink.smt2,0,0.019269
benchmark/laut/kaluza/1666/sink.smt2,1,0.020350
benchmark/laut/kaluza/1047/sink.smt2,0,0.022874
benchmark/laut/kaluza/1415/sink.smt2,0,0.019240
benchmark/laut/kaluza/1780/sink.smt2,1,0.040107
benchmark/laut/kaluza/428/sink.smt2,0,0.036011
benchmark/laut/kaluza/1066/sink.smt2,0,0.035550
benchmark/laut/kaluza/1768/sink.smt2,0,0.018049
benchmark/laut/kaluza/736/sink.smt2,1,0.017800
benchmark/laut/kaluza/1269/sink.smt2,0,0.020204
benchmark/laut/kaluza/421/sink.smt2,0,0.016961
benchmark/laut/kaluza/1555/sink.smt2,1,0.019109
benchmark/laut/kaluza/1433/sink.smt2,0,0.017545
benchmark/laut/kaluza/1877/sink.smt2,1,0.042181
benchmark/laut/kaluza/397/sink.smt2,0,0.018678
benchmark/laut/kaluza/725/sink.smt2,1,0.016124
benchmark/laut/kaluza/524/sink.smt2,0,0.032955
benchmark/laut/kaluza/73/sink.smt2,1,0.038654
benchmark/laut/kaluza/1092/sink.smt2,0,0.041273
benchmark/laut/kaluza/100/sink.smt2,1,0.033485
benchmark/laut/kaluza/96/sink.smt2,0,0.036347
benchmark/laut/kaluza/141/sink.smt2,1,0.017421
benchmark/laut/kaluza/890/sink.smt2,0,0.018515
benchmark/laut/kaluza/1881/sink.smt2,0,0.038363
benchmark/laut/kaluza/324/sink.smt2,1,0.034506
benchmark/laut/kaluza/834/sink.smt2,0,0.018529
benchmark/laut/kaluza/595/sink.smt2,0,0.018076
benchmark/laut/kaluza/317/sink.smt2,1,0.034927
benchmark/laut/kaluza/1529/sink.smt2,0,0.019335
benchmark/laut/kaluza/1944/sink.smt2,1,0.018247
benchmark/laut/kaluza/652/sink.smt2,0,0.018146
benchmark/laut/kaluza/1292/sink.smt2,1,0.020261
benchmark/laut/kaluza/1501/sink.smt2,0,0.017141
benchmark/laut/kaluza/557/sink.smt2,0,0.018977
benchmark/laut/kaluza/893/sink.smt2,0,0.034198
benchmark/laut/kaluza/570/sink.smt2,0,0.033547
benchmark/laut/kaluza/1206/sink.smt2,0,0.019445
benchmark/laut/kaluza/1290/sink.smt2,0,0.018308
benchmark/laut/kaluza/130/sink.smt2,1,0.019078
benchmark/laut/kaluza/1659/sink.smt2,1,0.018035
benchmark/laut/kaluza/210/sink.smt2,1,0.019180
benchmark/laut/kaluza/1706/sink.smt2,1,0.018950
benchmark/laut/kaluza/1379/sink.smt2,1,0.019621
benchmark/laut/kaluza/1009/sink.smt2,1,0.020857
benchmark/laut/kaluza/1235/sink.smt2,1,0.032886
benchmark/laut/kaluza/1317/sink.smt2,1,0.037279
benchmark/laut/kaluza/443/sink.smt2,1,0.020337
benchmark/laut/kaluza/1949/sink.smt2,0,0.019626
benchmark/laut/kaluza/1656/sink.smt2,0,0.020113
benchmark/laut/kaluza/992/sink.smt2,1,0.037093
benchmark/laut/kaluza/932/sink.smt2,0,0.037382
benchmark/laut/kaluza/1246/sink.smt2,1,0.035395
benchmark/laut/kaluza/1615/sink.smt2,0,0.018815
benchmark/laut/kaluza/385/sink.smt2,0,0.017290
benchmark/laut/kaluza/1440/sink.smt2,0,0.018236
benchmark/laut/kaluza/1812/sink.smt2,1,0.032830
benchmark/laut/kaluza/1730/sink.smt2,1,0.035710
benchmark/laut/kaluza/840/sink.smt2,1,0.036785
benchmark/laut/kaluza/367/sink.smt2,0,0.046986
benchmark/laut/kaluza/35/sink.smt2,1,0.033165
benchmark/laut/kaluza/1635/sink.smt2,1,0.033391
benchmark/laut/kaluza/1257/sink.smt2,1,0.019863
benchmark/laut/kaluza/31/sink.smt2,1,0.018765
benchmark/laut/kaluza/437/sink.smt2,1,0.019165
benchmark/laut/kaluza/48/sink.smt2,1,0.033336
benchmark/laut/kaluza/1385/sink.smt2,0,0.034834
benchmark/laut/kaluza/1826/sink.smt2,1,0.034144
benchmark/laut/kaluza/991/sink.smt2,1,0.037259
benchmark/laut/kaluza/1337/sink.smt2,0,0.035366
benchmark/laut/kaluza/1954/sink.smt2,1,0.037125
benchmark/laut/kaluza/1697/sink.smt2,0,0.038118
benchmark/laut/kaluza/229/sink.smt2,0,0.018763
benchmark/laut/kaluza/1515/sink.smt2,0,0.018742
benchmark/laut/kaluza/272/sink.smt2,1,0.017548
benchmark/laut/kaluza/704/sink.smt2,0,0.018012
benchmark/laut/kaluza/241/sink.smt2,1,0.018341
benchmark/laut/kaluza/1336/sink.smt2,0,0.035714
benchmark/laut/kaluza/1525/sink.smt2,0,0.033550
benchmark/laut/kaluza/423/sink.smt2,0,0.034594
benchmark/laut/kaluza/1994/sink.smt2,1,0.018452
benchmark/laut/kaluza/819/sink.smt2,1,0.034447
benchmark/laut/kaluza/346/sink.smt2,0,0.017918
benchmark/laut/kaluza/789/sink.smt2,0,0.017710
benchmark/laut/kaluza/1459/sink.smt2,0,0.021044
benchmark/laut/kaluza/801/sink.smt2,1,0.041888
benchmark/laut/kaluza/1532/sink.smt2,1,0.017959
benchmark/laut/kaluza/895/sink.smt2,1,0.022208
benchmark/laut/kaluza/111/sink.smt2,1,0.022088
benchmark/laut/kaluza/997/sink.smt2,1,0.044500
benchmark/laut/kaluza/1717/sink.smt2,1,0.018636
benchmark/laut/kaluza/731/sink.smt2,1,0.117748
benchmark/laut/kaluza/1783/sink.smt2,1,0.040004
benchmark/laut/kaluza/74/sink.smt2,1,0.120849
benchmark/laut/kaluza/1873/sink.smt2,0,0.018877
benchmark/laut/kaluza/234/sink.smt2,1,0.070115
benchmark/laut/kaluza/1197/sink.smt2,1,0.017073
benchmark/laut/kaluza/161/sink.smt2,1,0.033095
benchmark/laut/kaluza/1561/sink.smt2,1,0.019189
benchmark/laut/kaluza/1087/sink.smt2,1,0.034656
benchmark/laut/kaluza/799/sink.smt2,1,0.040699
benchmark/laut/kaluza/279/sink.smt2,1,0.038958
benchmark/laut/kaluza/990/sink.smt2,0,0.035357
benchmark/laut/kaluza/249/sink.smt2,0,0.021314
benchmark/laut/kaluza/215/sink.smt2,1,0.022994
benchmark/laut/kaluza/743/sink.smt2,0,0.018720
benchmark/laut/kaluza/677/sink.smt2,1,0.033524
benchmark/laut/kaluza/469/sink.smt2,1,0.036971
benchmark/laut/kaluza/459/sink.smt2,0,0.019445
benchmark/laut/kaluza/225/sink.smt2,0,0.018474
benchmark/laut/kaluza/686/sink.smt2,1,0.033868
benchmark/laut/kaluza/597/sink.smt2,0,0.016560
benchmark/laut/kaluza/1265/sink.smt2,0,0.017949
benchmark/laut/kaluza/97/sink.smt2,0,0.035365
benchmark/laut/kaluza/23/sink.smt2,1,0.034145
benchmark/laut/kaluza/1891/sink.smt2,0,0.017883
benchmark/laut/kaluza/696/sink.smt2,1,0.035519
benchmark/laut/kaluza/384/sink.smt2,0,0.035515
benchmark/laut/kaluza/292/sink.smt2,0,0.021025
benchmark/laut/kaluza/355/sink.smt2,1,0.017830
benchmark/laut/kaluza/1852/sink.smt2,0,0.018566
benchmark/laut/kaluza/1150/sink.smt2,1,0.037928
benchmark/laut/kaluza/1288/sink.smt2,1,0.044213
benchmark/laut/kaluza/1294/sink.smt2,1,0.020385
benchmark/laut/kaluza/617/sink.smt2,0,0.018565
benchmark/laut/kaluza/357/sink.smt2,0,0.035920
benchmark/laut/kaluza/190/sink.smt2,0,0.034314
benchmark/laut/kaluza/47/sink.smt2,0,0.039163
benchmark/laut/kaluza/387/sink.smt2,0,0.037376
benchmark/laut/kaluza/1043/sink.smt2,1,0.018315
benchmark/laut/kaluza/842/sink.smt2,1,0.035901
benchmark/laut/kaluza/502/sink.smt2,0,0.018838
benchmark/laut/kaluza/1388/sink.smt2,0,0.018361
benchmark/laut/kaluza/258/sink.smt2,1,0.037264
benchmark/laut/kaluza/1253/sink.smt2,0,0.020745
benchmark/laut/kaluza/656/sink.smt2,0,0.017608
benchmark/laut/kaluza/1831/sink.smt2,1,0.033456
benchmark/laut/kaluza/937/sink.smt2,0,0.034580
benchmark/laut/kaluza/289/sink.smt2,1,0.033015
benchmark/laut/kaluza/1671/sink.smt2,0,0.017361
benchmark/laut/kaluza/1016/sink.smt2,0,0.017774
benchmark/laut/kaluza/1885/sink.smt2,1,0.018161
benchmark/laut/kaluza/1506/sink.smt2,1,0.019288
benchmark/laut/kaluza/1250/sink.smt2,1,0.018565
benchmark/laut/kaluza/844/sink.smt2,0,0.016325
benchmark/laut/kaluza/1503/sink.smt2,1,0.020261
benchmark/laut/kaluza/1213/sink.smt2,1,0.034669
benchmark/laut/kaluza/1102/sink.smt2,1,0.017595
benchmark/laut/kaluza/509/sink.smt2,1,0.033619
benchmark/laut/kaluza/1368/sink.smt2,0,0.034710
benchmark/laut/kaluza/441/sink.smt2,0,0.037575
benchmark/laut/kaluza/877/sink.smt2,1,0.021709
benchmark/laut/kaluza/977/sink.smt2,0,0.018692
benchmark/laut/kaluza/695/sink.smt2,1,0.019031
benchmark/laut/kaluza/699/sink.smt2,0,0.021087
benchmark/laut/kaluza/1776/sink.smt2,0,0.019831
benchmark/laut/kaluza/666/sink.smt2,1,0.018715
benchmark/laut/kaluza/648/sink.smt2,1,0.033165
benchmark/laut/kaluza/1775/sink.smt2,0,0.019248
benchmark/laut/kaluza/1541/sink.smt2,1,0.018856
benchmark/laut/kaluza/566/sink.smt2,0,0.017452
benchmark/laut/kaluza/1470/sink.smt2,1,0.018130
benchmark/laut/kaluza/943/sink.smt2,0,0.021552
benchmark/laut/kaluza/1866/sink.smt2,0,0.019680
benchmark/laut/kaluza/1393/sink.smt2,0,0.020345
benchmark/laut/kaluza/769/sink.smt2,1,0.019378
benchmark/laut/kaluza/1865/sink.smt2,0,0.018142
benchmark/laut/kaluza/1964/sink.smt2,1,0.016587
benchmark/laut/kaluza/310/sink.smt2,1,0.019123
benchmark/laut/kaluza/1493/sink.smt2,0,0.017282
benchmark/laut/kaluza/181/sink.smt2,1,0.018556
benchmark/laut/kaluza/172/sink.smt2,1,0.039496
benchmark/laut/kaluza/412/sink.smt2,1,0.023462
benchmark/laut/kaluza/1658/sink.smt2,1,0.019853
benchmark/laut/kaluza/368/sink.smt2,1,0.019491
benchmark/laut/kaluza/558/sink.smt2,0,0.017299
benchmark/laut/kaluza/786/sink.smt2,1,0.036926
benchmark/laut/kaluza/146/sink.smt2,1,0.018229
benchmark/laut/kaluza/1429/sink.smt2,0,0.017841
benchmark/laut/kaluza/1023/sink.smt2,0,0.017589
benchmark/laut/kaluza/1827/sink.smt2,0,0.016332
benchmark/laut/kaluza/1571/sink.smt2,1,0.042721
benchmark/laut/kaluza/1598/sink.smt2,0,0.019663
benchmark/laut/kaluza/934/sink.smt2,0,0.017507
benchmark/laut/kaluza/690/sink.smt2,1,0.020252
benchmark/laut/kaluza/475/sink.smt2,0,0.018077
benchmark/laut/kaluza/1712/sink.smt2,0,0.021006
benchmark/laut/kaluza/307/sink.smt2,1,0.033781
benchmark/laut/kaluza/436/sink.smt2,1,0.041518
benchmark/laut/kaluza/1492/sink.smt2,1,0.020148
benchmark/laut/kaluza/1773/sink.smt2,0,0.019548
benchmark/laut/kaluza/687/sink.smt2,1,0.034131
benchmark/laut/kaluza/1196/sink.smt2,0,0.016193
benchmark/laut/kaluza/748/sink.smt2,1,0.035537
benchmark/laut/kaluza/1481/sink.smt2,1,0.019070
benchmark/laut/kaluza/1003/sink.smt2,0,0.017489
benchmark/laut/kaluza/1661/sink.smt2,1,0.018870
benchmark/laut/kaluza/727/sink.smt2,0,0.017197
benchmark/laut/kaluza/51/sink.smt2,0,0.018683
benchmark/laut/kaluza/1888/sink.smt2,1,0.018508
benchmark/laut/kaluza/904/sink.smt2,1,0.017441
benchmark/laut/kaluza/1299/sink.smt2,1,0.036485
benchmark/laut/kaluza/1075/sink.smt2,0,0.034488
benchmark/laut/kaluza/301/sink.smt2,0,0.035449
benchmark/laut/kaluza/465/sink.smt2,1,0.035657
benchmark/laut/kaluza/825/sink.smt2,0,0.037978
benchmark/laut/kaluza/624/sink.smt2,0,0.016691
benchmark/laut/kaluza/1045/sink.smt2,0,0.019434
benchmark/laut/kaluza/808/sink.smt2,0,0.016318
benchmark/laut/kaluza/1128/sink.smt2,0,0.017292
benchmark/laut/kaluza/185/sink.smt2,0,0.017048
benchmark/laut/kaluza/1558/sink.smt2,1,0.018544
benchmark/laut/kaluza/740/sink.smt2,0,0.018000
benchmark/laut/kaluza/587/sink.smt2,1,0.034443
benchmark/laut/kaluza/156/sink.smt2,1,0.034789
benchmark/laut/kaluza/1968/sink.smt2,0,0.017632
benchmark/laut/kaluza/1115/sink.smt2,0,0.017740
benchmark/laut/kaluza/1305/sink.smt2,0,0.022560
benchmark/laut/kaluza/771/sink.smt2,1,0.015801
benchmark/laut/kaluza/1737/sink.smt2,0,0.018139
benchmark/laut/kaluza/1908/sink.smt2,1,0.037345
benchmark/laut/kaluza/953/sink.smt2,0,0.039972
benchmark/laut/kaluza/323/sink.smt2,1,0.034796
benchmark/laut/kaluza/1041/sink.smt2,1,0.037820
benchmark/laut/kaluza/93/sink.smt2,1,0.036225
benchmark/laut/kaluza/1758/sink.smt2,1,0.017910
benchmark/laut/kaluza/1925/sink.smt2,0,0.040785
benchmark/laut/kaluza/831/sink.smt2,1,0.038546
benchmark/laut/kaluza/386/sink.smt2,1,0.036363
benchmark/laut/kaluza/1417/sink.smt2,0,0.018782
benchmark/laut/kaluza/1271/sink.smt2,0,0.018499
benchmark/laut/kaluza/1544/sink.smt2,0,0.017766
benchmark/laut/kaluza/1439/sink.smt2,1,0.116082
benchmark/laut/kaluza/1631/sink.smt2,1,0.032684
benchmark/laut/kaluza/711/sink.smt2,0,0.017106
benchmark/laut/kaluza/1101/sink.smt2,0,0.016389
benchmark/laut/kaluza/1173/sink.smt2,0,0.018317
benchmark/laut/kaluza/1604/sink.smt2,0,0.019680
benchmark/laut/kaluza/663/sink.smt2,0,0.017658
benchmark/laut/kaluza/1216/sink.smt2,0,0.017600
benchmark/laut/kaluza/567/sink.smt2,1,0.036180
benchmark/laut/kaluza/1055/sink.smt2,1,0.036005
benchmark/laut/kaluza/1179/sink.smt2,1,0.019224
benchmark/laut/kaluza/1576/sink.smt2,1,0.018448
benchmark/laut/kaluza/942/sink.smt2,0,0.017916
benchmark/laut/kaluza/1097/sink.smt2,0,0.018180
benchmark/laut/kaluza/520/sink.smt2,1,0.033349
benchmark/laut/kaluza/429/sink.smt2,0,0.017446
benchmark/laut/kaluza/878/sink.smt2,0,0.017593
benchmark/laut/kaluza/1195/sink.smt2,1,0.018205
benchmark/laut/kaluza/87/sink.smt2,1,0.034775
benchmark/laut/kaluza/709/sink.smt2,0,0.036510
benchmark/laut/kaluza/874/sink.smt2,0,0.049749
benchmark/laut/kaluza/785/sink.smt2,1,0.037584
benchmark/laut/kaluza/606/sink.smt2,0,0.039066
benchmark/laut/kaluza/88/sink.smt2,1,0.043222
benchmark/laut/kaluza/1647/sink.smt2,0,0.036177
benchmark/laut/kaluza/266/sink.smt2,1,0.040272
benchmark/laut/kaluza/1807/sink.smt2,1,0.043597
benchmark/laut/kaluza/1453/sink.smt2,0,0.019559
benchmark/laut/kaluza/1989/sink.smt2,1,0.017858
benchmark/laut/kaluza/965/sink.smt2,0,0.018320
benchmark/laut/kaluza/1140/sink.smt2,1,0.036691
benchmark/laut/kaluza/2000/sink.smt2,1,0.018389
benchmark/laut/kaluza/1552/sink.smt2,1,0.018714
benchmark/laut/kaluza/1795/sink.smt2,1,0.034077
benchmark/laut/kaluza/1937/sink.smt2,1,0.021011
benchmark/laut/kaluza/1612/sink.smt2,0,0.016735
benchmark/laut/kaluza/543/sink.smt2,0,0.021167
benchmark/laut/kaluza/470/sink.smt2,1,0.017862
benchmark/laut/kaluza/1747/sink.smt2,0,0.018346
benchmark/laut/kaluza/579/sink.smt2,0,0.020122
benchmark/laut/kaluza/1099/sink.smt2,1,0.038907
benchmark/laut/kaluza/1996/sink.smt2,0,0.035621
benchmark/laut/kaluza/1915/sink.smt2,1,0.038476
benchmark/laut/kaluza/996/sink.smt2,1,0.035299
benchmark/laut/kaluza/454/sink.smt2,1,0.035096
benchmark/laut/kaluza/214/sink.smt2,1,0.036430
benchmark/laut/kaluza/529/sink.smt2,0,0.017889
benchmark/laut/kaluza/738/sink.smt2,1,0.034280
benchmark/laut/kaluza/580/sink.smt2,0,0.019042
benchmark/laut/kaluza/947/sink.smt2,1,0.020388
benchmark/laut/kaluza/1533/sink.smt2,0,0.020428
benchmark/laut/kaluza/1906/sink.smt2,0,0.020596
benchmark/laut/kaluza/751/sink.smt2,0,0.018181
benchmark/laut/kaluza/1223/sink.smt2,0,0.019864
benchmark/laut/kaluza/1551/sink.smt2,1,0.036299
benchmark/laut/kaluza/204/sink.smt2,1,0.067225
benchmark/laut/kaluza/723/sink.smt2,1,0.033971
benchmark/laut/kaluza/325/sink.smt2,1,0.033864
benchmark/laut/kaluza/1546/sink.smt2,0,0.035143
benchmark/laut/kaluza/773/sink.smt2,0,0.034325
benchmark/laut/kaluza/1149/sink.smt2,0,0.021256
benchmark/laut/kaluza/152/sink.smt2,1,0.034670
benchmark/laut/kaluza/1955/sink.smt2,1,0.037054
benchmark/laut/kaluza/596/sink.smt2,0,0.017485
benchmark/laut/kaluza/615/sink.smt2,1,0.017338
benchmark/laut/kaluza/1517/sink.smt2,0,0.016705
benchmark/laut/kaluza/150/sink.smt2,1,0.019626
benchmark/laut/kaluza/136/sink.smt2,0,0.017274
benchmark/laut/kaluza/1798/sink.smt2,1,0.017588
benchmark/laut/kaluza/791/sink.smt2,0,0.020919
benchmark/laut/kaluza/1316/sink.smt2,1,0.018051
benchmark/laut/kaluza/1116/sink.smt2,1,0.036539
benchmark/laut/kaluza/1545/sink.smt2,0,0.033378
benchmark/laut/kaluza/694/sink.smt2,1,0.039378
benchmark/laut/kaluza/928/sink.smt2,0,0.036886
benchmark/laut/kaluza/78/sink.smt2,1,0.017453
benchmark/laut/kaluza/843/sink.smt2,0,0.017950
benchmark/laut/kaluza/1411/sink.smt2,1,0.035755
benchmark/laut/kaluza/1473/sink.smt2,0,0.019297
benchmark/laut/kaluza/1504/sink.smt2,1,0.019204
benchmark/laut/kaluza/188/sink.smt2,0,0.017984
benchmark/laut/kaluza/444/sink.smt2,0,0.018416
benchmark/laut/kaluza/1688/sink.smt2,1,0.034216
benchmark/laut/kaluza/501/sink.smt2,1,0.018179
benchmark/laut/kaluza/513/sink.smt2,1,0.018411
benchmark/laut/kaluza/1131/sink.smt2,1,0.032709
benchmark/laut/kaluza/621/sink.smt2,0,0.037611
benchmark/laut/kaluza/1583/sink.smt2,0,0.035647
benchmark/laut/kaluza/645/sink.smt2,1,0.033332
benchmark/laut/kaluza/1777/sink.smt2,1,0.033195
benchmark/laut/kaluza/1313/sink.smt2,0,0.038639
benchmark/laut/kaluza/948/sink.smt2,1,0.035124
benchmark/laut/kaluza/189/sink.smt2,1,0.066634
benchmark/laut/kaluza/724/sink.smt2,0,0.017241
benchmark/laut/kaluza/1741/sink.smt2,0,0.018267
benchmark/laut/kaluza/643/sink.smt2,0,0.019279
benchmark/laut/kaluza/79/sink.smt2,1,0.020106
benchmark/laut/kaluza/358/sink.smt2,0,0.020708
benchmark/laut/kaluza/929/sink.smt2,1,0.033966
benchmark/laut/kaluza/356/sink.smt2,0,0.035159
benchmark/laut/kaluza/84/sink.smt2,1,0.038939
benchmark/laut/kaluza/1070/sink.smt2,1,0.026162
benchmark/laut/kaluza/103/sink.smt2,1,0.035872
benchmark/laut/kaluza/719/sink.smt2,1,0.019333
benchmark/laut/kaluza/940/sink.smt2,0,0.020588
benchmark/laut/kaluza/1165/sink.smt2,0,0.017171
benchmark/laut/kaluza/1936/sink.smt2,1,0.018292
benchmark/laut/kaluza/409/sink.smt2,1,0.019124
benchmark/laut/kaluza/1072/sink.smt2,1,0.019224
benchmark/laut/kaluza/1419/sink.smt2,0,0.019376
benchmark/laut/kaluza/897/sink.smt2,1,0.018106
benchmark/laut/kaluza/1792/sink.smt2,1,0.019408
benchmark/laut/kaluza/480/sink.smt2,1,0.034490
benchmark/laut/kaluza/1705/sink.smt2,0,0.037855
benchmark/laut/kaluza/1154/sink.smt2,0,0.076327
benchmark/laut/kaluza/1298/sink.smt2,1,0.035564
benchmark/laut/kaluza/779/sink.smt2,0,0.034318
benchmark/laut/kaluza/1187/sink.smt2,1,0.036145
benchmark/laut/kaluza/1157/sink.smt2,1,0.018634
benchmark/laut/kaluza/1547/sink.smt2,0,0.018348
benchmark/laut/kaluza/1118/sink.smt2,1,0.033861
benchmark/laut/kaluza/1306/sink.smt2,0,0.018029
benchmark/laut/kaluza/1999/sink.smt2,0,0.017916
benchmark/laut/kaluza/568/sink.smt2,1,0.034723
benchmark/laut/kaluza/883/sink.smt2,0,0.017679
benchmark/laut/kaluza/1779/sink.smt2,0,0.019308
benchmark/laut/kaluza/1628/sink.smt2,1,0.035047
benchmark/laut/kaluza/332/sink.smt2,1,0.018333
benchmark/laut/kaluza/818/sink.smt2,1,0.043489
benchmark/laut/kaluza/957/sink.smt2,0,0.019300
benchmark/laut/kaluza/12/sink.smt2,0,0.018189
benchmark/laut/kaluza/1450/sink.smt2,1,0.018421
benchmark/laut/kaluza/425/sink.smt2,0,0.016569
benchmark/laut/kaluza/569/sink.smt2,0,0.015690
benchmark/laut/kaluza/1538/sink.smt2,0,0.019198
benchmark/laut/kaluza/1611/sink.smt2,0,0.020047
benchmark/laut/kaluza/43/sink.smt2,0,0.018961
benchmark/laut/kaluza/177/sink.smt2,1,0.017229
benchmark/laut/kaluza/1640/sink.smt2,1,0.034287
benchmark/laut/kaluza/82/sink.smt2,1,0.066604
benchmark/laut/kaluza/1284/sink.smt2,0,0.021037
benchmark/laut/kaluza/169/sink.smt2,1,0.019509
benchmark/laut/kaluza/1447/sink.smt2,0,0.019597
benchmark/laut/kaluza/1380/sink.smt2,1,0.035408
benchmark/laut/kaluza/1803/sink.smt2,1,0.033310
benchmark/laut/kaluza/1263/sink.smt2,0,0.016730
benchmark/laut/kaluza/191/sink.smt2,1,0.033016
benchmark/laut/kaluza/632/sink.smt2,1,0.034450
benchmark/laut/kaluza/610/sink.smt2,1,0.033397
benchmark/laut/kaluza/1345/sink.smt2,0,0.017717
benchmark/laut/kaluza/667/sink.smt2,1,0.018223
benchmark/laut/kaluza/1017/sink.smt2,1,0.018272
benchmark/laut/kaluza/426/sink.smt2,0,0.018443
benchmark/laut/kaluza/315/sink.smt2,1,0.034099
benchmark/laut/kaluza/916/sink.smt2,0,0.018933
benchmark/laut/kaluza/1570/sink.smt2,0,0.018193
benchmark/laut/kaluza/767/sink.smt2,1,0.035756
benchmark/laut/kaluza/1423/sink.smt2,1,0.017565
benchmark/laut/kaluza/531/sink.smt2,1,0.017517
benchmark/laut/kaluza/1657/sink.smt2,1,0.017757
benchmark/laut/kaluza/1860/sink.smt2,1,0.046249
benchmark/laut/kaluza/1731/sink.smt2,0,0.016372
benchmark/laut/kaluza/1012/sink.smt2,0,0.032184
benchmark/laut/kaluza/1914/sink.smt2,1,0.038332
benchmark/laut/kaluza/464/sink.smt2,1,0.035825
benchmark/laut/kaluza/614/sink.smt2,1,0.037108
benchmark/laut/kaluza/1579/sink.smt2,0,0.036330
benchmark/laut/kaluza/721/sink.smt2,0,0.020626
benchmark/laut/kaluza/871/sink.smt2,1,0.019389
benchmark/laut/kaluza/572/sink.smt2,1,0.034029
benchmark/laut/kaluza/755/sink.smt2,0,0.018709
benchmark/laut/kaluza/1483/sink.smt2,0,0.017514
benchmark/laut/kaluza/1967/sink.smt2,0,0.018955
benchmark/laut/kaluza/565/sink.smt2,0,0.019291
benchmark/laut/kaluza/504/sink.smt2,0,0.043939
benchmark/laut/kaluza/1718/sink.smt2,1,0.017096
benchmark/laut/kaluza/1421/sink.smt2,1,0.038561
benchmark/laut/kaluza/1910/sink.smt2,1,0.035124
benchmark/laut/kaluza/553/sink.smt2,0,0.035250
benchmark/laut/kaluza/1073/sink.smt2,1,0.043436
benchmark/laut/kaluza/334/sink.smt2,1,0.034394
benchmark/laut/kaluza/989/sink.smt2,1,0.019557
benchmark/laut/kaluza/1125/sink.smt2,0,0.016245
benchmark/laut/kaluza/641/sink.smt2,0,0.020548
benchmark/laut/kaluza/1856/sink.smt2,1,0.039517
benchmark/laut/kaluza/331/sink.smt2,1,0.038956
benchmark/laut/kaluza/1008/sink.smt2,1,0.032917
benchmark/laut/kaluza/560/sink.smt2,1,0.019571
benchmark/laut/kaluza/463/sink.smt2,0,0.016355
benchmark/laut/kaluza/541/sink.smt2,1,0.020590
benchmark/laut/kaluza/511/sink.smt2,1,0.039823
benchmark/laut/kaluza/1488/sink.smt2,1,0.039701
benchmark/laut/kaluza/1491/sink.smt2,0,0.040637
benchmark/laut/kaluza/1044/sink.smt2,0,0.020856
benchmark/laut/kaluza/433/sink.smt2,1,0.032542
benchmark/laut/kaluza/1088/sink.smt2,1,0.034395
benchmark/laut/kaluza/1059/sink.smt2,1,0.018332
benchmark/laut/kaluza/1912/sink.smt2,1,0.017992
benchmark/laut/kaluza/1535/sink.smt2,1,0.034984
benchmark/laut/kaluza/812/sink.smt2,1,0.018844
benchmark/laut/kaluza/1566/sink.smt2,0,0.016087
benchmark/laut/kaluza/139/sink.smt2,1,0.036002
benchmark/laut/kaluza/1326/sink.smt2,1,0.036333
benchmark/laut/kaluza/867/sink.smt2,1,0.035527
benchmark/laut/kaluza/260/sink.smt2,0,0.018551
benchmark/laut/kaluza/729/sink.smt2,1,0.035281
benchmark/laut/kaluza/772/sink.smt2,0,0.034900
benchmark/laut/kaluza/1938/sink.smt2,0,0.018932
benchmark/laut/kaluza/410/sink.smt2,1,0.018477
benchmark/laut/kaluza/1027/sink.smt2,0,0.017831
benchmark/laut/kaluza/1982/sink.smt2,0,0.017826
benchmark/laut/kaluza/642/sink.smt2,0,0.020112
benchmark/laut/kaluza/1993/sink.smt2,0,0.037014
benchmark/laut/kaluza/1238/sink.smt2,1,0.035126